chu_lemma|orv_lemma|pos|lcs_lemma|conj_type
и|и|C-|i|
и|и|Pp|jь|jь
бꙑти|быти|V-|byti|byti
себе|себе|Pk|sę|sę
въ|въ|R-|vъ|
же|же|Df|že|
не|не|Df|ne|
на|на|R-|na|
отъ|отъ|R-|otъ|
азъ|азъ|Pp|azъ|azъ
глаголати|глаголати|V-|golgolati|52
рещи|речи|V-|reћi|11
иже|иже|Pr|jьže|jьže
сь|сь|Pd|sь|sь
вьсь|вьсь|Px|vьxь|vьxь
тꙑ|ты|Pp|ty|ty
мои|мои|Ps|mojь|pron_soft
свои|свои|Pt|svojь|pron_soft
къ|къ|R-|kъ|
ꙗко|яко|G-|ako|
твои|твои|Ps|tvojь|pron_soft
богъ|богъ|Nb|bogъ|masc_o
бо|бо|Df|bo|
господь|господь|Nb|gospodь|masc_i
и|и|Df|i|
съ|съ|R-|sъ|
вꙑ|ты|Pp|ty|ty
о|о|R-|o|
да|да|G-|da|
исоусъ|исусъ|Ne|jisusъ|masc_o_u
видѣти|видѣти|V-|viděti|viděti
нъ|нъ|C-|nъ|
прити|приити|V-|prijьti|jьti
по|по|R-|po|
сътворити|сътворити|V-|sъtvoriti|40
аще|аче|G-|aћe|
имѣти|имѣти|V-|jьměti|have
свѧтъ|святыи|A-|svętъ|adj_hard
мꙑ|азъ|Pp|azъ|azъ
онъ|онъ|Pd|onъ|pron_hard
ити|ити|V-|jьti|jьti
оубо|убо|Df|ubo|
мъногъ|мъногыи|A-|mъnogъ|adj_hard
чловѣкъ|человѣкъ|Nb|čьlověkъ|masc_o
дьнь|дьнь|Nb|dьnь|den
отьць|отьць|Nb|otьkь|masc_o_PV3
а|а|C-|a|
дати|дати|V-|dati|dati
чьто|чьто|Pi|čьto|čьto
ѥдинъ|одинъ|Ma|jedinъ|pron_hard
сꙑнъ#1|сынъ|Nb|synъ|masc_u
слово|слово|Nb|slovo|nt_S
ли|ли|Du|li|
творити|творити|V-|tvoriti|40
божии|божии|A-|božьjь|adj_ij
хотѣти|хотѣти|V-|xotěti|will
землꙗ|земля|Nb|zemĺǢ|fem_ja
ни|ни|C-|ni|
слꙑшати|слышати|V-|slyšǢti|31
нашь|нашь|Ps|našь|pron_soft
ѥгда|егда|Dq|jegъda|
отъвѣщати|отъвѣчати|V-|otъvěћǢti|54
оученикъ|ученикъ|Nb|učenikъ|masc_o
имѧ|имя|Nb|jьmę|nt_N
вѣдѣти|вѣдѣти|V-|věděti|wote
рѫка|рука|Nb|rǫka|fem_a
христ(ос)ъ|христ(ос)ъ|Ne|xristosъ|masc_o
мощи|мочи|V-|moћi|11
ради|ради|R-|radi|
ꙗко#2|яко|Df|ako|
цѣсарь|цѣсарь|Nb|kěsaŕь|masc_ar
вашь|вашь|Ps|vašь|pron_soft
се|се|I-|se|
градъ|городъ|Nb|gordъ|masc_o
доуша|душа|Nb|dušǢ|fem_ja
небо|небо|Nb|nebo|nt_S
ꙗко#1|яко|Df|ako|
тако|тако|Df|tako|
доухъ|духъ|Nb|duxъ|masc_o
ꙗкоже|якоже|Dq|akože|
како|како|Du|kako|
тъгда|тъгда|Df|tъgъda|
вънити|вънити|V-|vъnjьti|jьti
молити|молити|V-|modliti|40
прѣдъ|передъ|R-|perdъ|
рабъ|рабъ|Nb|orbъ|masc_o
посълати|посълати|V-|posъlati|52
народъ|народъ|Nb|narodъ|masc_o
домъ|домъ|Nb|domъ|masc_u
пакꙑ|пакы|Df|paky|
срьдьце|сьрдьце|Nb|sŕ̥dьke|nt_o_PV3
изити|изити|V-|jьzjьti|jьti
мѣсто|мѣсто|Nb|město|nt_o
слава|слава|Nb|slava|fem_a
повелѣти|повелѣти|V-|povelěti|31
самъ|самъ|Pd|samъ|pron_hard
тоу|ту|Df|tu|
възѧти|възяти|V-|vъzęti|12
обрѣсти|обрѣсти|V-|obrěsti|rěsti
сила|сила|Nb|sila|fem_a
до|до|R-|do|
къто|къто|Pi|kъto|kъto
вѣра|вѣра|Nb|věra|fem_a
въстати|въстати|V-|vъstati|stati
ѩзꙑкъ|языкъ|Nb|językъ|masc_o
дъва|дъва|Ma|dъva|pron_hard
абиѥ|абие|Df|abьje|
нꙑнѣ|нынѣ|Df|nyně|
жена|жена|Nb|žena|fem_a
добръ|добрыи|A-|dobrъ|adj_hard
мѫжь|мужь|Nb|mǫžь|masc_ju
из|из|R-|jьz|voice_assim_prep
великъ|великыи|A-|velikъ|adj_hard
пѫть|путь|Nb|pǫtь|masc_i
зълъ|зълыи|A-|zъlъ|adj_hard
господьнь|господьнь|A-|gospodьńь|adj_soft
дѣло|дѣло|Nb|dělo|nt_o_S
оставити|оставити|V-|ostaviti|40
вьсꙗкъ|вьсякыи|A-|vьxakъ|pron_hard
чловѣчьскъ|человѣчьскыи|A-|čьlověčьskъ|adj_hard
молитва|молитва|Nb|modlitva|fem_a
за|за|R-|za|
око|око|Nb|oko|oko
гласъ|голосъ|Nb|golsъ|masc_o
тѣло|тѣло|Nb|tělo|nt_S
блаженъ|блаженыи|A-|bolženъ|adj_hard
прѣдати|передати|V-|perdati|dati
ꙗсти|ясти|V-|jǢsti|eat
десѧть|десять|Ma|desętь|ten
разоумѣти|разумѣти|V-|orzuměti|32
вѣровати|вѣровати|V-|věrovati|61
без|без|R-|bez|voice_assim_prep
никътоже|никътоже|Px|nikъtože|kъtože
ѩти|яти|V-|jęti|12
ли|ли|C-|li|
црькꙑ|цьркы|Nb|kŕ̥ky|fem_uu
начѧти|начати|V-|načęti|12
паче|паче|Df|pače|
пророкъ|пророкъ|Nb|prorokъ|masc_o
съмрьть|съмьрть|Nb|sъmŕ̥tь|fem_i
лице|лице|Nb|like|nt_o_PV3
дроугъ|другыи|A-|drugъ|adj_hard
цѣсарьствиѥ|цѣсарьствие|Nb|kěsaŕьstvьje|nt_jo
грѧсти|грясти|V-|gręsti|11
иоанъ|иоанъ|Ne|ijoanъ|masc_o
ничьтоже|ничьтоже|Px|ničьtože|čьtože
аминъ|аминъ|I-|aminь|
врѣмѧ|веремя|Nb|vermę|nt_N
истина|истина|Nb|jьstina|fem_a
вода|вода|Nb|voda|fem_a
ни|ни|Df|ni|
съпасти#1|съпасти#1|V-|sъpasti|11
нога|нога|Nb|noga|fem_a
ангелъ|ангелъ|Nb|anǵelъ|masc_o
огнь|огнь|Nb|ogńь|masc_jo
то|то|Df|to|
бѣсъ|бѣсъ|Nb|běsъ|masc_o
законъ|законъ|Nb|zakonъ|masc_o
милость|милость|Nb|milostь|fem_i
или|или|C-|ili|
родъ|родъ|Nb|rodъ|masc_o
искати|искати|V-|jьskati|iskati
хлѣбъ|хлѣбъ|Nb|xlěbъ|masc_o
петръ|петръ|Ne|petrъ|masc_o_u
оуслꙑшати|услышати|V-|uslyšǢti|31
грѣхъ|грѣхъ|Nb|grěxъ|masc_o
положити|положити|V-|položiti|40
врагъ|ворогъ|Nb|vorgъ|masc_o
оумрѣти|умерети|V-|umerti|13
миръ#2|миръ|Nb|mirъ|masc_o
мати|мати|Nb|mati|fem_R
благъ|благыи|A-|bolgъ|adj_hard
мрьтвъ|мьртвыи|A-|mŕ̥tvъ|adj_hard
лѣто|лѣто|Nb|lěto|nt_o
жити|жити|V-|žiti|11
братръ|братръ|Nb|bratrъ|masc_o
кꙑи|кыи|Pi|kъjь|kъjь
къто|къто|Px|kъto|kъto
коньць|коньць|Nb|konьkь|masc_o_PV3
ѕѣло|зѣло|Df|gělo|
стоꙗти|стояти|V-|stojǢti|31
ѡ|о|I-|o|
послоушати|послушати|V-|poslušǢti|54
ꙗкоже|якоже|G-|akože|
авити|явити|V-|aviti|40
ходити|ходити|V-|xoditi|40
гора|гора|Nb|gora|fem_a
нарицати|нарицати|V-|narikati|54
кънѧѕь|кънязь|Nb|kъnęgь|masc_o_PV3
привести|привести|V-|privesti|11
пристѫпити|приступити|V-|pristǫpiti|40
оучитель|учитель|Nb|učiteĺь|masc_tel
чоудо|чудо|Nb|čudo|nt_S
ли|ли|Df|li|
прѣжде|переже|Df|perђe|
просити|просити|V-|prositi|40
гробъ|гробъ|Nb|grobъ|masc_o
съпасениѥ|съпасение|Nb|sъpasenьje|nt_jo
оузьрѣти|узьрѣти|V-|uzьrěti|31
събьрати|събьрати|V-|sъbьrati|51_abl
правьда|правьда|Nb|pravьda|fem_a
морѥ|море|Nb|moŕe|nt_jo
отъврѣщи|отъверечи|V-|otъverћi|14
образъ|образъ|Nb|obrazъ|masc_o
велии|велии|A-|velьjь|adj_ij
оучити|учити|V-|učiti|40
бꙑвати|бывати|V-|byvati|54
възвратити|възворотити|V-|vъzvortiti|40
погоубити|погубити|V-|pogubiti|40
заповѣдь|заповѣдь|Nb|zapovědь|fem_i
риза|риза|Nb|riza|fem_a
любити|любити|V-|ĺubiti|40
боꙗти|бояти|V-|bojǢti|31
плодъ|плодъ|Nb|plodъ|masc_o
избавити|избавити|V-|jьzbaviti|40
приимати|приимати|V-|prijьmati|52_abl
иѥроусалимъ|иерусалимъ|Ne|ijerusalimъ|masc_o
отъпоустити|отъпустити|V-|otъpustiti|40
нощь|ночь|Nb|noћь|fem_i
да|да|C-|da|
малъ|малыи|A-|malъ|adj_hard
христ(ос)овъ|христ(ос)овъ|A-|xristosovъ|adj_hard
сѣдѣти|сѣдѣти|V-|sěděti|31
дроугъ|другъ|Pc|drugъ|adj_hard
животъ|животъ|Nb|životъ|masc_o
мьнѣти|мьнѣти|V-|mьněti|31
дрьжати|дьржати|V-|dŕ̥žǢti|31
глава|голова|Nb|golva|fem_a
стати|стати|V-|stati|stati
правьдьнъ|правьдьныи|A-|pravьdьnъ|adj_hard
възлюбити|възлюбити|V-|vъžĺubiti|40
оба|оба|Ma|oba|pron_hard
кръвь|кръвь|Nb|kry|fem_uu
архиереи|архиереи|Nb|arъx́ijerejь|masc_jo_foreign
плъть|плъть|Nb|plъtь|fem_i
пѧть|пять|Ma|pętь|fem_i
принести|принести|V-|prinesti|11
обратити|оборотити|V-|obvortiti|40
аще|аче|Df|aћe|
кънигꙑ|кънига|Nb|kъńiga|fem_a
ѥще|еще|Df|ješče|
пьсати|пьсати|V-|pьsati|52_abl
показати|показати|V-|pokazati|52
оубити|убити|V-|ubiti|17
знамениѥ|знамение|Nb|znamenьje|nt_jo
камꙑ|камы|Nb|kamy|masc_N
страна|сторона|Nb|storna|fem_a
притъча|притъча|Nb|pritъčǢ|fem_ja
призъвати|призъвати|V-|prizъvati|51_abl
владꙑка|владыка|Nb|voldyka|masc_a
при|при|R-|pri|
живъ|живыи|A-|živъ|adj_hard
овъ|овъ|Pd|ovъ|pron_hard
нарещи|нарещи|V-|nareћi|11
исповѣдѣти|исповѣдѣти|V-|jьspověděti|wote
оувѣдѣти|увѣдѣти|V-|uvěděti|wote
старьць|старьць|Nb|starьkь|masc_o_PV3
пити|пити|V-|piti|17
свѣтъ#1|свѣтъ|Nb|světъ|masc_o
болии|болии|A-|boĺь|adj_soft_comp
дрѣво|дерево|Nb|dervo|nt_S
житиѥ|житие|Nb|žitьje|nt_jo
даръ|даръ|Nb|darъ|masc_o_u
оумъ|умъ|Nb|umъ|masc_o
мариꙗ|мария|Ne|marijǢ|fem_ja
часъ|часъ|Nb|čǢsъ|masc_o
чѧдо|чадо|Nb|čędo|nt_o
плакати#1|плакати|V-|plakati|52
съказати|съказати|V-|sъkazati|54
пасти#1|пасти#1|V-|pasti|11
кънижьникъ|кънижьникъ|Nb|kъńižьnikъ|masc_o
сице|сице|Df|sike|
етеръ|етеръ|Px|jeterъ|adj_hard
испльнити|испълнити|V-|jьspĺ̥niti|40
прѣбꙑвати|прѣбывати|V-|perbyvati|54
тьмьница|тьмьница|Nb|tьmьnika|fem_a_PV3
такожде|такоже|Df|takoђe|
поставити|поставити|V-|postaviti|40
радость|радость|Nb|radostь|fem_i
страхъ|страхъ|Nb|straxъ|masc_o
пилатъ|пилатъ|Ne|pilatъ|masc_o_u
волꙗ|воля|Nb|voĺǢ|fem_ja
достоинъ|достоиныи|A-|dostojьnъ|adj_hard
мѫченикъ|мученикъ|Nb|mǫčenikъ|masc_o
сѫбота|субота|Nb|sǫbota|fem_a
ѥлико|елико|Pr|jeliko|
оубоꙗти|убояти|V-|ubojǢti|31
родити#1|родити|V-|roditi|40
иже|иже|Pd|jьže|jьže
истиньнъ|истиньныи|A-|jьstinьnъ|adj_hard
въпросити|въспросити|V-|vъsprositi|40
оу|у|R-|u|
даꙗти|даяти|V-|dajǢti|53
ꙗко|яко|Dq|ako|
корабль|корабль|Nb|korabĺь|masc_jo
исходити|исходити|V-|jьsxoditi|40
вести#1|вести|V-|vesti|11
оупъвати|упъвати|V-|upъvati|54
въздати|въздати|V-|vъzdati|dati
въпрашати|въпрашати|V-|vъprašǢti|54
симонъ|симонъ|Ne|simonъ|masc_o
надъ|надъ|R-|nadъ|
въврѣщи|въврѣщи|V-|vъverћi|14
нищь|нищии|A-|nišћь|adj_soft
село|село|Nb|selo|nt_o
сѣсти|сѣсти|V-|sěsti|infix_11
псалъмъ|псалъмъ|Nb|pъsalъmъ|masc_o
подобати|подобати|V-|podobati|54
чьсть|чьсть|Nb|čьstь|fem_i
дьньсь|дьньсь|Df|dьnьsь|
новъ|новыи|A-|novъ|adj_hard
миръ#1|миръ|Nb|mirъ|masc_o
бити|бити|V-|biti|17
наоучити|научити|V-|naučiti|40
грѣшьникъ|грѣшьникъ|Nb|grěšьnikъ|masc_o
хвала|хвала|Nb|xvala|fem_a
лежати|лежати|V-|ležǢti|31
оухо|ухо|Nb|uxo|oko
радовати|радовати|V-|radovati|61
поѩти|пояти|V-|pojęti|12
сънити|сънити|V-|sъnjьti|jьti
съвѧзати|съвязати|V-|sъvęzati|52
доньде|доньдеже|G-|dońьdeže|
воинъ|воинъ|Nb|vojinъ|masc_o
помѧнѫти|помянути|V-|pomęnǫti|22
цѣсарьство|цѣсарьство|Nb|kěsaŕьstvo|nt_o
приходити|приходити|V-|prixoditi|40
ицѣлити|исцѣлити|V-|jьskěliti|40
възвѣстити|възвѣстити|V-|vъzvěstiti|40
носити|носити|V-|nositi|40
подъ|подъ|R-|podъ|
двьрь|двьрь|Nb|dvьrь|fem_i
гнѣвъ|гнѣвъ|Nb|gněvъ|masc_o
давꙑдъ|давыдъ|Ne|davydъ|masc_o_u
съто|съто|Ma|sъto|nt_o
диꙗволъ|дияволъ|Nb|dijǢvolъ|masc_o
познати|познати|V-|poznati|54
поустꙑни|пустыни|Nb|pustyńi|fem_ji
воѥвода|воевода|Nb|vojevoda|masc_a
чисти|чисти|V-|čisti|ьt
подобьнъ|подобьныи|A-|podobьnъ|adj_hard
иꙗковъ|ияковъ|Ne|ijǢkovъ|masc_o
вꙑшьнь|вышьнии|A-|vyšьńь|adj_soft
възьрѣти|възьрѣти|V-|vъzьrěti|31
еда|еда|Du|jeda|
мѫчити|мучити|V-|mǫčiti|40
оуготовати|уготовати|V-|ugotovati|54
слоуга|слуга|Nb|sluga|masc_a
сѫдити|судити|V-|sǫditi|40
съконьчати|съконьчати|V-|sъkonьčǢti|54
вьсь|вьсь|Nb|vьsь|fem_i
чьто|чьто|Px|čьto|čьto
болѣзнь|болѣзнь|Nb|bolěznь|fem_i
проповѣдати|проповѣдати|V-|propovědati|54
помиловати|помиловати|V-|pomilovati|61
славити|славити|V-|slaviti|40
глаголъ|глаголъ|Nb|golgolъ|masc_o
оутврьдити|утвьрдити|V-|utvŕ̥diti|40
поклонити|поклонити|V-|pokloniti|40
възискати|възискати|V-|vъziskati|iskati
хвалити|хвалити|V-|xvaliti|40
крьстити|крьстити|V-|krьstiti|40
обаче|обаче|Df|obače|
чьстьнъ|чьстьныи|A-|čьstьnъ|adj_hard
апостолъ|апостолъ|Nb|apostolъ|masc_o
власть|волость|Nb|volstь|fem_i
възнести|възнести|V-|vъznesti|11
съхранити|съхоронити|V-|sъxorniti|40
изгънати|изгънати|V-|jьzgъnati|51_abl
благословити|благословити|V-|bolgosloviti|40
овьца|овьца|Nb|ovьka|fem_a_PV3
дроугъ|другъ|Nb|drugъ|masc_o
рѣка|рѣка|Nb|rěka|fem_a
възъпити|възъпити|V-|vъzъpiti|17
прѣити|переити|V-|per+jьti|jьti
зъвати|зъвати|V-|zъvati|51_abl
прѣбꙑти|перебыти|V-|perbyti|pref_byti
иосифъ|иосифъ|Ne|ijosifъ|masc_o_u
понѥже|понеже|G-|pońeže|
дивити|дивити|V-|diviti|40
крьстъ|крьстъ|Nb|krьstъ|masc_o
въпити|въпити|V-|vъpiti|17
пѣснь|пѣснь|Nb|pěsnь|fem_i
жизнь|жизнь|Nb|žiznь|fem_i
исповѣдати|исповѣдати|V-|jьspovědati|54
седмь|седмь|Ma|sedmь|fem_i
дъщи|дъчи|Nb|dъћi|fem_R
июда|июда|Ne|ijuda|masc_a
пасха|пасха|Nb|pasxa|fem_a
съзьдати|съзьдати|V-|sъzьdati|52_abl
оубогъ|убогыи|A-|ubogъ|adj_hard
слъньце|сълньце|Nb|sl̥nьke|nt_o_PV3
жрьтва|жьртва|Nb|žŕ̥tva|fem_a
богатъ|богатыи|A-|bogatъ|adj_hard
въскрьснѫти|въскрьснути|V-|vъskrьsnǫti|21
помолити|помолити|V-|pomodliti|40
врата|врата|Nb|vorto|nt_o
печаль|печаль|Nb|pečǢlь|fem_i
възмощи|възмощи|V-|vъzmoћi|11
деснъ|десныи|A-|desnъ|adj_hard
тьма#1|тьма|Nb|tьma|fem_a
сѣти|сѣяти|V-|sějǢti|53
мъного|мъного|Df|mъnogo|
съвѣтъ|съвѣтъ|Nb|sъvětъ|masc_o
вѣрьнъ|вѣрьныи|A-|věrьnъ|adj_hard
прѣжде|переже|R-|perђe|
благодѣть|благодѣть|Nb|bolgodětь|fem_i
погꙑбнѫти|погыбнути|V-|pogybnǫti|21
възъвати|възъвати|V-|vъzъvati|51_abl
разоумъ|разумъ|Nb|orzumъ|masc_o
оучениѥ|учение|Nb|učenьje|nt_jo
ꙗкоже|якоже|Df|akože|
нечистъ|нечистыи|A-|nečistъ|adj_hard
приближити|приближити|V-|približiti|40
камениѥ|камение|Nb|kamenьje|nt_jo
сѣмѧ|сѣмя|Nb|sěmę|nt_N
добрѣ|добрѣ|Df|dobrě|
ꙗко|яко|Df|ako|
избьрати|избьрати|V-|jьzbьrati|51_abl
пѣти|пѣти|V-|pěti|19
почьто|почьто|Du|počьto|
четꙑрe|четыре|Ma|četyre|four
павьлъ|павьлъ|Ne|pavьlъ|masc_o_u
прѣподобьнъ|прѣподобьныи|A-|perpodobьnъ|adj_hard
ненавидѣти|ненавидѣти|V-|nenaviděti|viděti
слѣдъ|слѣдъ|Nb|slědъ|masc_o
слѣпъ|слѣпыи|A-|slěpъ|adj_hard
имѣниѥ|имѣние|Nb|jьměnьje|nt_jo
таковъ|таковыи|A-|takovъ|adj_hard
прославити|прославити|V-|proslaviti|40
трѣбовати|трѣбовати|V-|terbovati|61
повѣдѣти|повѣдѣти|V-|pověděti|wote
ва|ты|Pp|ty|ty
съвѣдѣтельствовати|съвѣдѣтельствовати|V-|sъvěděteĺьstvovati|61
приложити|приложити|V-|priložiti|40
поустити|пустити|V-|pustiti|40
съньмище|съньмище|Nb|sъnьmišče|nt_jo
възложити|възложити|V-|vъzložiti|40
тъкъмо#2|тъкъмо#2|Df|tъkъmo|
година|година|Nb|godina|fem_a
страсть|страсть|Nb|strastь|fem_i
небесьнъ|небесьныи|A-|nebesьnъ|adj_hard
любꙑ|любы|Nb|ĺuby|fem_uu
насꙑтити|насытити|V-|nasytiti|40
възвеселити|възвеселити|V-|vъzveseliti|40
срѣда|середа|Nb|serda|fem_a
мѣсѧць|мѣсяць|Nb|měsękь|masc_o_PV3
облѣщи|облѣщи|V-|obvelћi|15
адъ|адъ|Nb|adъ|masc_o
съмрьтьнъ|съмьртьныи|A-|sъmŕ̥tьnъ|adj_hard
авѣ|явѣ|Df|avě|
знати|знати|V-|znati|54
дѣвица|дѣвица|Nb|děvika|fem_a_PV3
блюсти|блюсти|V-|bĺusti|11
троудъ|трудъ|Nb|trudъ|masc_o
вино|вино|Nb|vino|nt_o
въкоупѣ|въкупѣ|Df|vъkupě|
съпати|съпати|V-|sъpati|sleep
ибо|ибо|Df|ibo|
правьдьникъ|правьдьникъ|Nb|pravьdьnikъ|masc_o
господинъ|господинъ|Nb|gospodinъ|masc_o
горѥ|горе|I-|goŕe|
тещи|тещи|V-|teћi|11
мъножьство|мъножьство|Nb|mъnožьstvo|nt_o
въходити|въходити|V-|vъxoditi|40
разбоиникъ|розбоиникъ|Nb|orzbojьnikъ|masc_o
покаꙗниѥ|покаяние|Nb|pokajǢnьje|nt_jo
осѫдити|осудити|V-|osǫditi|40
болѣти|болѣти|V-|bolěti|31
сльза|сльза|Nb|slьza|fem_a
посрѣдѣ|посрѣдѣ|R-|poserdě|
дѣлатель|дѣлатель|Nb|dělateĺь|masc_tel
съпасъ|съпасъ|Nb|sъpasъ|masc_o
достоꙗти|достояти|V-|dostojǢti|31
прострѣти|простерети|V-|prosterti|13
запрѣтити|запрѣтити|V-|zapertiti|40
бѣжати|бѣжати|V-|běžǢti|31
таинъ|таиныи|A-|tajьnъ|adj_hard
съкроушити|съкрушити|V-|sъkrušiti|40
вънъ|вънъ|Df|vъnъ|
остати|остати|V-|ostati|stati
изгонити|изгонити|V-|jьzgoniti|40
вѣтръ|вѣтръ|Nb|větrъ|masc_o
вина|вина|Nb|vina|fem_a
навꙑкнѫти|навыкнути|V-|navyknǫti|21
повѣдати|повѣдати|V-|povědati|54
шесть|шесть|Ma|šestь|fem_i
раздѣлити|роздѣлити|V-|orzděliti|40
помощь|помочь|Nb|pomoћь|fem_i
въздвигнѫти|въздвигнути|V-|vъzdvignǫti|21
слоужити|служити|V-|služiti|40
полъ#1|полъ#1|Nb|polъ|masc_u
коупьно|купьно|Df|kupьno|
третии|третии|Mo|tretьjь|adj_soft_ord
пропѧти|пропяти|V-|propęti|12
орѫжиѥ|оружие|Nb|orǫžьje|nt_jo
звѣрь|звѣрь|Nb|zvěrь|masc_i
повелѣниѥ|повелѣние|Nb|povelěnьje|nt_jo
грѣшьнъ|грѣшьныи|A-|grěšьnъ|adj_hard
приносити|приносити|V-|prinositi|40
хранити|хоронити|V-|xorniti|40
съгрѣшити|съгрѣшити|V-|sъgrěšiti|40
послѣдьнии|послѣдьнии|A-|poslědьńь|adj_soft
отрокъ|отрокъ|Nb|otrokъ|masc_o
илиꙗ|илия|Ne|ilijǢ|masc_ja
потомь|потомь|Df|potomь|
виноградъ|виноградъ|Nb|vinogordъ|masc_o
въвести|въвести|V-|vъvesti|11
безакониѥ|безаконие|Nb|bezakonьje|nt_jo
съврьшити|съвьршити|V-|sъvŕ̥šiti|40
лютъ|лютыи|A-|ĺutъ|adj_hard
къжьдо|къжьдо|Px|kъžьdo|kъžьdo
затворити|затворити|V-|zatvoriti|40
пещи|печи|V-|peћi|11
мало|мало|Df|malo|
извести#1|извести|V-|jьzvesti|11
съкрꙑти|съкрыти|V-|sъkryti|18
облакъ|облакъ|Nb|obvolkъ|masc_o
правъ|правыи|A-|pravъ|adj_hard
възити|възити|V-|vъzjьti|jьti
помꙑшлꙗти|помышляти|V-|pomyšĺǢti|54
прочь|прочии|A-|pročь|adj_soft
въспѣти|въспѣти|V-|vъspěti|19
зависть|зависть|Nb|zavistь|fem_i
нѣкꙑи|нѣкыи|Px|někъjь|kъjь
побѣдити|побѣдити|V-|poběditi|40
обꙑчаи|обычаи|Nb|obyčǢjь|masc_jo
подати|подати|V-|podati|dati
покаꙗти|покаяти|V-|pokajǢti|53
клѧти|кляти|V-|klęti|12
памѧть|память|Nb|pamętь|fem_i
сильнъ|сильныи|A-|silьnъ|adj_hard
доуховьнъ|духовьныи|A-|duxovьnъ|adj_hard
имати|имати|V-|jьmati|52_abl
доити#2|доити|V-|dojьti|jьti
близъ|близъ|R-|blizъ|
чистъ|чистыи|A-|čistъ|adj_hard
свѣтьлъ|свѣтьлыи|A-|světьlъ|adj_hard
въпасти|въпасти|V-|vъpasti|11
разорити|разорити|V-|orzoriti|40
трапеза|трапеза|Nb|trapeza|fem_a
велѣти|велѣти|V-|velěti|31
бесѣдовати|бесѣдовати|V-|besědovati|61
еи|еи|I-|????|
отъкѫдоу|отъкуду|Du|otъkǫdu|
трьпѣти|тьрпѣти|V-|tŕ̥pěti|31
постꙑдѣти|постыдѣти|V-|postyděti|31
надѣꙗти|надѣяти|V-|nadějǢti|53
бѣда|бѣда|Nb|běda|fem_a
иродъ|иродъ|Ne|irodъ|masc_o_u
колико|колико|Du|koliko|
страньнъ|стороньныи|A-|stornьnъ|adj_hard
веселити|веселити|V-|veseliti|40
отъпоущати|отъпущати|V-|otъpušћǢti|54
пътица|пътица|Nb|pъtika|fem_a_PV3
иона|иона|Ne|ijona|masc_a
чрѣво|черево|Nb|červo|nt_o
льсть|льсть|Nb|lьstь|fem_i
крьщениѥ|крьщение|Nb|krьšћenьje|nt_jo
събирати|събирати|V-|sъbirati|54
прѣдаꙗти|передаяти|V-|perdajǢti|53
авраамъ|авраамъ|Ne|avraamъ|masc_o
вѣ|азъ|Pp|azъ|azъ
дѣти|дѣти|Nb|dětь|fem_i
праздьникъ|праздьникъ|Nb|porzdьnikъ|masc_o
нечьстивъ|нечьстивыи|A-|nečьstivъ|adj_hard
храмъ|хоромъ|Nb|xormъ|masc_o
слоужьба|служьба|Nb|služьba|fem_a
вельми|вельми|Df|velьmi|
въсхотѣти|въсхотѣти|V-|vъsxotěti|will
пища|пища|Nb|piћǢ|fem_ja
таина|таина|Nb|tajьna|fem_a
рꙑба|рыба|Nb|ryba|fem_a
родитель|родитель|Nb|roditeĺь|masc_tel
чаꙗти|чаяти|V-|čǢjǢti|53
брашьно|брашьно|Nb|boršьno|nt_o
пострадати|пострадати|V-|postradati|52
разгнѣвати|розгнѣвати|V-|orzgněvati|54
завѣтъ|завѣтъ|Nb|zavětъ|masc_o
сънъ|сънъ|Nb|sъnъ|masc_o
кꙑи|кыи|Px|kъjь|kъjь
славьнъ|славьныи|A-|slavьnъ|adj_hard
съподобити|съподобити|V-|sъpodobiti|40
евангелиѥ|евангелие|Nb|evanǵelьje|nt_jo
прѣстолъ|прѣстолъ|Nb|perstolъ|masc_o
николиже|николиже|Df|nikoliže|
страдати|страдати|V-|stradati|52
недѫгъ|недугъ|Nb|nedǫgъ|masc_o
одръ|одръ|Nb|odrъ|masc_o
чаша|чаша|Nb|čǢšǢ|fem_ja
зьрѣти|зьрѣти|V-|zьrěti|31
забꙑти|забыти|V-|zabyti|pref_byti
колѣно|колѣно|Nb|kolěno|nt_o
готовъ|готовыи|A-|gotovъ|adj_hard
рана|рана|Nb|rana|fem_a
тварь|тварь|Nb|tvarь|fem_i
мꙑтарь|мытарь|Nb|mytaŕь|masc_ar
десница|десница|Nb|desnika|fem_a_PV3
сьребро|сьребро|Nb|sьrebro|nt_o
възвести|възвести|V-|vъzvesti|11
богатьство|богатьство|Nb|bogatьstvo|nt_o
старѣишина|старѣишина|Nb|starějьšina|masc_a
съкровище|съкровище|Nb|sъkrovišče|nt_jo
сърѣсти|сърѣсти|V-|sъrěsti|rěsti
съмѧсти|съмясти|V-|sъmęsti|11
сквозѣ|сквозѣ|R-|skvozě|
талантъ|талантъ|Nb|talanъtъ|masc_o
область|оболость|Nb|obvolstь|fem_i
въскрѣшениѥ|въскрѣшение|Nb|vъskrěšenьje|nt_jo
поити|поити|V-|pojьti|jьti
неже|неже|Df|neže|
дрьжава|дьржава|Nb|dŕ̥žǢva|fem_a
щоуждь|чужии|A-|ћuђь|adj_soft
противѫ|противу|R-|protivǫ|
възлежати|възлежати|V-|vъzležǢti|31
съсѫдъ|съсудъ|Nb|sъsǫdъ|masc_o
слоухъ|слухъ|Nb|sluxъ|masc_o
писмѧ|письмя|Nb|pisьmę|nt_N
възгласити|възгласити|V-|vъzgolsiti|40
колижьдо|колижьдо|Df|koližьdo|
неправьдьнъ|неправьдьныи|A-|nepravьdьnъ|adj_hard
мѫдрость|мудрость|Nb|mǫdrostь|fem_i
помощи|помочи|V-|pomoћi|11
дѣлати|дѣлати|V-|dělati|54
съвѣдѣниѥ|съвѣдѣние|Nb|sъvěděnьje|nt_jo
прикоснѫти|прикоснути|V-|prikosnǫti|22
събꙑти|събыти|V-|sъbyti|pref_byti
избꙑти|избыти|V-|jьzbyti|pref_byti
еда|еда|G-|jeda|
вѣньць|вѣньць|Nb|věnьkь|masc_o_PV3
ꙗрость|ярость|Nb|jǢrostь|fem_i
оставлꙗти|оставляти|V-|ostavĺǢti|54
чловѣчь|человѣчии|A-|čьlověčь|adj_soft
въложити|въложити|V-|vъložiti|40
обрѣтати|обрѣтати|V-|obrětati|54
чоудити|чудити|V-|čuditi|40
съмѣрити|съмѣрити|V-|sъměriti|40
въсходити|въсходити|V-|vъsxoditi|40
дивьнъ|дивьныи|A-|divьnъ|adj_hard
крѣпость|крѣпость|Nb|krěpostь|fem_i
девѧть|девять|Ma|devętь|fem_i
трьниѥ|тьрние|Nb|tŕ̥nьje|nt_jo
ветъхъ|ветъхыи|A-|vetъxъ|adj_hard
покрꙑти|покрыти|V-|pokryti|18
възалъкати|възалъкати|V-|vъzolkati|52
сестра|сестра|Nb|sestra|fem_a
междоу|межу|R-|meђu|
црькъвьнъ|цьркъвьныи|A-|kŕ̥kъvьnъ|adj_hard
когда|къгда|Du|kъgъda|
бъдѣти|бъдѣти|V-|bъděti|31
дворъ|дворъ|Nb|dvorъ|masc_o
распѧти|распяти|V-|orspęti|12
ѫза|уза|Nb|ǫza|fem_a
помꙑслити|помыслити|V-|pomysliti|40
отъвѣтъ|отъвѣтъ|Nb|otъvětъ|masc_o
изволити|изволити|V-|jьzvoliti|40
стадо|стадо|Nb|stado|nt_o
зълоба|зълоба|Nb|zъloba|fem_a
мьзда|мьзда|Nb|mьzda|fem_a
отрочѧ|отроча|Nb|otročę|nt_NT
скръбь|скърбь|Nb|skr̥bь|fem_i
нагъ|нагыи|A-|nagъ|adj_hard
мльчати|мълчати|V-|mĺ̥čǢti|31
ребро|ребро|Nb|rebro|nt_o
никакоже|никакоже|Df|nikakože|
рѣчь|рѣчь|Nb|rěčь|fem_i
осмь|осмь|Ma|osmь|fem_i
минѫти|минути|V-|minǫti|22
помꙑшлѥниѥ|помышление|Nb|pomyšĺenьje|nt_jo
зѫбъ|зубъ|Nb|zǫbъ|masc_o
прьвѣѥ|пьрвѣе|Df|pŕ̥věje|
кланꙗти|кланяти|V-|klańǢti|54
ослабити|ослабити|V-|oslabiti|40
далече|далече|Df|daleče|
поврѣщи|поврѣщи|V-|poverћi|14
тамо|тамо|Df|tamo|
въдати|въдати|V-|vъdati|dati
прьстъ|пьрстъ|Nb|pŕ̥stъ|masc_o
мимоити|мимоити|V-|mimojьti|jьti
бесѣда|бесѣда|Nb|besěda|fem_a
ѫтроба|утроба|Nb|ǫtroba|fem_a
неправьда|неправьда|Nb|nepravьda|fem_a
сионъ|сионъ|Ne|sijonъ|masc_o
чинъ|чинъ|Nb|činъ|masc_o_u
авлꙗти|являти|V-|avĺǢti|54
земьнъ|земьныи|A-|zemьnъ|adj_hard
цѣлити|цѣлити|V-|kěliti|40
злато|золото|Nb|zolto|nt_o
възглаголати|възглаголати|V-|vъzgolgolati|52
крѣпъкъ|крѣпъкыи|A-|krěpъkъ|adj_hard
кость|кость|Nb|kostь|fem_i
прѣльстити|перельстити|V-|perlьstiti|40
призьрѣти|призьрѣти|V-|prizьrěti|31
кровъ|кровъ|Nb|krovъ|masc_o
сѣть|сѣть|Nb|sětь|fem_i
нѫжда|нужа|Nb|nǫђǢ|fem_ja
въселити|въселити|V-|vъsedliti|40
вънѧти|въняти|V-|vъnęti|12
тьмьнъ|тьмьныи|A-|tьmьnъ|adj_hard
постити|постити|V-|postiti|40
свѣтильникъ|свѣтильникъ|Nb|světilьnikъ|masc_o
прѣдѣлъ|прѣдѣлъ|Nb|perdělъ|masc_o
въскѫѭ|въскую|Du|vъskǫjǫ|
прѣмѫдрость|прѣмудрость|Nb|permǫdrostь|fem_i
коупити|купити|V-|kupiti|40
варити|варити|V-|variti|40
оустьна|устьна|Nb|ustьna|fem_a
зълѣ|зълѣ|Df|zъlě|
прѣтити|прѣтити|V-|pertiti|40
искоусити|искусити|V-|jьskusiti|40
веселиѥ|веселие|Nb|veselьje|nt_jo
доброта|доброта|Nb|dobrota|fem_a
страшьнъ|страшьныи|A-|strašьnъ|adj_hard
ѥже|еже|G-|ježe|
оуподобити|уподобити|V-|upodobiti|40
помазати|помазати|V-|pomazati|52
оумꙑти|умыти|V-|umyti|18
плачь|плачь|Nb|plačь|masc_i
жѧтва|жатва|Nb|žętva|fem_a
кротъкъ|кротъкыи|A-|krotъkъ|adj_hard
поустъ|пустыи|A-|pustъ|adj_hard
видѣниѥ|видѣние|Nb|viděnьje|nt_jo
доколѣ|доколѣ|Du|dokolě|
обличити|обличити|V-|obličiti|40
достоꙗниѥ|достояние|Nb|dostojǢnьje|nt_jo
брань|боронь|Nb|bornь|fem_i
съвѣдѣтельство|съвѣдѣтельство|Nb|sъvěděteĺьstvo|nt_o
отъвѣщавати|отъвѣщавати|V-|otъvěћǢvati|54
благодать|благодать|Nb|bolgodatь|fem_i
одрьжати|одьржати|V-|odŕ̥žǢti|31
трьпѣниѥ|тьрпѣние|Nb|tŕ̥pěnьje|nt_jo
безаконьнъ|безаконьныи|A-|bezakonьnъ|adj_hard
мѫчениѥ|мучение|Nb|mǫčenьje|nt_jo
дѣва|дѣва|Nb|děva|fem_a
развѣ|развѣ|R-|razvě|
възненавидѣти|възненавидѣти|V-|vъznenaviděti|viděti
тъкъмо#1|тъкъмо#1|Df|tъkъmo|
лѫкавъ|лукавыи|A-|lǫkavъ|adj_hard
съмотрити|съмотрити|V-|sъmotriti|40
възлещи|възлещи|V-|vъzleћi|infix_11
прѣходити|переходити|V-|perxoditi|40
отътѫдоу|отътуду|Df|otъtǫdu|
рѫгати|ругати|V-|rǫgati|54
филипъ|филипъ|Ne|filipъ|masc_o
занѥ|зане|G-|zańe|
приобрѣсти|приобрѣсти|V-|priobrěsti|rěsti
въкоусити|въкусити|V-|vъkusiti|40
съходити|съходити|V-|sъxoditi|40
кратъ|кратъ|Nb|kortъ|masc_o
зьдати|зьдати|V-|zьdati|52_abl
даже|даже|G-|daže|
мьнии|мьнии|A-|mьńь|adj_soft_comp
оустроити|устроити|V-|ustrojiti|40
оумъножити|умъножити|V-|umъnožiti|40
мꙑсль|мысль|Nb|myslь|fem_i
оупъваниѥ|упъвание|Nb|upъvanьje|nt_jo
скоро|скоро|Df|skoro|
мѫдръ|мудрыи|A-|mǫdrъ|adj_hard
исаиꙗ|исаия|Ne|isajijǢ|masc_ja
погрети|погрети|V-|pogreti|11
сѣмо|сѣмо|Df|sěmo|
вꙑꙗ|выя|Nb|vъjǢ|fem_ja
чѧсть|часть|Nb|čęstь|fem_i
полагати|полагати|V-|polagati|54
въскорѣ|въскорѣ|Df|vъskorě|
съмѣрѥниѥ|съмѣрение|Nb|sъměŕenьje|nt_jo
потрѣбити|потрѣбити|V-|poterbiti|40
зане|зане|G-|zańe|
сѫдьба|судьба|Nb|sǫdьba|fem_a
милостивъ|милостивыи|A-|milostivъ|adj_hard
оударити|ударити|V-|udariti|40
простъ|простыи|A-|prostъ|adj_hard
коснѫти|коснути|V-|kosnǫti|22
пасти#2|пасти#2|V-|pasti|11
мечь|мечь|Nb|mečь|masc_jo
пришьствиѥ|пришьствие|Nb|prišьstvьje|nt_jo
отъстѫпити|отъступити|V-|otъstǫpiti|40
исповѣданиѥ|исповѣдание|Nb|jьspovědanьje|nt_jo
обѣщати|обѣщати|V-|obvěћǢti|54
одежда|одежа|Nb|odeђǢ|fem_ja
храмина|хоромина|Nb|xormina|fem_a
нѣмъ|нѣмыи|A-|němъ|adj_hard
огньнъ|огньныи|A-|ogńьnъ|adj_hard
продати|продати|V-|prodati|dati
сътѧѕати|сътязати|V-|sъtęgati|54
проити|проити|V-|projьti|jьti
въспѧть|въспять|Df|vъspętь|
различьнъ|различьныи|A-|orzličьnъ|adj_hard
источьникъ|источьникъ|Nb|jьstočьnikъ|masc_o
нѣкъто|нѣкъто|Px|někъto|kъto
оуклонити|уклонити|V-|ukloniti|40
влъхвъ|вълхвъ|Nb|vl̥xvъ|masc_o
иѥреи|иереи|Nb|ijerejь|masc_jo_foreign
помощьникъ|помощьникъ|Nb|pomoћьnikъ|masc_o
исправити|исправити|V-|jьspraviti|40
власъ|волосъ|Nb|volsъ|masc_o
напасть|напасть|Nb|napastь|fem_i
хоула|хула|Nb|xula|fem_a
глѫбина|глубина|Nb|glǫbina|fem_a
отълѫчити|отълучити|V-|otъlǫčiti|40
како|како|Df|kako|
вꙑсокъ|высокыи|A-|vysokъ|adj_hard
съвѣщати|съвѣщати|V-|sъvěšћǢti|54
длъжьнъ|дължьныи|A-|dl̥žьnъ|adj_hard
оскврьнити|осквьрнити|V-|oskvŕ̥niti|40
покорити|покорити|V-|pokoriti|40
раждещи|раждещи|V-|oržǯeћi|11
пещера|печера|Nb|peћera|fem_a
мꙑслити|мыслити|V-|mysliti|40
свѧтити|святити|V-|svętiti|40
ни|ни|I-|ni|
коньчина|коньчина|Nb|konьčina|fem_a
съблазнити|съблазнити|V-|sъblazniti|40
крьститель|крьститель|Nb|krьstiteĺь|masc_tel
нѫдити|нудити|V-|nǫditi|40
младьньць|младьньць|Nb|moldьnьkь|masc_o_PV3
продаꙗти|продаяти|V-|prodajǢti|53
искоушати|искушати|V-|jьskušǢti|54
прогнѣвати|прогнѣвати|V-|progněvati|54
юноша|юноша|Nb|junošǢ|masc_ja
отьчь|отьчии|A-|otьčь|adj_soft
захариꙗ|захария|Ne|zaxarijǢ|masc_ja
вьсегда|вьсегда|Df|vьxegъda|
съвлѣщи|съволочи|V-|sъvelћi|15
стрѣщи|стеречи|V-|sterћi|11
сѣнь|сѣнь|Nb|sěnь|fem_i
старъ|старыи|A-|starъ|adj_hard
свѣща|свѣща|Nb|sveћǢ|fem_ja
испрьва|испьрва|Df|jьspŕ̥va|
коньчати|коньчати|V-|konьčǢti|54
наставити|наставити|V-|nastaviti|40
кротость|кротость|Nb|krotostь|fem_i
прѣложити|переложити|V-|perložiti|40
жилище|жилище|Nb|žilišče|nt_jo
съмѣрѥнъ|съмѣреныи|A-|sъměŕenъ|adj_hard
съблюсти|съблюсти|V-|sъbĺusti|11
лихъ|лихыи|A-|lixъ|adj_hard
очистити|очистити|V-|očistiti|40
просвѣтити|просвѣтити|V-|prosvětiti|40
въскрѣсити|въскрѣсити|V-|vъskrěsiti|40
отъдати|отъдати|V-|otъdati|dati
чоути|чути|V-|čuti|čuti
работати|роботати|V-|orbotati|54
одѣти|одѣти|V-|oděti|dedj
свиниꙗ|свиния|Nb|svinьjǢ|fem_ja
змиꙗ|змия|Nb|zmьjǢ|fem_ja
лъжь|лъжии|A-|lъžь|adj_soft
влькъ|вълкъ|Nb|vĺ̥kъ|masc_o
вльна|вълна|Nb|vĺ̥na|fem_a
заповѣдати|заповѣдати|V-|zapovědati|54
съньмъ|съньмъ|Nb|sъnьmъ|masc_o
въсадити|въсадити|V-|vъsaditi|40
раздрѣшити|раздрѣшити|V-|orzrěšiti|40
оумльчати|умълчати|V-|umĺ̥čǢti|31
прозьрѣти|прозьрѣти|V-|prozьrěti|31
оудрьжати|удьржати|V-|udŕ̥žǢti|31
отъселѣ|отъселѣ|Df|otъselě|
гнѣвати|гнѣвати|V-|gněvati|54
оумирати|умирати|V-|umirati|54
стꙑдѣти|стыдѣти|V-|styděti|31
львъ|львъ|Nb|lьvъ|masc_o
сладъкъ|сладъкыи|A-|soldъkъ|adj_hard
въсхвалити|въсхвалити|V-|vъsxvaliti|40
правьдивъ|правьдивыи|A-|pravьdivъ|adj_hard
оудъ|удъ|Nb|udъ|masc_u
обити#1|обити|V-|objьti|jьti
отъпасти|отъпасти|V-|otъpasti|11
прѣлюбꙑ|прѣлюбы|Nb|perĺuby|fem_uu
пагоуба|пагуба|Nb|paguba|fem_a
поздѣ|поздѣ|Df|pozdě|
женихъ|женихъ|Nb|ženixъ|masc_o
пастꙑрь|пастырь|Nb|pastyŕь|masc_jo
цѣлъ|цѣлыи|A-|kělъ|adj_hard
оукрасити|украсити|V-|ukrasiti|40
вънѣ|вънѣ|Df|vъně|
прѣстати|перестати|V-|perstati|stati
почисти|почисти|V-|počisti|ьt
приближати|приближати|V-|približǢti|54
съвѣдѣтель|съвѣдѣтель|Nb|sъvěděteĺь|masc_tel
вечеръ|вечеръ|Nb|večerъ|masc_o
проклѧти|прокляти|V-|proklęti|12
похвалити|похвалити|V-|poxvaliti|40
божьство|божьство|Nb|božьstvo|nt_o
римьскъ|римьскыи|A-|rimьskъ|adj_hard
бракъ|бракъ|Nb|bьrakъ|masc_o
възимати|възимати|V-|vъzьmati|52_abl
клѧтва|клятва|Nb|klętva|fem_a
напльнити|напълнити|V-|napĺ̥niti|40
похоть|похоть|Nb|poxotь|fem_i
вънимати|вънимати|V-|vъnьmati|52_abl
пьсъ|пьсъ|Nb|pьsъ|masc_o
испꙑтати|испытати|V-|jьspytati|54
гонити|гонити|V-|goniti|40
сънѣсти|сънѣсти|V-|sъněsti|pref_eat
побѣда|побѣда|Nb|poběda|fem_a
пьшеница|пьшеница|Nb|pьšenika|fem_a_PV3
заповѣдѣти|заповѣдѣти|V-|zapověděti|wote
вьдовица|вьдовица|Nb|vьdovika|fem_a_PV3
пльнъ|пълныи|A-|pĺ̥nъ|adj_hard
хоулити|хулити|V-|xuliti|40
сътѫжати|сътужати|V-|sъtǫžǢti|54
дрьзнѫти|дьрзнути|V-|dŕ̥znǫti|21
жьдати|жьдати|V-|žьdati|51_abl
поношениѥ|поношение|Nb|ponošenьje|nt_jo
гръдъ|гърдыи|A-|gr̥dъ|adj_hard
потрѣба|потрѣба|Nb|poterba|fem_a
застѫпьникъ|заступьникъ|Nb|zastǫpьnikъ|masc_o
юность|юность|Nb|junostь|fem_i
безоумиѥ|безумие|Nb|bezumьje|nt_jo
лъжа|лъжа|Nb|lъžǢ|fem_ja
троица|троица|Nb|trojika|fem_a_PV3
противити|противити|V-|protiviti|40
отътѫдѣ|отътудѣ|Df|otъtǫdě|
цѣловати|цѣловати|V-|kělovati|61
въсприѩти|въсприяти|V-|vъsprijęti|12
расти|расти|V-|orsti|11
троуждати|тружати|V-|truђǢti|54
слѣпьць|слѣпьць|Nb|slěpьkь|masc_o_PV3
отъкрꙑти|отъкрыти|V-|otъkryti|18
напоити|напоити|V-|napojiti|40
хромъ|хромыи|A-|xromъ|adj_hard
гории|гории|A-|goŕь|adj_soft_comp
противьнъ|противьныи|A-|protivьnъ|adj_hard
невѣрьнъ|невѣрьныи|A-|nevěrьnъ|adj_hard
вещь|вещь|Nb|veћь|fem_i
пѣнѧѕь|пѣнязь|Nb|pěnęgь|masc_o_PV3
мимоходити|мимоходити|V-|mimoxoditi|40
вои|вои|Nb|vojь|masc_jo
кесарь|кесарь|Nb|ḱesaŕь|masc_jo_foreign
ѫже|уже|Nb|ǫže|nt_jo
заоутра|заутра|Df|zautra|
скотъ|скотъ|Nb|skotъ|masc_o
число|число|Nb|čislo|nt_o
прѣклонити|прѣклонити|V-|perkloniti|40
обьщь|обьчии|A-|obьћь|adj_soft
покланꙗти|покланяти|V-|poklańǢti|54
рачити|рачити|V-|račiti|40
мѣра|мѣра|Nb|měra|fem_a
съдравъ|съдоровыи|A-|sъdorvъ|adj_hard
окрьстъ|окрьстъ|R-|okrьstъ|
врачь|врачь|Nb|vьračь|masc_ju
мѣхъ|мѣхъ|Nb|měxъ|masc_o
глоухъ|глухыи|A-|gluxъ|adj_hard
поносити|поносити|V-|ponositi|40
покои|покои|Nb|pokojь|masc_jo
соухъ|сухыи|A-|suxъ|adj_hard
оутро|утро|Df|utro|
въсѣсти|въсѣсти|V-|vъsěsti|infix_11
оужасати|ужасати|V-|užǢsati|54
начѧло|начало|Nb|načęlo|nt_o
ѕвѣзда|звѣзда|Nb|gvězda|fem_a
ножь|ножь|Nb|nožь|masc_jo
оужаснѫти|ужаснути|V-|užǢsnǫti|21
сънѧти|съняти|V-|sъnęti|12
ꙗзва|язва|Nb|jǢzva|fem_a
съпасати|съпасати|V-|sъpasati|54
подвиѕати|подвизати|V-|podvigati|54
начѧтъкъ|начатъкъ|Nb|načętъkъ|masc_o
соуѥтьнъ|суетьныи|A-|sujetьnъ|adj_hard
конь|конь|Nb|końь|masc_jo
небрѣщи|небрѣщи|V-|neberћi|15
пастоухъ|пастухъ|Nb|pastuxъ|masc_o
окаꙗнъ|окаяныи|A-|okajǢnъ|adj_hard
пакость|пакость|Nb|pakostь|fem_i
жѧдати|жадати|V-|žędati|52
никꙑиже|никыиже|Px|nikъjьže|kъjьže
оумѣти|умѣти|V-|uměti|32
прокаженъ|прокаженыи|A-|prokaženъ|adj_hard
сътьникъ|сътьникъ|Nb|sъtьnikъ|masc_o
въстокъ|въстокъ|Nb|vъstokъ|masc_o
западъ|западъ|Nb|zapadъ|masc_o
жьзлъ|жьзлъ|Nb|žьzlъ|masc_o
трьсть|тръсть|Nb|trъstь|fem_i
оуготовити|уготовити|V-|ugotoviti|40
доселѣ|доселѣ|Df|doselě|
оутаити|утаити|V-|utajiti|40
брѣмѧ|брѣмя|Nb|bermę|nt_N
неповиньнъ|неповиньныи|A-|nepovinьnъ|adj_hard
оумолити|умолити|V-|umodliti|40
мѫчитель|мучитель|Nb|mǫčiteĺь|masc_tel
оукрасти|украсти|V-|ukrasti|11
възможьнъ|възможьныи|A-|vъzmožьnъ|adj_hard
нѣчьто|нѣчьто|Px|něčьto|čьto
жрѣбѧ|жеребя|Nb|žerbę|nt_NT
отрѣшити|отрѣшити|V-|otrěšiti|40
авраамль|авраамль|A-|avraamĺь|adj_soft
гладъ|голодъ|Nb|goldъ|masc_o
недостоинъ|недостоиныи|A-|nedostojьnъ|adj_hard
крѣпити|крѣпити|V-|krěpiti|40
тѣлесьнъ|тѣлесьныи|A-|tělesьnъ|adj_hard
слоушати|слушати|V-|slušǢti|54
прилежати|прилежати|V-|priležǢti|31
стоудъ|студъ|Nb|studъ|masc_o
животьнъ|животьныи|A-|životьnъ|adj_hard
вꙑсота|высота|Nb|vysota|fem_a
чоудьнъ|чудьныи|A-|čudьnъ|adj_hard
непорочьнъ|непорочьныи|A-|neporočьnъ|adj_hard
измѣнити|измѣнити|V-|jьzměniti|40
миловати|миловати|V-|milovati|61
прьвоѥ|пьрвое|Df|pŕ̥voje|
врѣдъ|врѣдъ|Nb|verdъ|masc_o
хоудъ|худыи|A-|xudъ|adj_hard
искрьнии|искрьнии|A-|jьskrьńь|adj_soft
съврьшенъ|съвьршеныи|A-|sъvŕ̥šenъ|adj_hard
прошениѥ|прошение|Nb|prošenьje|nt_jo
съгрѣшениѥ|съгрѣшение|Nb|sъgrěšenьje|nt_jo
кольми|кольми|Du|kolьmi|
жѧти|жати|V-|žęti|16
довьлѣти|довьлѣти|V-|dovьlěti|dovleti
коль|коль|Du|kolь|
бѣсьнъ|бѣсьныи|A-|běsьnъ|adj_hard
недѫжьнъ|недужьныи|A-|nedǫžьnъ|adj_hard
оустрьмити|устрьмити|V-|ustrьmiti|40
бѣгати|бѣгати|V-|běgati|54
въстаꙗти|въстаяти|V-|vъstajǢti|53
занѥ|зане|Df|zańe|
разоумѣвати|разумѣвати|V-|orzuměvati|54
пещь|печь|Nb|peћь|fem_i
печальнъ|печальныи|A-|pečǢlьnъ|adj_hard
обидѣти|обидѣти|V-|obviděti|31
послѣдь|послѣдь|Df|poslědь|
наставьникъ|наставьникъ|Nb|nastavьnikъ|masc_o
младъ|молодыи|A-|moldъ|adj_hard
оцьтъ|оцьтъ|Nb|okьtъ|masc_o
стьѕа|стьза|Nb|stьga|fem_a_PV3
сласть|сласть|Nb|solstь|fem_i
стражь|сторожь|Nb|storžь|masc_jo
соль|соль|Nb|solь|fem_i
пооучати|поучати|V-|poučǢti|54
оутврьждениѥ|утвьржение|Nb|utvŕ̥ђenьje|nt_jo
старость|старость|Nb|starostь|fem_i
възвеличити|възвеличити|V-|vъzveličiti|40
подвигнѫти|подвигнути|V-|podvignǫti|21
ѥзеро|озеро|Nb|jezero|nt_o
водьнъ|водьныи|A-|vodьnъ|adj_hard
желати|желати|V-|želati|54
цѣсарьствовати|цѣсарьствовати|V-|kěsaŕьstvovati|61
ижде|иже|Dq|jьђe|
праздьновати|праздьновати|V-|porzdьnovati|61
змии|змии|Nb|zmьjь|masc_jo
дѣтищь|дѣтищь|Nb|dětiščь|masc_jo
вьседрьжитель|вьседьржитель|Nb|vьxedŕ̥žiteĺь|masc_tel
прѣзьрѣти|прѣзьрѣти|V-|perzьrěti|31
оувѣщати|увѣщати|V-|uvěšћǢti|54
съблажнꙗти|съблажняти|V-|sъblažńǢti|54
проповѣдѣти|проповѣдѣти|V-|propověděti|wote
прѣломити|прѣломити|V-|perlomiti|40
избꙑтъкъ|избытъкъ|Nb|jьzbytъkъ|masc_o
когда|къгда|Df|kъgъda|
прѣдъложити|прѣдъложити|V-|perdъložiti|40
квасъ|квасъ|Nb|kvasъ|masc_o
отъсѣщи|отъсѣчи|V-|otъsěћi|11
въмѣстити|въмѣстити|V-|vъměstiti|40
крьщати|крьщати|V-|krьšћǢti|54
обладати|обладати|V-|obvoldati|54
листвиѥ|листвие|Nb|listvьje|nt_jo
двигнѫти|двигнути|V-|dvignǫti|21
избити|избити|V-|jьzbiti|17
вечерꙗ|вечеря|Nb|večeŕǢ|fem_ja
немощьнъ|немочьныи|A-|nemoћьnъ|adj_hard
метати|метати|V-|metati|iskati
авлѥниѥ|явление|Nb|avĺenьje|nt_jo
трепетати|трепетати|V-|trepetati|52
троудити|трудити|V-|truditi|40
ицѣлѥниѥ|исцѣление|Nb|jьskěĺenьje|nt_jo
възносити|възносити|V-|vъznositi|40
горѣти|горѣти|V-|gorěti|31
юнъ|юныи|A-|junъ|adj_hard
лишити|лишити|V-|lišiti|40
пѣниѥ|пѣние|Nb|pěnьje|nt_jo
прѣди|прѣди|Df|perdi|
въздѣти|въздѣти|V-|vъzděti|dedj
горькъ|горькыи|A-|gorьkъ|adj_hard
вѣщати|вѣщати|V-|věšћǢti|54
боурꙗ|буря|Nb|buŕǢ|fem_ja
посѣтити|посѣтити|V-|posětiti|40
агньць|агньць|Nb|agnьkь|masc_o_PV3
зълодѣи|зълодѣи|Nb|zъlodějь|masc_jo
избавлѥниѥ|избавление|Nb|jьzbavĺenьje|nt_jo
бѣлъ|бѣлыи|A-|bělъ|adj_hard
дъждь|дъждь|Nb|dъžђь|masc_jo
напасти|напасти|V-|napasti|11
нести|нести|V-|nesti|11
брѣгъ|берегъ|Nb|bergъ|masc_o
дрьзати|дьрзати|V-|dŕ̥zati|54
пролиꙗти|пролияти|V-|prolьjǢti|53_abl
голѫбь|голубь|Nb|golǫbь|masc_i
польѕа|польза|Nb|polьga|fem_a_PV3
стлъпъ|стълпъ|Nb|stl̥pъ|masc_o
крило|крило|Nb|kridlo|nt_o
оутро|утро|Nb|utro|nt_o
раздьрати|роздьрати|V-|orzdьrati|51_abl
благоволити|благоволити|V-|bolgovoliti|40
вънезаапѫ|вънезаапу|Df|vъnezaapǫ|
безаконьникъ|безаконьникъ|Nb|bezakonьnikъ|masc_o
врѣдити|вередити|V-|verditi|40
годъ|годъ|Nb|godъ|masc_o
благовѣстити|благовѣстити|V-|bolgověstiti|40
изнемощи|изнемощи|V-|jьznemoћi|11
рогъ|рогъ|Nb|rogъ|masc_o
обличати|обличати|V-|obličǢti|54
вьсѫдоу|вьсюду|Df|vьxǫdu|
отъмѣтати|отъмѣтати|V-|otъmětati|54
привлѣщи|приволочи|V-|privelћi|15
поминати|поминати|V-|pominati|54
живити|живити|V-|živiti|40
оумрьтвити|умьртвити|V-|umŕ̥tviti|40
подвигъ|подвигъ|Nb|podvigъ|masc_o
оукрѣпити|укрѣпити|V-|ukrěpiti|40
истьлѣниѥ|истьлѣние|Nb|jьstьlěnьje|nt_jo
брати|бороти|V-|borti|16
насладити|насладити|V-|nasolditi|40
прѣисподьнь|прѣисподьнии|A-|per+jьspodьńь|adj_soft
прѣславьнъ|прѣславьныи|A-|perslavьnъ|adj_hard
оуморити|уморити|V-|umoriti|40
вьсꙗчьскъ|вьсячьскыи|A-|vьxačьskъ|adj_hard
елинъ|елинъ|Nb|elinъ|masc_o
насадити|насадити|V-|nasaditi|40
очищениѥ|очищение|Nb|očišћenьje|nt_jo
отънѫдь|отънудь|Df|otъnǫdь|
ꙗможе|аможе|Dq|amože|
износити|износити|V-|jьznositi|40
плѣвелъ|плѣвелъ|Nb|pelvelъ|masc_o
оукроухъ|укрухъ|Nb|ukruxъ|masc_o
въсоуѥ|въсуе|Df|vъsuje|
морьскъ|морьскыи|A-|moŕьskъ|adj_hard
женити|женити|V-|ženiti|40
скръбѣти|скърбѣти|V-|skr̥běti|31
равьнъ|ровьныи|A-|orvьnъ|adj_hard
негодовати|негодовати|V-|negodovati|61
послоужити|послужити|V-|poslužiti|40
привѧзати|привязати|V-|privęzati|52
тѧжькъ|тяжькыи|A-|tęžьkъ|adj_hard
цѣлованиѥ|цѣлование|Nb|kělovanьje|nt_jo
оубѣжати|убѣжати|V-|uběžǢti|31
алъкати|алъкати|V-|olkati|52
разити|розити|V-|orzjьti|jьti
повиньнъ|повиньныи|A-|povinьnъ|adj_hard
излиха|излиха|Df|jьzlixa|
порѫгати|поругати|V-|porǫgati|54
копиѥ|копие|Nb|kopьje|nt_jo
каꙗти|каяти|V-|kajǢti|53
мѧтежь|мятежь|Nb|mętežь|masc_jo
прѣстоꙗти|перестояти|V-|perstojǢti|31
подаꙗти|подаяти|V-|podajǢti|53
бездъна|бездъна|Nb|bezdъna|fem_a
малꙑ|малы|Df|maly|
мьсть|мьсть|Nb|mьstь|fem_i
стрѣла|стрѣла|Nb|strěla|fem_a
раздроушити|роздрушити|V-|orzrušiti|40
прибѣжище|прибѣжище|Nb|priběžišče|nt_jo
възирати|възирати|V-|vъzirati|54
льстивъ|льстивыи|A-|lьstivъ|adj_hard
немощь|немочь|Nb|nemoћь|fem_i
съставити|съставити|V-|sъstaviti|40
чловѣколюбьць|человѣколюбьць|Nb|čьlověkoĺubьkь|masc_o_PV3
оудобъ|удобыи|A-|udobъ|adj_hard
оугодити|угодити|V-|ugoditi|40
съвѣдѣти|съвѣдѣти|V-|sъvěděti|wote
поимати|поимати|V-|pojьmati|52_abl
неприꙗзнь|неприязнь|Nb|neprijǢznь|fem_i
попьрище|попьрище|Nb|popьrišče|nt_jo
чрьвь|чьрвь|Nb|čŕ̥vь|fem_i
тать|тать|Nb|tatь|masc_i
лоучии|лучии|A-|lučь|adj_soft_comp
попьрати|попьрати|V-|popьrati|51_abl
вънѫтрь|вънутрь|Df|vъnǫtrь|
проходити|проходити|V-|proxoditi|40
оправьдити|оправьдити|V-|opravьditi|40
древлѥ|древле|Df|drevĺe|
постигнѫти|постигнути|V-|postignǫti|21
съжещи|съжещи|V-|sъžeћi|11
съконьчаниѥ|съконьчание|Nb|sъkonьčǢnьje|nt_jo
оусѣкнѫти|усѣкнути|V-|usěknǫti|21
прѣданиѥ|прѣдание|Nb|perdanьje|nt_jo
падати|падати|V-|padati|54
ископати|ископати|V-|jьskopati|54
обѣдъ|обѣдъ|Nb|obědъ|masc_o
осѫждениѥ|осужение|Nb|osǫђenьje|nt_jo
красьнъ|красьныи|A-|krasьnъ|adj_hard
поразити|поразити|V-|poraziti|40
тѫжити|тужити|V-|tǫžiti|40
игемонъ|игемонъ|Nb|iǵemonъ|masc_o
прѣѩти|переяти|V-|per+jęti|12
двиѕати|двизати|V-|dvigati|52
оужасъ|ужасъ|Nb|užǢsъ|masc_o
прикасати|прикасати|V-|prikasati|54
тъщь|тъщии|A-|tъščь|adj_soft
съвѣтьникъ|съвѣтьникъ|Nb|sъvětьnikъ|masc_o
оутврьждати|утвьржати|V-|utvŕ̥ђǢti|54
мꙑшьца|мышьца|Nb|myšьka|fem_a_PV3
благоволѥниѥ|благоволение|Nb|bolgovoĺenьje|nt_jo
дроужина|дружина|Nb|družina|fem_a
основаниѥ|основание|Nb|osnovanьje|nt_jo
възвѣщати|възвѣщати|V-|vъzvěšћǢti|54
безоумьнъ|безумьныи|A-|bezumьnъ|adj_hard
нива|нива|Nb|ńiva|fem_a
прѣпоꙗсати|прѣпоясати|V-|perpojǢsati|52
трѣба|тереба|Nb|terba|fem_a
подражати|подражати|V-|podražǢti|54
оутѣшити|утѣшити|V-|utěšiti|40
вьнегда|вънегда|Dq|vъńegъda|
лѫкъ|лукъ|Nb|lǫkъ|masc_o
сълъгати|сълъгати|V-|sъlъgati|52
призꙑвати|призывати|V-|prizyvati|54
мѣнити|мѣнити|V-|měniti|40
въздоухъ|въздухъ|Nb|vъzduxъ|masc_o
обои|обои|Ma|obojь|pron_soft
доньдеже|доньдеже|G-|dońьdeže|
ѥдъва|едъва|Df|jedъva|
любо|любо|C-|ĺubo|
посрамити|посрамити|V-|posormiti|40
ланита|ланита|Nb|olnita|fem_a
отъвратити|отъворотити|V-|otъvortiti|40
соломонъ|соломонъ|Ne|solomonъ|masc_o
тлѣщи|тлѣщи|V-|telћi|14
основати|основати|V-|osnovati|61
жещи|жечи|V-|žeћi|11
мрьтвьць|мьртвьць|Nb|mŕ̥tvьkь|masc_o_PV3
ожити|ожити|V-|ožiti|11
очищати|очищати|V-|očišћǢti|54
сапогъ|сапогъ|Nb|sapogъ|masc_o
прахъ|порохъ|Nb|porxъ|masc_o
класъ|класъ|Nb|kolsъ|masc_o
елеоньскъ|елеоньскыи|A-|eleonьskъ|adj_hard
съсати|съсати|V-|sъsati|51
людьскъ|людьскыи|A-|ĺudьskъ|adj_hard
величати|величати|V-|veličǢti|54
каиꙗфа|каияфа|Ne|kajijǢfa|masc_a
погребениѥ|погребение|Nb|pogrebenьje|nt_jo
оуспѣти|успѣти|V-|uspěti|32
гънати|гънати|V-|gъnati|51_abl
отьчьство|отьчьство|Nb|otьčьstvo|nt_o
приключити|приключити|V-|prikĺučiti|40
посадити|посадити|V-|posaditi|40
блажити|блажити|V-|bolžiti|40
повиновати|повиновати|V-|povinovati|61
начинати|начинати|V-|načinati|54
искоушениѥ|искушение|Nb|jьskušenьje|nt_jo
чѧсто|часто|Df|čęsto|
съконьчавати|съконьчавати|V-|sъkonьčǢvati|54
заклати|заколоти|V-|zakolti|16
прѣстѫпити|переступити|V-|perstǫpiti|40
пламꙑ|пламы|Nb|polmy|masc_N
погънати|погънати|V-|pogъnati|51_abl
раи|раи|Nb|rajь|masc_jo
камо|камо|Du|kamo|
въсхꙑтити|въсхытити|V-|vъsxytiti|40
раждати|ражати|V-|raђǢti|54
пооучити|поучити|V-|poučiti|40
въздꙑханиѥ|въздыхание|Nb|vъzdyxanьje|nt_jo
стѣна|стѣна|Nb|stěna|fem_a
обращати|обращати|V-|obvorћǢti|54
свѧтꙑни|святыни|Nb|svętyńi|fem_ji
наипаче|наипаче|Df|najьpače|
госпожда|госпожа|Nb|gospoђǢ|fem_ja
хꙑзина|хызина|Nb|xyzina|fem_a
родити|родити|V-|roditi|40
подобити|подобити|V-|podobiti|40
съказаниѥ|съказание|Nb|sъkazanьje|nt_jo
потопъ|потопъ|Nb|potopъ|masc_o
хꙑтрость|хытрость|Nb|xytrostь|fem_i
исходъ|исходъ|Nb|jьsxodъ|masc_o
снѣгъ|снѣгъ|Nb|sněgъ|masc_o
щедрота|щедрота|Nb|ščedrota|fem_a
прѣчистъ|прѣчистыи|A-|perčistъ|adj_hard
ложе|ложе|Nb|lože|nt_jo
оунии|унии|A-|uńь|adj_soft_comp
распѫтиѥ|роспутие|Nb|orspǫtьje|nt_jo
клѣть|клѣть|Nb|klětь|fem_i
трѫсъ|трусъ|Nb|trǫsъ|masc_o
сѫдьнъ|судьныи|A-|sǫdьnъ|adj_hard
праздьнъ|пороздьныи|A-|porzdьnъ|adj_hard
извлѣщи|извлѣщи|V-|jьzvelћi|15
стража|стража|Nb|storžǢ|fem_ja
оубииство|убииство|Nb|ubьjьstvo|nt_o
заблѫдити|заблудити|V-|zablǫditi|40
дъвои|дъвои|Ma|dъvojь|pron_soft
врьхоу|вьрху|R-|vŕ̥xu|
побити|побити|V-|pobiti|17
съмѣти|съмѣти|V-|sъměti|32
вънѣщьнь|вънѣшьнии|A-|vъněšьńь|adj_soft
пророчьскъ|пророчьскыи|A-|proročьskъ|adj_hard
мльнии|мълнии|Nb|mĺ̥dnьji|fem_ji
лоуна|луна|Nb|luna|fem_a
въпль|въпль|Nb|vъpĺь|masc_jo
млъва|мълва|Nb|ml̥va|fem_a
сьребрьникъ|сьребрьникъ|Nb|sьrebrьnikъ|masc_o
пробости|пробости|V-|probosti|11
испоустити|испустити|V-|jьspustiti|40
льстьць|льстьць|Nb|lьstьkь|masc_o_PV3
дивии|дивии|A-|divьjь|adj_soft
рождениѥ|рожение|Nb|roђenьje|nt_jo
почити|почити|V-|počiti|17
гръдꙑни|гърдыни|Nb|gr̥dyńi|fem_ji
възбранити|възборонити|V-|vъzborniti|40
съдѣлати|съдѣлати|V-|sъdělati|54
зачѧти|зачати|V-|začęti|12
въстаниѥ|въстание|Nb|vъstanьje|nt_jo
плѣньникъ|полоньникъ|Nb|pelnьnikъ|masc_o
прѣстаꙗти|прѣстаяти|V-|perstajǢti|53
оуловити|уловити|V-|uloviti|40
въздаꙗти|въздаяти|V-|vъzdajǢti|53
потъщати|потъщати|V-|potъščǢti|31
свободити|свободити|V-|svoboditi|40
иногда|иногда|Df|jьnъgъda|
вѣньчати|вѣньчати|V-|věnьčǢti|54
молѥниѥ|моление|Nb|modĺenьje|nt_jo
оустрашити|устрашити|V-|ustrašiti|40
боꙗзнь|боязнь|Nb|bojǢznь|fem_i
чистота|чистота|Nb|čistota|fem_a
помагати|помагати|V-|pomagati|54
златъ|золотыи|A-|zoltъ|adj_hard
сръдъце|сьрдьце|Nb|sŕ̥dьke|nt_o_PV3
исправлѥниѥ|исправление|Nb|jьspravĺenьje|nt_jo
степеньнъ|степеньныи|A-|stepenьnъ|adj_hard
простити|простити|V-|prostiti|40
дѫбъ|дубъ|Nb|dǫbъ|masc_o
послоушаниѥ|послушание|Nb|poslušǢnьje|nt_jo
ꙗдь|ядь|Nb|jǢdь|fem_i
съврьшати|съвьршати|V-|sъvŕ̥šǢti|54
послѣжде|послѣже|Df|poslěђe|
евангелистъ|евангелистъ|Nb|evanǵelistъ|masc_o
иноплеменьникъ|иноплеменьникъ|Nb|jьnoplemenьnikъ|masc_o
съблазнъ|съблазнъ|Nb|sъblaznъ|masc_o
блѧдь|блядь|Nb|blędь|fem_i
въздрасти|възрасти|V-|vъzorsti|11
съгрѣшати|съгрѣшати|V-|sъgrěšǢti|54
поущати|пущати|V-|pušћǢti|54
възбоудити|възбудити|V-|vъzbuditi|40
жила|жила|Nb|žila|fem_a
оубивати|убивати|V-|ubivati|54
прорещи|проречи|V-|proreћi|11
врѣтище|врѣтище|Nb|vertišče|nt_jo
прѣмѫдръ|прѣмудрыи|A-|permǫdrъ|adj_hard
разоумьнъ|разумьныи|A-|orzumьnъ|adj_hard
овьчѧ|овьча|Nb|ovьčę|nt_NT
бѣсьновати|бѣсьновати|V-|běsьnovati|61
въсиꙗти|въсияти|V-|vъsьjǢti|54
корениѥ|корение|Nb|korenьje|nt_jo
ближьнии|ближьнии|A-|bližьńь|adj_soft
прѣстѫпати|переступати|V-|perstǫpati|54
мъножицеѭ|мъножицею|Df|mъnožikejǫ|
постъ|постъ|Nb|postъ|masc_o
потрьпѣти|потьрпѣти|V-|potŕ̥pěti|31
искони|искони|Df|jьskoni|
женьскъ|женьскыи|A-|ženьskъ|adj_hard
вѧщии|вячии|A-|vęћь|adj_soft_comp
омочити|омочити|V-|omočiti|40
прискръбьнъ|прискърбьныи|A-|priskr̥bьnъ|adj_hard
растрьѕати|растьрзати|V-|orstŕ̥gati|54
жрѣбии|жеребии|Nb|žerbьjь|masc_jo
отъпоущениѥ|отъпущение|Nb|otъpušћenьje|nt_jo
непьщевати|непъщевати|V-|nepъћevati|62
трепетъ|трепетъ|Nb|trepetъ|masc_o
раба|роба|Nb|orba|fem_a
съврьшениѥ|съвьршение|Nb|sъvŕ̥šenьje|nt_jo
величиѥ|величие|Nb|veličьje|nt_jo
падениѥ|падение|Nb|padenьje|nt_jo
лоно|лоно|Nb|lono|nt_o
просвѣщати|просвѣщати|V-|prosvěћǢti|54
волъ|волъ|Nb|volъ|masc_u
прилежьно|прилежьно|Df|priležьno|
ликъ|ликъ|Nb|likъ|masc_o
плѣнити|полонити|V-|pelniti|40
приклонити|приклонити|V-|prikloniti|40
съвꙑше|съвыше|Df|sъvyše|
таи|таи|Df|taji|
наказаниѥ|наказание|Nb|nakazanьje|nt_jo
оцѣстити|оцѣстити|V-|okěstiti|40
красота|красота|Nb|krasota|fem_a
пощѧдѣти|пощадѣти|V-|poščęděti|31
пооучениѥ|поучение|Nb|poučenьje|nt_jo
оудалити|удалити|V-|udaliti|40
гѫсли|гусль|Nb|gǫslь|fem_i
лѣпота|лѣпота|Nb|lěpota|fem_a
тврьдъ|твьрдыи|A-|tvŕ̥dъ|adj_hard
цвѣтъ|цвѣтъ|Nb|květъ|masc_o
бесплътьнъ|бесплътьныи|A-|besplъtьnъ|adj_hard
скврьнавъ|сквьрнавыи|A-|skvŕ̥navъ|adj_hard
безбожьнъ|безбожьныи|A-|bezbožьnъ|adj_hard
оудобь|удобь|Df|udobь|
кръмити#1|кърмити|V-|kr̥miti|40
рѧдъ|рядъ|Nb|rędъ|masc_o_u
ниць|ниць|A-|nikь|masc_o_PV3
климентъ|климентъ|Ne|klimentъ|masc_o
такоже|такоже|Df|takože|
погꙑбати|погыбати|V-|pogybati|52
длъгъ|дългъ|Nb|dl̥gъ|masc_o
длъжьникъ|дължьникъ|Nb|dl̥žьnikъ|masc_o
оутрьнь|утрьнии|A-|utrьńь|adj_soft
брьвьно|брьвьно|Nb|brьvьno|nt_o
поꙗсъ|поясъ|Nb|pojǢsъ|masc_o
прѣтрьпѣти|прѣтьрпѣти|V-|pertŕ̥pěti|31
исконьчати|исконьчати|V-|jьskonьčǢti|54
невѣста|невѣста|Nb|nevěsta|fem_a
кошь|кошь|Nb|košь|masc_jo
толико|толико|Df|toliko|
мѫжьскъ|мужьскыи|A-|mǫžьskъ|adj_hard
бранити|боронити|V-|borniti|40
наслѣдити|наслѣдити|V-|naslěditi|40
ръпътати|ръпътати|V-|rъpъtati|52
шоуи|шуии|A-|šujь|adj_soft
оусъхнѫти|усъхнути|V-|usъxnǫti|21
посꙑлати|посылати|V-|posylati|54
зьданиѥ|зьдание|Nb|zьdanьje|nt_jo
въсплакати|въсплакати|V-|vъsplakati|52
драгъ|дорогыи|A-|dorgъ|adj_hard
почивати|почивати|V-|počivati|54
испросити|испросити|V-|jьsprositi|40
исѣщи|исѣщи|V-|jьssěћi|11
потрѣбьнъ|потрѣбьныи|A-|poterbьnъ|adj_hard
невѣрьствиѥ|невѣрьствие|Nb|nevěrьstvьje|nt_jo
вꙑше|выше|Df|vyše|
повѣсть|повѣсть|Nb|pověstь|fem_i
наити|наити|V-|najьti|jьti
ѫжика|ужика|Nb|ǫžika|fem_a
заимъ|заимъ|Nb|zajьmъ|masc_o
въжещи|въжещи|V-|vъžeћi|11
оуправити|управити|V-|upraviti|40
мьстити|мьстити|V-|mьstiti|40
сѫсѣдъ|сусѣдъ|Nb|sǫsědъ|masc_o
рамо|рамо|Nb|ormo|nt_o
оскѫдѣти|оскудѣти|V-|oskǫděti|32
срамлꙗти|соромляти|V-|sormĺǢti|54
пьрꙗ|пьря|Nb|pьŕǢ|fem_ja
никодимъ|никодимъ|Ne|nikodimъ|masc_o
кꙑи|кыи|Pr|kъjь|kъjь
пьрѣти|пьрѣти|V-|pьrěti|31
льстити|льстити|V-|lьstiti|40
влѣщи|волочи|V-|velћi|15
наказати|наказати|V-|nakazati|52
навести|навести|V-|navesti|11
желаниѥ|желание|Nb|želanьje|nt_jo
избавитель|избавитель|Nb|jьzbaviteĺь|masc_tel
пригвоздити|пригвоздити|V-|prigvozditi|40
похвала|похвала|Nb|poxvala|fem_a
благость|благость|Nb|bolgostь|fem_i
повинѫти|повинути|V-|povinǫti|22
ѥдиноѭ|одиною|Df|jedinojǫ|
врьста|вьрста|Nb|vŕ̥sta|fem_a
прьвъ|пьрвыи|A-|pŕ̥vъ|adj_hard
въводити|въводити|V-|vъvoditi|40
дъска|дъска|Nb|dъska|fem_a
благословлѥниѥ|благословление|Nb|bolgoslovĺenьje|nt_jo
тъма|тьма|Nb|tьma|fem_a
сътѧжати|сътяжати|V-|sъtęžǢti|31
обѣтъ|обѣтъ|Nb|obvětъ|masc_o
врѣщи|врѣщи|V-|verћi|14
красти|красти|V-|krasti|11
житьница|житьница|Nb|žitьnika|fem_a_PV3
лакъть|локъть|Nb|olkъtь|ten
пометати|пометати|V-|pometati|iskati
понести|понести|V-|ponesti|11
разлѫчити|разлучити|V-|orzlǫčiti|40
благовѣстовати|благовѣстовати|V-|bolgověstovati|61
расхꙑтити|расхытити|V-|orsxytiti|40
витати|витати|V-|vitati|54
съложениѥ|съложение|Nb|sъloženьje|nt_jo
мъногоцѣньнъ|мъногоцѣньныи|A-|mъnogokěnьnъ|adj_hard
невѣрьство|невѣрьство|Nb|nevěrьstvo|nt_o
рождьство|рожьство|Nb|roђьstvo|nt_o
водити|водити|V-|voditi|40
прѣдьнь|передьнии|A-|perdьńь|adj_soft
зима|зима|Nb|zima|fem_a
ковьчегъ|ковьчегъ|Nb|kovьčegъ|masc_o
расточити|росточити|V-|orstočiti|40
въторицеѭ|въторицею|Df|vъtorikejǫ|
приставити|приставити|V-|pristaviti|40
сѫботьнъ|суботьныи|A-|sǫbotьnъ|adj_hard
медъ|медъ|Nb|medъ|masc_u
припадати|припадати|V-|pripadati|54
ицѣлꙗти|исцѣляти|V-|jьskěĺǢti|54
сирѣчь|сирѣчь|Df|sirěčь|
разврѣсти|разврѣсти|V-|orzversti|14
дѣвьство|дѣвьство|Nb|děvьstvo|nt_o
хлъмъ|хълмъ|Nb|xl̥mъ|masc_o
оклеветати|оклеветати|V-|oklevetati|54
довольнъ|довольныи|A-|dovolьnъ|adj_hard
вънести|вънести|V-|vъnesti|11
вѧзати|вязати|V-|vęzati|52
строупъ|струпъ|Nb|strupъ|masc_o
досаждати|досажати|V-|dosaђǢti|54
истръгнѫти|истъргнути|V-|jьstr̥gnǫti|21
изнести|изнести|V-|jьznesti|11
гражданинъ|горожанинъ|Nb|gorђǢninъ|masc_anin
потъ|потъ|Nb|potъ|masc_o
съмѫтити|съмутити|V-|sъmǫtiti|40
кѫпѣль|купѣль|Nb|kǫpělь|fem_i
просльзити|просльзити|V-|proslьziti|40
лоза|лоза|Nb|loza|fem_a
свѣтило|свѣтило|Nb|světidlo|nt_o
грътань|гъртань|Nb|gr̥tanь|masc_i
вражии|вражии|A-|voržьjь|adj_soft
хрьбьтъ|хрьбьтъ|Nb|xrьbьtъ|masc_o
прилагати|прилагати|V-|prilagati|54
строи|строи|Nb|strojь|masc_jo
вънѣ|вънѣ|R-|vъně|
ратьникъ|ратьникъ|Nb|ortьnikъ|masc_o
приити|приити|V-|prijьti|jьti
коуръ|куръ|Nb|kurъ|masc_o
чрьноризьць|чьрноризьць|Nb|čŕ̥norizьkь|masc_o_PV3
приводити|приводити|V-|privoditi|40
елиньскъ|елиньскыи|A-|elinьskъ|adj_hard
даровати|даровати|V-|darovati|61
съпаситель|съпаситель|Nb|sъpasiteĺь|masc_tel
прибѣгати|прибѣгати|V-|priběgati|54
грѣховьнъ|грѣховьныи|A-|grěxovьnъ|adj_hard
плѣнъ|полонъ|Nb|pelnъ|masc_o
подъножиѥ|подъножие|Nb|podъnožьje|nt_jo
сиꙗти|сияти|V-|sьjǢti|54
маловѣръ|маловѣрыи|A-|malověrъ|adj_hard
осѫждати|осужати|V-|osǫђǢti|54
лютѣ|лютѣ|Df|ĺutě|
покрꙑвати|покрывати|V-|pokryvati|54
попелъ|попелъ|Nb|popelъ|masc_o
гонениѥ|гонение|Nb|gońenьje|nt_jo
зелиѥ|зелие|Nb|zelьje|nt_jo
отьчьствиѥ|отьчьствие|Nb|otьčьstvьje|nt_jo
въспросити|въспросити|V-|vъsprositi|40
вечеръ|вечеръ|Df|večerъ|
милосрьдъ|милосьрдыи|A-|milosŕ̥dъ|adj_hard
пѫчина|пучина|Nb|pǫčina|fem_a
родити#2|родити|V-|roditi|40
неоудобь|неудобь|Df|neudobь|
приставьникъ|приставьникъ|Nb|pristavьnikъ|masc_o
постилати|постилати|V-|postilati|54
висѣти|висѣти|V-|visěti|31
съблюдати|съблюдати|V-|sъbĺudati|54
възлагати|възлагати|V-|vъzlagati|54
проливати|проливати|V-|prolivati|54
въздрѣмати|въздрѣмати|V-|vъzdrěmati|52
оугасати|угасати|V-|ugasati|54
рабꙑни|рабыни|Nb|orbyńi|fem_ji
злъчь|зълчь|Nb|zĺ̥čь|fem_i
одѣниѥ|одѣние|Nb|oděnьje|nt_jo
наимьникъ|наимьникъ|Nb|najьmьnikъ|masc_o
съкроушати|съкрушати|V-|sъkrušǢti|54
мазати|мазати|V-|mazati|52
тъщаниѥ|тъщание|Nb|tъščǢnьje|nt_jo
коли|коли|Df|koli|
притещи|притещи|V-|priteћi|11
въздъхнѫти|въздъхнути|V-|vъzdъxnǫti|21
ѥликоже|еликоже|Dq|jelikože|
пѣна|пѣна|Nb|pěna|fem_a
прѣдъити|прѣдъити|V-|perdъjьti|jьti
низъ|низъ|Df|nizъ|
обрѫчити|обручити|V-|obrǫčiti|40
июдовъ|июдовъ|A-|ijudovъ|adj_hard
прьвѣньць|пьрвѣньць|Nb|pŕ̥věnьkь|masc_o_PV3
врьхъ|вьрхъ|Nb|vŕ̥xъ|masc_u
прѣмльчати|прѣмълчати|V-|permĺ̥čǢti|31
шоумъ|шумъ|Nb|šumъ|masc_o
ловитва|ловитва|Nb|lovitva|fem_a
поꙗсти|поясти|V-|pojǢsti|eat
прѣдъстоꙗти|прѣдъстояти|V-|perdъstojǢti|31
вражьда|вражьда|Nb|voržьda|fem_a
вьчера|вьчера|Df|vьčera|
вълазити|вълазити|V-|vъlaziti|40
съмѫщати|съмущати|V-|sъmǫћǢti|54
сиръ|сирыи|A-|sirъ|adj_hard
потокъ|потокъ|Nb|potokъ|masc_o
нечьстиѥ|нечьстие|Nb|nečьstьje|nt_jo
прьсть|пьрсть|Nb|pŕ̥stь|fem_i
запрѣщениѥ|запрѣщение|Nb|zaperћenьje|nt_jo
поставлꙗти|поставляти|V-|postavĺǢti|54
въскликнѫти|въскликнути|V-|vъskliknǫti|22
жѧжда|жажа|Nb|žęђǢ|fem_ja
оковати|оковати|V-|okovati|61
пролити|пролити|V-|proliti|17
икона|икона|Nb|ikona|fem_a
освѣтити|освѣтити|V-|osvětiti|40
щедръ|щедрыи|A-|ščedrъ|adj_hard
готовити|готовити|V-|gotoviti|40
похоулити|похулити|V-|poxuliti|40
сверѣпъ|сверѣпыи|A-|sverěpъ|adj_hard
како|како|Dq|kako|
отъбѣжати|отъбѣжати|V-|otъběžǢti|31
доушевьнъ|душевьныи|A-|duševьnъ|adj_hard
лѣность|лѣность|Nb|lěnostь|fem_i
наслѣдовати|наслѣдовати|V-|naslědovati|61
сѣно|сѣно|Nb|sěno|nt_o
широкъ|широкыи|A-|širokъ|adj_hard
обимати|обимати|V-|obьmati|52_abl
въливати|въливати|V-|vъlivati|54
зади|зади|Df|zadi|
вѣсть|вѣсть|Nb|věstь|fem_i
мѣдь|мѣдь|Nb|mědь|fem_i
отътрѧсти|отътрясти|V-|otъtręsti|11
сълати|сълати|V-|sъlati|52
рꙑдати|рыдати|V-|rydati|54
коуповати|куповати|V-|kupovati|61
отъстоꙗти|отъстояти|V-|otъstojǢti|31
дань|дань|Nb|danь|fem_i
обѣсити|обѣсити|V-|obvěsiti|40
чии|чии|Pi|čьjь|pron_soft
блѫдити|блудити|V-|blǫditi|40
доити#1|доити|V-|dojiti|40
възлиꙗти|възлияти|V-|vъzlьjǢti|53_abl
пожьдати|пожьдати|V-|požьdati|51_abl
цѣна|цѣна|Nb|kěna|fem_a
нарочитъ|нарочитыи|A-|naročitъ|adj_hard
напаꙗти|напаяти|V-|napajǢti|54
знаменати|знаменати|V-|znamenati|54
зракъ|зракъ|Nb|zorkъ|masc_o
симоновъ|симоновъ|A-|simonovъ|adj_hard
съглѧдати|съглядати|V-|sъględati|54
потаити|потаити|V-|potajiti|40
осолити|осолити|V-|osoliti|40
дрѧхлъ|дряхлыи|A-|dręxlъ|adj_hard
жрѣбьць|жеребьць|Nb|žerbьkь|masc_o_PV3
кѫпина|купина|Nb|kǫpina|fem_a
лишениѥ|лишение|Nb|lišenьje|nt_jo
издъхнѫти|издъхнути|V-|jьzdъxnǫti|21
неплодꙑ|неплоды|Nb|neplody|fem_uu
възиграти|възиграти|V-|vъzigrati|54
мирьнъ|мирьныи|A-|mirьnъ|adj_hard
вьдова|вьдова|Nb|vьdova|fem_a
испльнꙗти|испълняти|V-|jьspĺ̥ńǢti|54
възвращати|възвращати|V-|vъzvorћǢti|54
остръ|острыи|A-|ostrъ|adj_hard
причѧстьникъ|причастьникъ|Nb|pričęstьnikъ|masc_o
пригласити|пригласити|V-|prigolsiti|40
съзъвати|съзъвати|V-|sъzъvati|51_abl
гнои|гнои|Nb|gnojь|masc_jo
сѣверъ|сѣверъ|Nb|sěverъ|masc_o
копати|копати|V-|kopati|54
завѣщати|завѣщати|V-|zavěћǢti|54
каплꙗ|капля|Nb|kapĺǢ|fem_ja
възгнѣтити|възгнѣтити|V-|vъzgnětiti|40
радъ|радыи|A-|radъ|adj_hard
рано|рано|Df|rano|
глѫбокъ|глубокыи|A-|glǫbokъ|adj_hard
оугодьнъ|угодьныи|A-|ugodьnъ|adj_hard
законопрѣстѫпьникъ|законопрѣступьникъ|Nb|zakonoperstǫpьnikъ|masc_o
отъвращати|отъвращати|V-|otъvorћǢti|54
близъ|близъ|Df|blizъ|
обилиѥ|обилие|Nb|obilьje|nt_jo
извести|извести|V-|jьzvesti|11
обличениѥ|обличение|Nb|obličenьje|nt_jo
омрачити|омрачити|V-|omorčiti|40
идолъ|идолъ|Nb|idolъ|masc_o
причѧстити|причастити|V-|pričęstiti|40
наложити|наложити|V-|naložiti|40
благовѣщениѥ|благовѣщение|Nb|bolgověšћenьje|nt_jo
млѣко|молоко|Nb|melko|nt_o
мирьскъ|мирьскыи|A-|mirьskъ|adj_hard
оукарꙗти|укаряти|V-|ukaŕǢti|54
нанести|нанести|V-|nanesti|11
печать|печать|Nb|pečǢtь|fem_i
извѣстити|извѣстити|V-|jьzvěstiti|40
лѣвъ|лѣвыи|A-|lěvъ|adj_hard
гонѥниѥ|гонение|Nb|gońenьje|nt_jo
боукꙑ|букы|Nb|buky|fem_uu
съзьданиѥ|съзьдание|Nb|sъzьdanьje|nt_jo
виньнъ|виньныи|A-|vinьnъ|adj_hard
богородица|богородица|Nb|bogorodika|fem_a_PV3
ѫгълъ|угълъ|Nb|ǫgъlъ|masc_o
чьстити|чьстити|V-|čьstiti|40
величьство|величьство|Nb|veličьstvo|nt_o
въсприимати|въсприимати|V-|vъsprijьmati|52_abl
въметати|въметати|V-|vъmetati|54
мѣрити|мѣрити|V-|měriti|40
пророчьствовати|пророчьствовати|V-|proročьstvovati|61
петровъ|петровъ|A-|petrovъ|adj_hard
млъвити|мълвити|V-|ml̥viti|40
въскрѣшати|въскрѣшати|V-|vъskrěšǢti|54
содомьскъ|содомьскыи|A-|sodomьskъ|adj_hard
плѧсати|плясати|V-|plęsati|52
краи|краи|Nb|krajь|masc_jo
иродовъ|иродовъ|A-|irodovъ|adj_hard
оубѣдити|убѣдити|V-|uběditi|40
въмѣщати|въмѣщати|V-|vъměšћǢti|54
оудолѣти|удолѣти|V-|udolěti|32
развратити|развратити|V-|orzvortiti|40
прилѣпити|прилѣпити|V-|prilěpiti|40
разлѫчати|разлучати|V-|orzlǫčǢti|54
въдворити|въдворити|V-|vъdvoriti|40
тожде|тоже|Df|toђe|
коуплꙗ|купля|Nb|kupĺǢ|fem_ja
плеще|плече|Nb|pleћe|nt_jo
съмѣрꙗти|съмѣряти|V-|sъměŕǢti|54
сънѣдати|сънѣдати|V-|sъnědati|54
пришьльць|пришьльць|Nb|prišьdlьkь|masc_o_PV3
соугоубъ|сугубыи|A-|sugubъ|adj_hard
обьщьникъ|обьщьникъ|Nb|obьћьnikъ|masc_o
прѣкратити|прѣкратити|V-|perkortiti|40
съпасти#2|съпасти#2|V-|sъpasti|11
ощоутити|очутити|V-|oћutiti|40
сърѣтениѥ|сърѣтение|Nb|sъrětenьje|nt_jo
неключимъ|неключимыи|A-|nekĺučimъ|adj_hard
заклинати|заклинати|V-|zaklinati|54
горько|горько|Df|gorьko|
съмѣсити|съмѣсити|V-|sъměsiti|40
обити#2|обити|V-|obviti|17
спѫдъ|спудъ|Nb|spǫdъ|masc_o
кромѣ|кромѣ|R-|kromě|
съмꙑслити|съмыслити|V-|sъmysliti|40
кричати|кричати|V-|kričǢti|31
облачити|оболочити|V-|obvolčiti|40
нощьнъ|ночьныи|A-|noћьnъ|adj_hard
възмѧсти|възмясти|V-|vъzmęsti|11
испльнѥниѥ|испълнение|Nb|jьspĺ̥ńenьje|nt_jo
свѣтьло|свѣтьло|Df|světьlo|
послѣдовати|послѣдовати|V-|poslědovati|61
причисти|причисти|V-|pričisti|ьt
тьмиꙗнъ|тьмиянъ|Nb|tьmijǢnъ|masc_o
въцѣсарити|въцѣсарити|V-|vъkěsariti|40
осѣнити|осѣнити|V-|osěniti|40
владꙑчьство|владычьство|Nb|voldyčьstvo|nt_o
житиискъ|житиискыи|A-|žitьjьskъ|adj_hard
обѧзати|обязати|V-|obvęzati|52
безводьнъ|безводьныи|A-|bezvodьnъ|adj_hard
тьма#2|тьма|Nb|tьma|fem_a
попирати|попирати|V-|popirati|54
оубиѥниѥ|убиение|Nb|ubьjenьje|nt_jo
изискати|изискати|V-|jьziskati|iskati
противлꙗти|противляти|V-|protivĺǢti|54
дльгъ|дългыи|A-|dĺ̥gъ|adj_hard
оукрꙑти|укрыти|V-|ukryti|18
нѣкогда|нѣкъгда|Df|někъgъda|
въмѣнити|въмѣнити|V-|vъměniti|40
възбранꙗти|възбраняти|V-|vъzborńǢti|54
иѥроусалимьскъ|иерусалимьскыи|A-|ijerusalimьskъ|adj_hard
пристѫпати|приступати|V-|pristǫpati|54
приникнѫти|приникнути|V-|priniknǫti|21
низъходити|низъходити|V-|nizъxoditi|40
възмѫтити|възмутити|V-|vъzmǫtiti|40
обрѣзаниѥ|обрѣзание|Nb|obrězanьje|nt_jo
громъ|громъ|Nb|gromъ|masc_o
въноушити|вънушити|V-|vъnušiti|40
съвести|съвести|V-|sъvesti|11
застѫплѥниѥ|заступление|Nb|zastǫpĺenьje|nt_jo
защититель|защититель|Nb|zaščititeĺь|masc_tel
срамъ|соромъ|Nb|sormъ|masc_o
попещи|попечи|V-|popeћi|11
соуѥта|суета|Nb|sujeta|fem_a
излиꙗти|излияти|V-|jьzlьjǢti|53_abl
хвальнъ|хвальныи|A-|xvalьnъ|adj_hard
сътѫжити|сътужити|V-|sъtǫžiti|40
мѫжьство|мужьство|Nb|mǫžьstvo|nt_o
оувѣрити|увѣрити|V-|uvěriti|40
еда|еда|Df|jeda|
трѫба|труба|Nb|trǫba|fem_a
оукротити|укротити|V-|ukrotiti|40
работа|робота|Nb|orbota|fem_a
желѣзо|желѣзо|Nb|želězo|nt_o
насꙑщати|насыщати|V-|nasyћǢti|54
сотонинъ|сотонинъ|A-|sotoninъ|adj_hard
бѣсити|бѣсити|V-|běsiti|40
вьсꙗчьскꙑ|вьсячьскы|Df|vьxačьsky|
обꙑчьнъ|обычьныи|A-|obyčьnъ|adj_hard
съврѣщи|съврѣщи|V-|sъverћi|14
чрьньць|чьрньць|Nb|čŕ̥nьkь|masc_o_PV3
прѣставити|переставити|V-|perstaviti|40
свобода|свобода|Nb|svoboda|fem_a
нежели|нежели|Df|neželi|
оградити|огородити|V-|ogorditi|40
мразъ|морозъ|Nb|morzъ|masc_o
питиѥ|питие|Nb|pitьje|nt_jo
подроугъ|подругъ|Nb|podrugъ|masc_o
наслѣдьникъ|наслѣдьникъ|Nb|naslědьnikъ|masc_o
обѣщаниѥ|обѣщание|Nb|obvěћǢnьje|nt_jo
поганьскъ|поганьскыи|A-|poganьskъ|adj_hard
съкрꙑвати|съкрывати|V-|sъkryvati|54
сь|се|I-|se|
растръгнѫти|растъргнути|V-|orstr̥gnǫti|21
даꙗниѥ|даяние|Nb|dajǢnьje|nt_jo
пѣсъкъ|пѣсъкъ|Nb|pěsъkъ|masc_o
проказа|проказа|Nb|prokaza|fem_a
гнѣздо|гнѣздо|Nb|gnězdo|nt_o
тишина|тишина|Nb|tišina|fem_a
проглаголати|проглаголати|V-|progolgolati|52
благоизволити|благоизволити|V-|bolgojьzvoliti|40
оугасити|угасити|V-|ugasiti|40
проповѣдь|проповѣдь|Nb|propovědь|fem_i
изврѣщи|изврѣщи|V-|jьzverћi|14
блазнити|блазнити|V-|blazniti|40
оусѫмьнѣти|усумьнѣти|V-|usǫmьněti|31
садъ|садъ|Nb|sadъ|masc_o_u
присѣдѣти|присѣдѣти|V-|prisěděti|31
ослабѣти|ослабѣти|V-|oslaběti|32
ключь|ключь|Nb|kĺučь|masc_jo
отътолѣ|отътолѣ|Df|otъtolě|
свободьнъ|свободьныи|A-|svobodьnъ|adj_hard
потопити|потопити|V-|potopiti|40
полъ#2|полъ#2|Nb|polъ|masc_u
съчетати|съчетати|V-|sъčetati|54
испити|испити|V-|jьspiti|17
оустоꙗти|устояти|V-|ustojǢti|31
потрѧсти|потрясти|V-|potręsti|11
окоушати|окушати|V-|okušǢti|54
оженити|оженити|V-|oženiti|40
непраздьнъ|непраздьныи|A-|neporzdьnъ|adj_hard
орьлъ|орьлъ|Nb|orьlъ|masc_o
лихва|лихва|Nb|lixva|fem_a
оурѣзати#1|урѣзати|V-|urězati|52
неистовъ|неистовыи|A-|nejьstovъ|adj_hard
объходити|объходити|V-|obъxoditi|40
блюдо|блюдо|Nb|bĺudo|nt_o
обида|обида|Nb|obida|fem_a
прѣдълагати|прѣдълагати|V-|perdъlagati|54
обложити|обложити|V-|obložiti|40
скърбь|скърбь|Nb|skr̥bь|fem_i
ароматъ|ароматъ|Nb|aromatъ|masc_o
оутѣха|утѣха|Nb|utěxa|fem_a
оутѣшати|утѣшати|V-|utěšǢti|54
вьсꙗко|вьсяко|Df|vьxako|
ловити|ловити|V-|loviti|40
соломонь|соломонь|A-|solomońь|adj_soft
тлъкнѫти|тълкнути|V-|tĺ̥knǫti|21
възгорѣти|възгорѣти|V-|vъzgorěti|31
посѣщи|посѣщи|V-|posěћi|11
въздаꙗниѥ|въздаяние|Nb|vъzdajǢnьje|nt_jo
изгꙑбнѫти|изгыбнути|V-|jьzgybnǫti|21
сѫмьнѣниѥ|сумьнѣние|Nb|sǫmьněnьje|nt_jo
скоръ|скорыи|A-|skorъ|adj_hard
разбити|розбити|V-|orzbiti|17
право|право|Df|pravo|
тѫга|туга|Nb|tǫga|fem_a
капати|капати|V-|kapati|52
стратигъ|стратигъ|Nb|stratigъ|masc_o
желѣти|желѣти|V-|želěti|32
оукорити|укорити|V-|ukoriti|40
позоръ|позоръ|Nb|pozorъ|masc_o
несъмꙑсльнъ|несъмысльныи|A-|nesъmyslьnъ|adj_hard
истовъ|истовыи|A-|jьstovъ|adj_hard
римлꙗнинъ|римлянинъ|Nb|rimĺǢninъ|masc_anin
прѣльщениѥ|прѣльщение|Nb|perlьšћenьje|nt_jo
изводити|изводити|V-|jьzvoditi|40
особь|особь|Df|osobь|
застѫпити|заступити|V-|zastǫpiti|40
начинаниѥ|начинание|Nb|načinanьje|nt_jo
благостꙑни|благостыни|Nb|bolgostyńi|fem_ji
въразоумити|въразумити|V-|vъorzumiti|40
дꙑмъ|дымъ|Nb|dymъ|masc_o
мощь|мочь|Nb|moћь|fem_i
законопрѣстѫпьнъ|законопрѣступьныи|A-|zakonoperstǫpьnъ|adj_hard
просвѣщениѥ|просвѣщение|Nb|prosvěћenьje|nt_jo
кедръ|кедръ|Nb|ḱedrъ|masc_o
оугаждати|угажати|V-|ugaђǢti|54
подражаниѥ|подражание|Nb|podražǢnьje|nt_jo
пожрѣти|пожрѣти|V-|požerti|13
оублажити|ублажити|V-|ubolžiti|40
лѫкавьновати|лукавьновати|V-|lǫkavьnovati|61
кънижьнъ|кънижьныи|A-|kъńižьnъ|adj_hard
крꙑти|крыти|V-|kryti|18
ижде|иже|Df|jьђe|
омꙑти|омыти|V-|omyti|18
саоулъ|саулъ|Ne|saulъ|masc_o
плѣнѥниѥ|полонение|Nb|pelńenьje|nt_jo
пожещи|пожечи|V-|požeћi|11
тьма|тьма|Nb|tьma|fem_a
молитвьникъ|молитвьникъ|Nb|modlitvьnikъ|masc_o
оутѣшениѥ|утѣшение|Nb|utěšenьje|nt_jo
коло|коло|Nb|kolo|nt_S
прѣвратити|прѣвратити|V-|pervortiti|40
прѣмилостивъ|прѣмилостивыи|A-|permilostivъ|adj_hard
оукланꙗти|укланяти|V-|uklańǢti|54
чрьмьнъ|чьрмьныи|A-|čŕ̥mьnъ|adj_hard
сꙑтость|сытость|Nb|sytostь|fem_i
възводити|възводити|V-|vъzvoditi|40
вънъ|вънъ|R-|vъnъ|
прѣкрьстити|перекрьстити|V-|perkrьstiti|40
благовѣрьнъ|благовѣрьныи|A-|bolgověrьnъ|adj_hard
племѧ|племя|Nb|plemę|nt_N
грѫбъ|грубыи|A-|grǫbъ|adj_hard
освѧтити|освятити|V-|osvętiti|40
шьствиѥ|шьствие|Nb|šьstvьje|nt_jo
стоуденъ|студеныи|A-|studenъ|adj_hard
распѧтиѥ|распятие|Nb|orspętьje|nt_jo
дьрати|дьрати|V-|dьrati|51_abl
бѣсовьскъ|бѣсовьскыи|A-|běsovьskъ|adj_hard
знои|знои|Nb|znojь|masc_jo
долоу|долу|Df|dolu|
проречениѥ|проречение|Nb|prorečenьje|nt_jo
ѥстьствьнъ|естьствьныи|A-|jestьstvьnъ|adj_hard
сътворѥниѥ|сътворение|Nb|sъtvoŕenьje|nt_jo
изглаголати|изглаголати|V-|jьzgolgolati|52
свѣтъ#2|свѣтъ|Nb|světъ|masc_o
отъложити|отъложити|V-|otъložiti|40
приносъ|приносъ|Nb|prinosъ|masc_o
скръбьнъ|скърбьныи|A-|skr̥bьnъ|adj_hard
бꙑтиѥ|бытие|Nb|bytьje|nt_jo
тьлꙗ|тьля|Nb|tьĺǢ|fem_ja
тьлити|тьлити|V-|tьliti|40
ѫзъкъ|узъкыи|A-|ǫzъkъ|adj_hard
възвѣꙗти|възвѣяти|V-|vъzvějǢti|53
лисъ|лисъ|Nb|lisъ|masc_o
тоунѥ|туне|Df|tune|
свекрꙑ|свекры|Nb|svekry|fem_uu
иго|иго|Nb|jьgo|nt_o
въстръгати|въстъргати|V-|vъstr̥gati|54
прѣдъложениѥ|прѣдъложение|Nb|perdъloženьje|nt_jo
пѣшь|пѣшии|A-|pěšь|adj_soft
градьць|городьць|Nb|gordьkь|masc_o_PV3
зълословити|зълословити|V-|zъlosloviti|40
прѣлюбодѣꙗние|прѣлюбодѣяние|Nb|perĺubodějǢnьje|nt_jo
приврѣщи|приврѣщи|V-|priverћi|14
бѣдьнъ|бѣдьныи|A-|bědьnъ|adj_hard
иѥремиꙗ|иеремия|Ne|ijeremijǢ|masc_ja
неволꙗ|неволя|Nb|nevoĺǢ|fem_ja
постьлати|постьлати|V-|postьlati|52_abl
тръжьникъ|тържьникъ|Nb|tr̥žьnikъ|masc_o
точило|точило|Nb|točidlo|nt_o
досадити|досадити|V-|dosaditi|40
исходище|исходище|Nb|jьsxodišče|nt_jo
чисто|чисто|Df|čisto|
рака|рака|Nb|orka|fem_a
запоустѣниѥ|запустѣние|Nb|zapustěnьje|nt_jo
троупъ|трупъ|Nb|trupъ|masc_o
трѫбьнъ|трубьныи|A-|trǫbьnъ|adj_hard
ноевъ|ноевъ|A-|nojevъ|adj_hard
млѣти|млѣти|V-|melti|16
раскопати|раскопати|V-|orskopati|54
больнъ|больныи|A-|bolьnъ|adj_hard
задѣти|задѣти|V-|zaděti|dedj
покꙑвати|покывати|V-|pokyvati|54
гѫба|губа|Nb|gǫba|fem_a
ремень|ремень|Nb|remy|masc_N
ловьць|ловьць|Nb|lovьkь|masc_o_PV3
каменьнъ|каменьныи|A-|kamenьnъ|adj_hard
врѣменьнъ|врѣменьныи|A-|vermenьnъ|adj_hard
оугнѣтати|угнѣтати|V-|ugnětati|54
милъ|милыи|A-|milъ|adj_hard
пристати|пристати|V-|pristati|stati
зазьрѣти|зазьрѣти|V-|zazьrěti|31
въспомѧнѫти|въспомянути|V-|vъspomęnǫti|22
пльвати|пльвати|V-|pĺьvati|52_abl
опона|опона|Nb|opona|fem_a
таꙗти|таяти|V-|tajǢti|53
низъложити|низъложити|V-|nizъložiti|40
милосрьдиѥ|милосьрдие|Nb|milosŕ̥dьje|nt_jo
ложесна|ложесно|Nb|ložesno|nt_o
дьбрь|дьбрь|Nb|dьbrь|fem_i
запрѣщати|запрѣщати|V-|zaperћǢti|54
раздаꙗти|роздаяти|V-|orzdajǢti|53
съсьць|съсьць|Nb|sъsьkь|masc_o_PV3
обѣдовати|обѣдовати|V-|obědovati|61
лаꙗти|лаяти|V-|lajǢti|53
владꙑчьствиѥ|владычьствие|Nb|voldyčьstvьje|nt_jo
въсклонити|въсклонити|V-|vъskloniti|40
истѧѕати#2|истязати|V-|jьstęgati|52
извѣстьнъ|извѣстьныи|A-|jьzvěstьnъ|adj_hard
възмѫщениѥ|възмущение|Nb|vъzmǫћenьje|nt_jo
оукрѣплꙗти|укрѣпляти|V-|ukrěpĺǢti|54
почрѣти|почрѣти|V-|počerti|14
оупити|упити|V-|upiti|17
почрьпати|почьрпати|V-|počŕ̥pati|54
истещи|истещи|V-|jьsteћi|11
съложити|съложити|V-|sъložiti|40
пажить|пажить|Nb|pažitь|fem_i
потъкнѫти|потъкнути|V-|potъknǫti|21
оусъпениѥ|усъпение|Nb|usъpenьje|nt_jo
вонꙗ|воня|Nb|vońǢ|fem_ja
палица|палица|Nb|palika|fem_a_PV3
вражьдовати|вражьдовати|V-|voržьdovati|61
оудивити|удивити|V-|udiviti|40
щитъ|щитъ|Nb|ščitъ|masc_o
избавлꙗти|избавляти|V-|jьzbavĺǢti|54
горѥсть|горесть|Nb|goŕestь|fem_i
мракъ|мракъ|Nb|morkъ|masc_o
оумалити|умалити|V-|umaliti|40
вънѥгда|вънегда|Dq|vъńegъda|
хотѣниѥ|хотѣние|Nb|xotěnьje|nt_jo
ѫтрьнь|утрьнии|A-|ǫtrьńь|adj_soft
воскъ|воскъ|Nb|voskъ|masc_o
львовъ|львовъ|A-|lьvovъ|adj_hard
ништета|нищета|Nb|nišћeta|fem_a
сѣтовати|сѣтовати|V-|sětovati|61
порадовати|порадовати|V-|poradovati|61
грѣшьничь|грѣшьничь|A-|grěšьničь|adj_soft
завидѣти|завидѣти|V-|zaviděti|viděti
озълобити|озълобити|V-|ozъlobiti|40
нищета|нищета|Nb|nišћeta|fem_a
изострити|изострити|V-|jьzostriti|40
оустрьмлѥниѥ|устрьмление|Nb|ustrьmĺenьje|nt_jo
застѫпати|заступати|V-|zastǫpati|54
съкроушениѥ|съкрушение|Nb|sъkrušenьje|nt_jo
вольнъ|вольныи|A-|voĺьnъ|adj_hard
годѣ|годѣ|Df|godě|
сънабъдѣти|сънабъдѣти|V-|sъnabъděti|31
пожити|пожити|V-|požiti|11
оумѫдрити|умудрити|V-|umǫdriti|40
ковати|ковати|V-|kovati|61
гадъ|гадъ|Nb|gadъ|masc_o
трѧсти|трясти|V-|tręsti|11
въстѫжити|въстужити|V-|vъstǫžiti|40
оумлькнѫти|умълкнути|V-|umĺ̥knǫti|21
сирота|сирота|Nb|sirota|masc_a
сьребрьнъ|сьребрьныи|A-|sьrebrьnъ|adj_hard
ноздри|ноздри|Nb|nozdrь|fem_i
породьнъ|породьныи|A-|porodьnъ|adj_hard
побѣждати|побѣждати|V-|poběђǢti|54
пронꙑривъ|проныривыи|A-|pronyrivъ|adj_hard
примꙑслити|примыслити|V-|primysliti|40
сѫмьнѣти|сумьнѣти|V-|sǫmьněti|31
сътещи|сътечи|V-|sъteћi|11
несꙑтъ|несытыи|A-|nesytъ|adj_hard
коза|коза|Nb|koza|fem_a
испасти|испасти|V-|jьspasti|11
польѕьнъ|пользьныи|A-|polьgьnъ|adj_hard
мльчаливъ|мълчаливыи|A-|mĺ̥čǢlivъ|adj_hard
зарꙗ|заря|Nb|zaŕǢ|fem_ja
прорицати|прорицати|V-|prorikati|54
поустошьнъ|пустошьныи|A-|pustošьnъ|adj_hard
опечалити|опечалити|V-|opečǢliti|40
оустроѥниѥ|устроение|Nb|ustrojenьje|nt_jo
оучинѥниѥ|учинение|Nb|učińenьje|nt_jo
размѣсити|размѣсити|V-|orzměsiti|40
защитити|защитити|V-|zaščititi|40
въплътити|въплътити|V-|vъplъtiti|40
тврьдь|твьрдь|Nb|tvŕ̥dь|fem_i
отъвести|отъвести|V-|otъvesti|11
лѫкавьство|лукавьство|Nb|lǫkavьstvo|nt_o
приспѣти|приспѣти|V-|prispěti|32
съмирити|съмирити|V-|sъmiriti|40
срачица|сорочица|Nb|sorčika|fem_a_PV3
въстрѫбити|въструбити|V-|vъstrǫbiti|40
настати|настати|V-|nastati|stati
възливати|възливати|V-|vъzlivati|54
прозирати|прозирати|V-|prozirati|54
покоити|покоити|V-|pokojiti|40
глѧдати|глядати|V-|ględati|54
помориѥ|поморие|Nb|pomoŕьje|nt_jo
подавити|подавити|V-|podaviti|40
пророчьство|пророчьство|Nb|proročьstvo|nt_o
омꙑвати|омывати|V-|omyvati|54
искоренити|искоренити|V-|jьskoreniti|40
вождь|вожь|Nb|voђь|masc_jo
хлѣбьнъ|хлѣбьныи|A-|xlěbьnъ|adj_hard
филиповъ|филиповъ|A-|filipovъ|adj_hard
измѣна|измѣна|Nb|jьzměna|fem_a
матерьнь|матерьнии|A-|materьńь|adj_soft
порѫганиѥ|поругание|Nb|porǫganьje|nt_jo
испроврѣщи|испроврѣщи|V-|jьsproverћi|14
любодѣица|любодѣица|Nb|ĺubodějьka|fem_a_PV3
срамити|соромити|V-|sormiti|40
хранилище|хранилище|Nb|xornilišče|nt_jo
лицемѣриѥ|лицемѣрие|Nb|likeměrьje|nt_jo
пътеньць|пътеньць|Nb|pъtenьkь|masc_o_PV3
слꙑшаниѥ|слышание|Nb|slyšǢnьje|nt_jo
оумъножениѥ|умъножение|Nb|umъnoženьje|nt_jo
данилъ|данилъ|Ne|daniilъ|masc_o
ключити|ключити|V-|kĺučiti|40
съзидати|съзидати|V-|sъzidati|54
нижьнь|нижьнии|A-|nižьńь|adj_soft
свитати|свитати|V-|svitati|54
заходити|заходити|V-|zaxoditi|40
покровъ|покровъ|Nb|pokrovъ|masc_o
назирати|назирати|V-|nazirati|54
нападати|нападати|V-|napadati|54
плодити|плодити|V-|ploditi|40
кръма|кърма|Nb|kr̥ma|fem_a
оумѫчити|умучити|V-|umǫčiti|40
окрьстьнь|окрьстьнии|A-|okrьstьńь|adj_soft
зеленъ|зеленыи|A-|zelenъ|adj_hard
дѣтьскъ|дѣтьскыи|A-|dětьskъ|adj_hard
оутворити|утворити|V-|utvoriti|40
приристати|приристати|V-|priristati|52
лъгати|лъгати|V-|lъgati|52
горьница|горьница|Nb|gorьnika|fem_a_PV3
аронь|аронь|A-|arońь|adj_soft
порокъ|порокъ|Nb|porokъ|masc_o
чрѣда|череда|Nb|čerda|fem_a
обрѣзати#1|обрѣзати|V-|obrězati|52
направити|направити|V-|napraviti|40
законьнъ|законьныи|A-|zakonьnъ|adj_hard
знаниѥ|знание|Nb|znanьje|nt_jo
лопата|лопата|Nb|lopata|fem_a
соухо|сухо|Nb|suxo|nt_o
сънимати|сънимати|V-|sъnьmati|52_abl
влага|волога|Nb|volga|fem_a
въсхꙑщати|въсхыщати|V-|vъsxyћǢti|54
прикрꙑти|прикрыти|V-|prikryti|18
содомлꙗнинъ|содомлянинъ|Nb|sodomĺǢninъ|masc_anin
скоръпии|скоръпии|Nb|skorъpijь|masc_jo
цѣсарица|цѣсарица|Nb|kěsarika|fem_a_PV3
обоуꙗти|обуяти|V-|obujǢti|54
оправьдати|оправьдати|V-|opravьdati|54
лотовъ|лотовъ|A-|lotovъ|adj_hard
занѥже|занеже|G-|zańeže|
ꙗръ|ярыи|A-|jǢrъ|adj_hard
оулоучити|улучити|V-|ulučiti|40
остѫпити|оступити|V-|ostǫpiti|40
крамола|крамола|Nb|kormola|fem_a
съвъкоупити|съвъкупити|V-|sъvъkupiti|40
обѣтованиѥ|обѣтование|Nb|obvětovanьje|nt_jo
запечатьлѣти|запечатьлѣти|V-|zapečǢtьlěti|32
дꙑхати|дыхати|V-|dyxati|54
оумꙑвати|умывати|V-|umyvati|54
вълагати|вълагати|V-|vъlagati|54
тети|тети|V-|teti|11
прѣдъстати|прѣдъстати|V-|perdъstati|stati
ꙗвити|явити|V-|aviti|40
забꙑвати|забывати|V-|zabyvati|54
оувѧзати|увязати|V-|uvęzati|52
мѣдьнъ|мѣдьныи|A-|mědьnъ|adj_hard
възданиѥ|въздание|Nb|vъzdanьje|nt_jo
тоучьнъ|тучьныи|A-|tučьnъ|adj_hard
длъгота|дългота|Nb|dĺ̥gota|fem_a
поработати|поработати|V-|porabotati|54
безаконьновати|безаконьновати|V-|bezakonьnovati|61
исхождениѥ|исхожение|Nb|jьsxoђenьje|nt_jo
оузда|узда|Nb|uzda|fem_a
ꙗдра|ядро|Nb|jǢdro|nt_o
рьвьновати|рьвьновати|V-|rьvьnovati|61
вꙑгънати|выгънати|V-|vygъnati|51_abl
расѫдити|рассудити|V-|orssǫditi|40
заколѥниѥ|заколение|Nb|zakoĺenьje|nt_jo
правость|правость|Nb|pravostь|fem_i
въсплескати|въсплескати|V-|vъspleskati|52
мъножити|мъножити|V-|mъnožiti|40
растворити|ростворити|V-|orstvoriti|40
неразоумьнъ|неразумьныи|A-|neorzumьnъ|adj_hard
заити|заити|V-|zajьti|jьti
потещи|потещи|V-|poteћi|11
распрострѣти|распрострѣти|V-|orsprosterti|13
прѣтръгнѫти|прѣтъргнути|V-|pertr̥gnǫti|21
пристанище|пристанище|Nb|pristanišče|nt_jo
въздвиѕати|въздвизати|V-|vъzdvigati|52
поспѣшити|поспѣшити|V-|pospěšiti|40
оунꙑниѥ|уныние|Nb|unynьje|nt_jo
ꙗдъ|ядъ|Nb|jǢdъ|masc_o
прибѣгнѫти|прибѣгнути|V-|priběgnǫti|21
обоѭдоу|обоюду|Df|obojǫdu|
боуѥсть|буесть|Nb|bujestь|fem_i
примꙑшлꙗти|примышляти|V-|primyšĺǢti|54
отътръгнѫти|отътъргнути|V-|otъtr̥gnǫti|21
плътьскъ|плътьскыи|A-|plъtьskъ|adj_hard
самодрьжьць|самодьржьць|Nb|samodŕ̥žьkь|masc_o_PV3
отъгонити|отъгонити|V-|otъgoniti|40
бьрати|бьрати|V-|bьrati|51_abl
почоути|почути|V-|počuti|čuti
ꙗснъ|ясныи|A-|jǢsnъ|adj_hard
свѣтити|свѣтити|V-|světiti|40
ледъ|ледъ|Nb|ledъ|masc_o
обрадовати|обрадовати|V-|obradovati|61
лоука|лука|Ne|luka|masc_a
садити|садити|V-|saditi|40
градъ#2|градъ|Nb|gradъ|masc_o
приношениѥ|приношение|Nb|prinošenьje|nt_jo
лещи|лечи|V-|leћi|infix_11
съставъ|съставъ|Nb|sъstavъ|masc_o
въсꙑлати|высылати|V-|vysylati|54
съдравиѥ|съдоровие|Nb|sъdorvьje|nt_jo
небꙑтиѥ|небытие|Nb|nebytьje|nt_jo
достоино|достоино|Df|dostojьno|
прѣставлѥниѥ|прѣставление|Nb|perstavĺenьje|nt_jo
заѩти|заяти|V-|zajęti|12
мамона|мамона|Nb|mamona|fem_a
възмѣрити|възмѣрити|V-|vъzměriti|40
вратити|воротити|V-|vortiti|40
хꙑщьникъ|хыщьникъ|Nb|xyћьnikъ|masc_o
посѣкати|посѣкати|V-|posěkati|54
свинъ|свиныи|A-|svinъ|adj_hard
домащьнь|домашьнии|A-|domašьńь|adj_soft
колѣбати|колѣбати|V-|kolěbati|52
възглашати|възглашати|V-|vъzgolšǢti|54
помести|помести|V-|pomesti|11
събꙑвати|събывати|V-|sъbyvati|54
тѧжько|тяжько|Df|tęžьko|
домовитъ|домовитыи|A-|domovitъ|adj_hard
навадити|навадити|V-|navaditi|40
оутапати|утапати|V-|utapati|54
татьба|татьба|Nb|tatьba|fem_a
рꙑбица|рыбица|Nb|rybika|fem_a_PV3
прѣобразити|прѣобразити|V-|per+obraziti|40
сътѧжаниѥ|сътяжание|Nb|sъtęžǢnьje|nt_jo
варъ|варъ|Nb|varъ|masc_o
сионовъ|сионовъ|A-|sijonovъ|adj_hard
одѣꙗниѥ|одѣяние|Nb|odějǢnьje|nt_jo
послѣжде|послѣже|R-|poslěђe|
побивати|побивати|V-|pobivati|54
мрькнѫти|мьркнути|V-|mŕ̥knǫti|21
отъданиѥ|отъдание|Nb|otъdanьje|nt_jo
бъдръ|бъдрыи|A-|bъdrъ|adj_hard
цѣнити|цѣнити|V-|kěniti|40
хламида|хламида|Nb|xlamüda|fem_a
зачѧло|зачало|Nb|začęlo|nt_o
чрѣсла|чрѣсла|Nb|čerslo|nt_o
тьща|тьща|Nb|tьščǢ|fem_ja
юда|июда|Ne|ijuda|masc_a
настоꙗти|настояти|V-|nastojǢti|31
погрѧзнѫти|погрязнути|V-|pogręznǫti|21
осѣнꙗти|осѣняти|V-|osěńǢti|54
прѫжати|пружати|V-|prǫžǢti|54
гласити|гласити|V-|golsiti|40
благословлꙗти|благословляти|V-|bolgoslovĺǢti|54
прѣгрѣшениѥ|прѣгрѣшение|Nb|pergrěšenьje|nt_jo
пробити|пробити|V-|probiti|17
вратьникъ|воротьникъ|Nb|vortьnikъ|masc_o
разбѣгнѫти|розбѣгнути|V-|orzběgnǫti|21
ковъ|ковъ|Nb|kovъ|masc_o
помавати|помавати|V-|pomavati|54
повити|повити|V-|poviti|17
спѣти|спѣти|V-|spěti|32
гоумьно|гумьно|Nb|gumьno|nt_o
истѧѕати#1|истязати|V-|jьstęgati|54
оучинити|учинити|V-|učiniti|40
вѣстьникъ|вѣстьникъ|Nb|věstьnikъ|masc_o
отирати|отирати|V-|otirati|54
настѫпати|наступати|V-|nastǫpati|54
радити|радити|V-|raditi|40
користь|користь|Nb|koristь|fem_i
десѧтина|десятина|Nb|desętina|fem_a
вранъ|воронъ|Nb|vornъ|masc_o
подъкопати|подъкопати|V-|podъkopati|54
раздѣлѥниѥ|раздѣление|Nb|orzděĺenьje|nt_jo
дѣланиѥ|дѣлание|Nb|dělanьje|nt_jo
осьлъ|осьлъ|Nb|osьlъ|masc_o
пиръ|пиръ|Nb|pirъ|masc_o
самариꙗ|самария|Ne|samarijǢ|fem_ja
одъждити|одъждити|V-|odъžђiti|40
неправьдьникъ|неправьдьникъ|Nb|nepravьdьnikъ|masc_o
посѣщениѥ|посѣчение|Nb|posěћenьje|nt_jo
оуꙗзвити|уязвити|V-|ujǢzviti|40
болѥ|боле|Df|boĺe|
мьщениѥ|мьщение|Nb|mьšћenьje|nt_jo
пиꙗньство|пияньство|Nb|pьjǢnьstvo|nt_o
повести|повести|V-|povesti|11
никогдаже|никъгдаже|Df|nikъgъdaže|
недомꙑслити|недомыслити|V-|nedomysliti|40
бльщати|бльщати|V-|blьšћǢti|40
осѧѕати|осязати|V-|osęgati|52
сътъ|сътъ|Nb|sъtъ|masc_o
водоносъ|водоносъ|Nb|vodonosъ|adj_hard
въдаꙗти|въдаяти|V-|vъdajǢti|53
притворъ|притворъ|Nb|pritvorъ|masc_o
пьшеничьнъ|пьшеничьныи|A-|pьšeničьnъ|adj_hard
измꙑти|измыти|V-|jьzmyti|18
параклитъ|параклитъ|Nb|paraklitъ|masc_o
прѣбити|перебити|V-|perbiti|17
тъщетьнъ|тъщетьныи|A-|tъščetьnъ|adj_hard
вꙑринѫти|выринути|V-|vyrinǫti|22
постелꙗ|постеля|Nb|posteĺǢ|fem_ja
похꙑтити|похытити|V-|poxytiti|40
наводити|наводити|V-|navoditi|40
ограда|огорода|Nb|ogorda|fem_a
оцѣщениѥ|оцѣщение|Nb|okěšћenьje|nt_jo
оустраꙗти|устраяти|V-|ustrajǢti|54
исто|исто|Nb|jьsto|nt_S
ловъ|ловъ|Nb|lovъ|masc_o
разгънати|разгънати|V-|orzgъnati|51_abl
постоꙗти|постояти|V-|postojǢti|31
възрадовати|възрадовати|V-|vъzradovati|61
мѫжати|мужати|V-|mǫžǢti|54
дѫбрава|дубрава|Nb|dǫbrava|fem_a
въсклицаниѥ|въсклицание|Nb|vъsklikanьje|nt_jo
съхранꙗти|съхраняти|V-|sъxorńǢti|54
оумилити|умилити|V-|umiliti|40
подъимати|подъимати|V-|podъjьmati|52_abl
състарѣти|състарѣти|V-|sъstarěti|32
останъкъ|останъкъ|Nb|ostanъkъ|masc_o
сънѣдь|сънѣдь|Nb|sъnědь|fem_i
свѧтитель|святитель|Nb|svętiteĺь|masc_tel
разоумьно|разумьно|Df|orzumьno|
мѧсо|мясо|Nb|męso|nt_o
оумꙑслити|умыслити|V-|umysliti|40
плодовитъ|плодовитыи|A-|plodovitъ|adj_hard
истьлѣти|истьлѣти|V-|jьstьlěti|32
призирати|призирати|V-|prizirati|54
оущѣдрити|ущедрити|V-|uščedriti|40
колесьница|колесьница|Nb|kolesьnika|fem_a_PV3
разгорѣти|разгорѣти|V-|orzgorěti|31
зорѩ|зоря|Nb|zoŕǢ|fem_ja
провѣщати|провѣщати|V-|prověšћǢti|54
въвѣрити|въвѣрити|V-|vъvěriti|40
понѥже|понеже|Df|pońeže|
хамовъ|хамовъ|A-|xamovъ|adj_hard
попалꙗти|попаляти|V-|popaĺǢti|54
досаждениѥ|досажение|Nb|dosaђenьje|nt_jo
свѣтьлость|свѣтьлость|Nb|světьlostь|fem_i
прибꙑти|прибыти|V-|pribyti|pref_byti
аронъ|аронъ|Ne|aronъ|masc_o
ненависть|ненависть|Nb|nenavistь|fem_i
пожѧти|пожати|V-|požęti|16
дꙑханиѥ|дыхание|Nb|dyxanьje|nt_jo
пльзати|пълзати|V-|pĺ̥zati|52_abl
прѣльщати|прѣльщати|V-|perlьšћǢti|54
блѧсти|блясти|V-|blęsti|11
стенаниѥ|стенание|Nb|stenanьje|nt_jo
чловѣчьство|человѣчьство|Nb|čьlověčьstvo|nt_o
въсточьнъ|въсточьныи|A-|vъstočьnъ|adj_hard
слоути|слути|V-|sluti|uti
ѥже|еже|Dq|ježe|
възградити|възградити|V-|vъzgorditi|40
ратьнъ|ротьныи|A-|ortьnъ|adj_hard
чиститель|чиститель|Nb|čistiteĺь|masc_tel
свѣтъ|свѣтъ|Nb|světъ|masc_o
иеремиꙗ|иеремия|Ne|ijeremijǢ|masc_ja
прѣнести|перенести|V-|pernesti|11
острогъ|острогъ|Nb|ostrogъ|masc_o
насилиѥ|насилие|Nb|nasilьje|nt_jo
любъ|любыи|A-|ĺubъ|adj_hard
оконьчати|оконьчати|V-|okonьčǢti|54
папежь|папежь|Nb|papežь|masc_jo
радостьнъ|радостьныи|A-|radostьnъ|adj_hard
любодѣꙗньнъ|любодѣиныи|A-|ĺubodějьnъ|adj_hard
глаголаниѥ|глаголание|Nb|golgolanьje|nt_jo
прѧсти|прясти|V-|pręsti|11
одѣꙗти|одѣяти|V-|odějǢti|53
тъща|тьща|Nb|tьščǢ|fem_ja
платъ|платъ|Nb|poltъ|masc_o
въсхꙑтати|въсхытати|V-|vъsxytati|54
снопъ|снопъ|Nb|snopъ|masc_o
коупьць|купьць|Nb|kupьkь|masc_o_PV3
неводъ|неводъ|Nb|nevodъ|masc_o
осиꙗти|осияти|V-|osьjǢti|54
каженикъ|каженикъ|Nb|kaženikъ|masc_o
исказити|исказити|V-|jьskaziti|40
наѩти|наяти|V-|najęti|12
биѥниѥ|биение|Nb|bьjenьje|nt_jo
рѣзати|рѣзати|V-|rězati|52
обльстити|обльстити|V-|oblьstiti|40
законооучитель|законоучитель|Nb|zakonoučiteĺь|masc_tel
затварꙗти|затваряти|V-|zatvaŕǢti|54
соуша|суша|Nb|sušǢ|fem_ja
възвѣсити|възвѣсити|V-|vъzvěsiti|40
оутолити|утолити|V-|utoliti|40
нeдѫжьнъ|недужьныи|A-|nedǫžьnъ|adj_hard
проносити|проносити|V-|pronositi|40
прокопати|прокопати|V-|prokopati|54
срьпъ|сьрпъ|Nb|sŕ̥pъ|masc_o
озирати|озирати|V-|ozirati|54
обоути|обути|V-|obuti|čuti
валꙗти|валяти|V-|vaĺǢti|54
сланъ|солоныи|A-|solnъ|adj_hard
изгънаниѥ|изгънание|Nb|jьzgъnanьje|nt_jo
помрачити|помрачити|V-|pomorčiti|40
прикрꙑвати|прикрывати|V-|prikryvati|54
трьновъ|тьрновыи|A-|tŕ̥novъ|adj_hard
послѣдьствовати|послѣдьствовати|V-|poslědьstvovati|61
чинити|чинити|V-|činiti|40
самовидьць|самовидьць|Nb|samovidьkь|masc_o_PV3
иѥреискъ|иереискыи|A-|ijerejьskъ|adj_hard
сълагати|сълагати|V-|sъlagati|54
пророчица|пророчица|Nb|proročika|fem_a_PV3
гладъкъ|гладъкыи|A-|gladъkъ|adj_hard
прѣтъкнѫти|прѣтъкнути|V-|pertъknǫti|21
прозьрѣниѥ|прозьрѣние|Nb|prozьrěnьje|nt_jo
погрѫжати|погружати|V-|pogrǫžǢti|54
именовати|именовати|V-|jьmenovati|61
властель|властель|Nb|volsteĺь|masc_tel
отрочищь|отрочищь|Nb|otročiščь|masc_jo
правѣ|правѣ|Df|pravě|
токъ|токъ|Nb|tokъ|masc_o
прѣкланꙗти|прѣкланяти|V-|perklańǢti|54
оубоудити|убудити|V-|ubuditi|40
рало|рало|Nb|ordlo|nt_o
разоумѣниѥ|разумѣние|Nb|orzuměnьje|nt_jo
жито|жито|Nb|žito|nt_o
тѫча|туча|Nb|tǫčǢ|fem_ja
сѫпрѫгъ|супругъ|Nb|sǫprǫgъ|masc_o
жителинъ|жителинъ|Nb|žitelinъ|masc_o
избꙑвати|избывати|V-|jьzbyvati|54
засъвѣдѣтельствовати|засъвѣдѣтельствовати|V-|zasъvěděteĺьstvovati|61
лотъ|лотъ|Ne|lotъ|masc_o
прѣлюбодѣи|прѣлюбодѣи|Nb|perĺubodějь|masc_jo
оуброусъ|убрусъ|Nb|ubrusъ|masc_o
възврѣщи|възврѣщи|V-|vъzverћi|14
остоꙗти|объстояти|V-|obъstojǢti|31
издꙑхати|издыхати|V-|jьzdyxati|54
въдварꙗти|въдваряти|V-|vъdvaŕǢti|54
закрꙑти|закрыти|V-|zakryti|18
жалость|жалость|Nb|žǢlostь|fem_i
прѣполовлѥниѥ|прѣполовление|Nb|perpolovĺenьje|nt_jo
поискати|поискати|V-|pojьskati|iskati
распьрꙗ|распьря|Nb|orspьŕǢ|fem_ja
дома|дома|Df|doma|
клепати|клепати|V-|klepati|52
оустрашати|устрашати|V-|ustrašǢti|54
ѥгда|егда|G-|jegъda|
пространити|пространити|V-|prostorniti|40
мьстьникъ|мьстьникъ|Nb|mьstьnikъ|masc_o
польскъ|польскыи|A-|poĺьskъ|adj_hard
благодѣꙗти|благодѣяти|V-|bolgodějǢti|53
обитати|обитати|V-|obvitati|54
дрьжавьнъ|дьржавьныи|A-|dŕ̥žǢvьnъ|adj_hard
съкровьнъ|съкровьныи|A-|sъkrovьnъ|adj_hard
трепетьнъ|трепетьныи|A-|trepetьnъ|adj_hard
летѣти|летѣти|V-|letěti|31
наоучати|научати|V-|naučǢti|54
истънити|истънити|V-|jьstьniti|40
исполинъ|исполинъ|Nb|jьspolinъ|masc_o_in
благословениѥ|благословление|Nb|bolgoslovĺenьje|nt_jo
излити|излити|V-|jьzliti|17
зълобивъ|зълобивыи|A-|zъlobivъ|adj_hard
пьсии|пьсии|A-|pьsьjь|adj_ij
свѧщениѥ|священие|Nb|svęћenьje|nt_jo
ближика|ближика|Nb|bližika|masc_a
онѣмѣти|онѣмѣти|V-|oněměti|32
паѫчина|паучина|Nb|paǫčina|fem_a
дивьно|дивьно|Df|divьno|
рѣчьнъ|рѣчьныи|A-|rěčьnъ|adj_hard
пѧта|пята|Nb|pęta|fem_a
козьлъ|козьлъ|Nb|kozьlъ|masc_o
прѣселити|прѣселити|V-|persedliti|40
измѣнѥниѥ|измѣнение|Nb|jьzměńenьje|nt_jo
чьтоже|чьтоже|Px|čьtože|čьtože
оумилѥниѥ|умиление|Nb|umiĺenьje|nt_jo
манасии|манасии|Ne|manasiji|masc_ji
оунꙑти|уныти|V-|unyti|18
обогатити|обогатити|V-|obogatiti|40
овьнъ|овьнъ|Nb|ovьnъ|masc_o
съмѧтениѥ|съмятение|Nb|sъmętenьje|nt_jo
кадило|кадило|Nb|kadidlo|nt_o
въселꙗти|въселяти|V-|vъsedĺǢti|54
величьствиѥ|величьствие|Nb|veličьstvьje|nt_jo
провести|провести|V-|provesti|11
моуха|муха|Nb|muxa|fem_a
прѫгъ|пругъ|Nb|prǫgъ|masc_o
рьвьниѥ|рьвьние|Nb|rьvьnьje|nt_jo
веньꙗминъ|венияминъ|Ne|venijǢminъ|masc_o
сльзьнъ|сльзьныи|A-|slьzьnъ|adj_hard
пѧтъкъ|пятъкъ|Nb|pętъkъ|masc_o
прославлꙗти|прославляти|V-|proslavĺǢti|54
отокъ|отокъ|Nb|otokъ|masc_o
исправлꙗти|исправляти|V-|jьspravĺǢti|54
поустꙑньнъ|пустыньныи|A-|pustyńьnъ|adj_hard
низъврѣщи|низъврѣщи|V-|nizъverћi|14
кожа|кожа|Nb|kožǢ|fem_ja
палити|палити|V-|paliti|40
поглътити|поглътити|V-|poglъtiti|40
обонꙗти|обоняти|V-|obvońǢti|54
пространьство|простороньство|Nb|prostornьstvo|nt_o
работьнъ|работьныи|A-|orbotьnъ|adj_hard
оувꙑ|увы|I-|uvy|
роса|роса|Nb|rosa|fem_a
чоудесьнъ|чудесьныи|A-|čudesьnъ|adj_hard
голиадъ|голиядъ|Ne|golijǢdъ|masc_o
посꙑпати|посыпати|V-|posypati|52
прѣвꙑшьнь|прѣвышьнии|A-|pervyšьńь|adj_soft
рѫчьнъ|ручьныи|A-|rǫčьnъ|adj_hard
прѣмъногъ|прѣмъногыи|A-|permъnogъ|adj_hard
пещьница|пещьница|Nb|peћьnika|fem_a_PV3
избѣжати|избѣжати|V-|jьzběžǢti|31
блѫдьникъ|блудьникъ|Nb|blǫdьnikъ|masc_o
опалꙗти|опаляти|V-|opaĺǢti|54
влъхвованиѥ|вълхвование|Nb|vl̥xvovanьje|nt_jo
тъкати|тъкати|V-|tъkati|51
точити|точити|V-|točiti|40
мрачьнъ|мрачьныи|A-|morčьnъ|adj_hard
болꙗрьскъ|болярьскыи|A-|boĺǢrьskъ|adj_hard
начѧльнъ|начальныи|A-|načęlьnъ|adj_hard
чародѣи#1|чародѣи|Nb|čǢrodějь|masc_jo
мꙑти|мыти|V-|myti|18
варити#2|варити|V-|variti|40
въстѧѕати#1|въстязати|V-|vъstęgati|52
агнѧ|агня|Nb|agnę|nt_NT
прѣбрати|перебороти|V-|perborti|16
прочисти|прочисти|V-|pročisti|ьt
нѫждати|нужати|V-|nǫђǢti|54
лозиѥ|лозие|Nb|lozьje|nt_jo
растворѥниѥ|растворение|Nb|orstvoŕenьje|nt_jo
причѧстьнъ|причастьныи|A-|pričęstьnъ|adj_hard
намѣстьникъ|намѣстьникъ|Nb|naměstьnikъ|masc_o
соушити|сушити|V-|sušiti|40
чрьнъ|чьрныи|A-|čŕ̥nъ|adj_hard
нѫждьникъ|нужьникъ|Nb|nǫђьnikъ|masc_o
содома|содомъ|Ne|sodomъ|masc_o
обрѣменити|обрѣменити|V-|obermeniti|40
прътъ|пъртъ|Nb|pr̥tъ|masc_o
ведро|ведро|Nb|vedro|nt_o
расѫждати|рассуждати|V-|orssǫђǢti|54
давити|давити|V-|daviti|40
съжалити|съжалити|V-|sъžǢliti|40
доконьчати|доконьчати|V-|dokonьčǢti|54
вѣтвиѥ|вѣтвие|Nb|větvьje|nt_jo
оубиица|убиица|Nb|ubьjika|masc_a_PV3
свѧщати|свящати|V-|svęћǢti|54
нечистота|нечистота|Nb|nečistota|fem_a
пиꙗница|пияница|Nb|pьjǢnika|masc_a_PV3
наоустити|наустити|V-|naustiti|40
възвалити|възвалити|V-|vъzvaliti|40
промъкнѫти|промъкнути|V-|promъknǫti|21
оусниꙗнъ|уснияныи|A-|usnьjǢnъ|adj_hard
разводити|розводити|V-|orzvoditi|40
съвѣсити|съвѣсити|V-|sъvěsiti|40
лиꙗти|лияти|V-|lьjǢti|53_abl
приплодити|приплодити|V-|priploditi|40
оустати|устати|V-|ustati|stati
прѣтръѕати|прѣтьрзати|V-|pertŕ̥gati|54
покѫпати|покупати|V-|pokǫpati|52
котьлъ|котьлъ|Nb|kotьlъ|masc_o
домови|домови|Df|domovi|
прѣизлиха|прѣизлиха|Df|per+jьzlixa|
разбивати|розбивати|V-|orzbivati|54
съмꙑсльно|съмысльно|Df|sъmyslьno|
сънѧтиѥ|сънятие|Nb|sъnętьje|nt_jo
нерѫкотворѥнъ|нерукотвореныи|A-|nerǫkotvoŕenъ|adj_hard
али|али|C-|ali|
привалити|привалити|V-|privaliti|40
вьсѫдѣ|вьсюдѣ|Df|vьxǫdě|
извѣстовати|извѣстовати|V-|jьzvěstovati|61
покадити|покадити|V-|pokaditi|40
величити|величити|V-|veličiti|40
богатити|богатити|V-|bogatiti|40
дъщица|дъщица|Nb|dъščika|fem_a_PV3
прѣподобиѥ|прѣподобие|Nb|perpodobьje|nt_jo
оброкъ|оброкъ|Nb|obrokъ|masc_o
разгънѫти|разгънути|V-|orzgъnǫti|22
плакати#2|плакати|V-|plakati|52
извести#2|извести|V-|jьzvesti|11
назьрѣти|назьрѣти|V-|nazьrěti|31
приразити|приразити|V-|priraziti|40
наинъ|наинъ|Ne|najinъ|masc_o
подълагати|подълагати|V-|podъlagati|54
отѧгъчити|отягъчити|V-|otęgъčiti|40
приключаи|приключаи|Nb|prikĺučǢjь|masc_jo
богатѣти|богатѣти|V-|bogatěti|32
оупивати|упивати|V-|upivati|54
осꙑпати|осыпати|V-|osypati|52
шьстиѥ|шьствие|Nb|šьstvьje|nt_jo
трѫдъ|трудъ|Nb|trǫdъ|masc_o
посѣсти|посѣсти|V-|posěsti|infix_11
домовьнъ|домовьныи|A-|domovьnъ|adj_hard
строѥниѥ|строение|Nb|strojenьje|nt_jo
икономъ|икономъ|Nb|ikonomъ|masc_o
облизати|облизати|V-|oblizati|52
възмагати|възмагати|V-|vъzmagati|54
орати|орати|V-|orati|52
саждати|сажати|V-|saђǢti|54
осѣсти|осѣсти|V-|osěsti|infix_11
състати|състати|V-|sъstati|stati
нестроѥниѥ|нестроение|Nb|nestrojenьje|nt_jo
страхованиѥ|страхование|Nb|straxovanьje|nt_jo
посѫдити|посудити|V-|posǫditi|40
сꙑръ|сырыи|A-|syrъ|adj_hard
сънѣдьнъ|сънѣдьныи|A-|sъnědьnъ|adj_hard
бъчела|бъчела|Nb|bъčela|fem_a
врьвь|вьрвь|Nb|vŕ̥vь|fem_i
тъгдажде|тъгдаже|Df|tъgъdaђe|
ѩчьнъ|ячьныи|A-|jęčьnъ|adj_hard
пиво|пиво|Nb|pivo|nt_o
литра|литра|Nb|litra|fem_a
тьсть|тьсть|Nb|tьstь|masc_i
истъкати|истъкати|V-|jьstъkati|51
съвити|съвити|V-|sъviti|17
доунѫти|дунути|V-|dunǫti|22
лъживъ|лъживыи|A-|lъživъ|adj_hard
оутроудити|утрудити|V-|utruditi|40
посѣщати|посѣщати|V-|posěћǢti|54
гръдость|гърдость|Nb|gr̥dostь|fem_i
оскврьнꙗти|осквьрняти|V-|oskvŕ̥ńǢti|54
прѣсѣдѣти|пересѣдѣти|V-|persěděti|31
мꙑто|мыто|Nb|myto|nt_o
зѣница|зѣница|Nb|zěnika|fem_a_PV3
възгрьмѣти|възгрьмѣти|V-|vъzgrьměti|31
озълоблѥниѥ|озълобление|Nb|ozъlobĺenьje|nt_jo
погладити|погладити|V-|pogladiti|40
възвеличати|възвеличати|V-|vъzveličǢti|54
ѩзꙑчьнъ|язычьныи|A-|języčьnъ|adj_hard
покоинъ|покоиныи|A-|pokojьnъ|adj_hard
незълобивъ|незълобивыи|A-|nezъlobivъ|adj_hard
въселѥниѥ|въселение|Nb|vъsedĺenьje|nt_jo
въплъчити|въпълчити|V-|vъpl̥čiti|40
ниже|ниже|C-|niže|
отѧготѣти|отяготѣти|V-|otęgotěti|32
трьнъ|тьрнъ|Nb|tŕ̥nъ|masc_o
челюсть|челюсть|Nb|čeĺustь|fem_i
въстѧгнѫти|въстягнути|V-|vъstęgnǫti|21
оплъчити|опълчити|V-|opl̥čiti|40
населити|населити|V-|nasedliti|40
въспоминаниѥ|въспоминание|Nb|vъspominanьje|nt_jo
прѣвъзити|прѣвъзити|V-|pervъzjьti|jьti
лъжьнъ|лъжьныи|A-|lъžьnъ|adj_hard
оумрьщвлꙗти|умьрщвляти|V-|umŕ̥ћvĺǢti|54
позлатити|позолотити|V-|pozoltiti|40
въшоумѣти|въшумѣти|V-|vъšuměti|32
разбогатѣти|разбогатѣти|V-|orzbogatěti|32
клеветати|клеветати|V-|klevetati|52
истьлити|истьлити|V-|jьstьliti|40
поръпътати|поръпътати|V-|porъpъtati|52
размѣрити|размѣрити|V-|orzměriti|40
оутрьнѫти|утьрпнути|V-|utŕ̥pnǫti|21
бразда|бразда|Nb|borzda|fem_a
позьрѣти|позьрѣти|V-|pozьrěti|31
ѥлико|елико|Dq|jeliko|
западьнъ|западьныи|A-|zapadьnъ|adj_hard
перьнатъ|перьнатыи|A-|perьnatъ|adj_hard
станъ|станъ|Nb|stanъ|masc_o
жаба|жаба|Nb|žǢba|fem_a
чрьница|чьрница|Nb|čŕ̥nika|fem_a_PV3
посъланиѥ|посълание|Nb|posъlanьje|nt_jo
оплакати|оплакати|V-|oplakati|52
доилица|доилица|Nb|dojidlika|fem_a_PV3
подрьжати|подьржати|V-|podŕ̥žǢti|31
въхождениѥ|въхождение|Nb|vъxoђenьje|nt_jo
ловьчь|ловьчии|A-|lovьčь|adj_soft
маститъ|маститыи|A-|mastitъ|adj_hard
избивати|избивати|V-|jьzbivati|54
растварꙗти|растваряти|V-|orstvaŕǢti|54
окови|оковъ|Nb|okovъ|masc_o
пиꙗнъ|пияныи|A-|pьjǢnъ|adj_hard
насѣꙗти|насѣяти|V-|nasějǢti|53
житьнъ|житьныи|A-|žitьnъ|adj_hard
дьньница|дьньница|Nb|dьnьnika|fem_a_PV3
расъмотрити|расъмотрити|V-|orssъmotriti|40
варъваръ|варъваръ|Nb|varъvarъ|masc_o
отъставити|отъставити|V-|otъstaviti|40
глоумлѥниѥ|глумление|Nb|glumĺenьje|nt_jo
прѣстѫпьникъ|прѣступьникъ|Nb|perstǫpьnikъ|masc_o
направлꙗти|направляти|V-|napravĺǢti|54
клевета|клевета|Nb|kleveta|fem_a
причѧстиѥ|причастие|Nb|pričęstьje|nt_jo
отъдоити|отъдоити|V-|otъdojiti|40
кивотъ|кивотъ|Nb|ḱivotъ|masc_o
брада|борода|Nb|borda|fem_a
врьбиѥ|вьрбие|Nb|vŕ̥bьje|nt_jo
оплъчати|опълчати|V-|opl̥čǢti|54
коньскъ|коньскыи|A-|końьskъ|adj_hard
мьгла|мьгла|Nb|mьgla|fem_a
томлѥниѥ|томление|Nb|tomĺenьje|nt_jo
владꙑчица|владычица|Nb|voldyčika|fem_a_PV3
подъстьлати|подъстьлати|V-|podъstьlati|52_abl
влъшьбьнъ|вълшьбьныи|A-|vl̥šьbьnъ|adj_hard
похотѣти|похотѣти|V-|poxotěti|will
оуспѣвати|успѣвати|V-|uspěvati|54
окрѫгъ|округъ|R-|okrǫgъ|
пожалити|пожалити|V-|požǢliti|40
въобразити|въобразити|V-|vъobraziti|40
никъто|никъто|Px|nikъto|kъto
клати|колоти|V-|kolti|16
дожьдати|дожьдати|V-|dožьdati|51_abl
вести#2|вести|V-|vesti|11
одьрати|одьрати|V-|odьrati|51_abl
льгъкъ|льгъкыи|A-|lьgъkъ|adj_hard
градьскъ|городьскыи|A-|gordьskъ|adj_hard
привести#2|привести|V-|privesti|11
възвѣщениѥ|възвѣщение|Nb|vъzvěšћenьje|nt_jo
приготовити|приготовити|V-|prigotoviti|40
опоустѣти|опустѣти|V-|opustěti|32
говорити|говорити|V-|govoriti|40
дъждевъ|дъждевыи|A-|dъžђevъ|adj_hard
прѣтрьти|перетьрти|V-|pertŕ̥ti|rti
не вѣдѣти|невѣдѣти|V-|nevěděti|wote
пронꙑрьство|пронырьство|Nb|pronyrьstvo|nt_o
стьлати|стьлати|V-|stьlati|52_abl
въстѧѕати#2|въстязати|V-|vъstęgati|54
добро|добро|Df|dobro|
ꙗдро|ядро|Nb|jǢdro|nt_o
лаꙗти#2|лаяти|V-|lajǢti|53
мѣсѧчьнъ|мѣсячьныи|A-|měsęčьnъ|adj_hard
поустошь|пустошь|Nb|pustošь|fem_i
ꙗдѣниѥ|ядение|Nb|jǢdenьje|nt_jo
съпаниѥ|съпание|Nb|sъpanьje|nt_jo
оутѧгнѫти|утягнути|V-|utęgnǫti|21
мѫченица|мученица|Nb|mǫčenika|fem_a_PV3
отъплатити|отъплатити|V-|otъplatiti|40
жаль|жаль|Nb|žǢlь|fem_i
легъкъ|льгъкыи|A-|lьgъkъ|adj_hard
тѧгота|тягота|Nb|tęgota|fem_a
зажещи|зажечи|V-|zažeћi|11
раширꙗти|раширяти|V-|orsšiŕǢti|54
сълежати|сълежати|V-|sъležǢti|31
извъноу|извъну|Df|jьzvъnu|
поспѣшьствовати|поспѣшьствовати|V-|pospěšьstvovati|61
благодатьнъ|благодатьныи|A-|bolgodatьnъ|adj_hard
съгънѫти|съгънути|V-|sъgъnǫti|22
приѩтьнъ|приятьныи|A-|prijętьnъ|adj_hard
пронести|пронести|V-|pronesti|11
челѣдь|челядь|Nb|čeĺǢdь|fem_i
корьць|корьць|Nb|korьkь|masc_o_PV3
моръ|моръ|Nb|morъ|masc_o
отѧжати|отяжати|V-|otęžǢti|54
помрькнѫти|помьркнути|V-|pomŕ̥knǫti|21
опроврѣщи|опроврѣщи|V-|oproverћi|14
коупльнъ|купльныи|A-|kupĺьnъ|adj_hard
искрь|искрь|R-|jьskrь|
плавъ|половыи|A-|polvъ|adj_hard
движениѥ|движение|Nb|dviženьje|nt_jo
грети|грети|V-|greti|11
обрѣзати#2|обрѣзати|V-|obrězati|54
распѫдити|распудити|V-|orspǫditi|40
осьль|осьлии|A-|osьĺь|adj_soft
съзирати|съзирати|V-|sъzirati|54
погꙑбѣльнъ|погыбѣльныи|A-|pogybělьnъ|adj_hard
съмѣшениѥ|съмѣшение|Nb|sъměšenьje|nt_jo
шѧтати|шатати|V-|šętati|54
законодавьць|законодавьць|Nb|zakonodavьkь|masc_o_PV3
възгарати|възгарати|V-|vъzgarati|54
съмѣрьнъ|съмѣрьныи|A-|sъměrьnъ|adj_hard
врабии|воробии|Nb|vorbьjь|masc_jo
тоулъ|тулъ|Nb|tulъ|masc_o
прѣдъзьрѣти|прѣдъзьрѣти|V-|perdъzьrěti|31
защищениѥ|защищение|Nb|zaščiћenьje|nt_jo
прильнѫти|прильпнути|V-|prilьpnǫti|21
невѣждьство|невѣжьство|Nb|nevěђьstvo|nt_o
мирьно|мирьно|Df|mirьno|
заимати|заимати|V-|zajьmati|52_abl
вꙑсити|высити|V-|vysiti|40
съгнити|съгнити|V-|sъgniti|32
съгрѣти|съгрѣти|V-|sъgrěti|32
съвитъкъ|съвитъкъ|Nb|sъvitъkъ|masc_o
вꙑврѣщи|выврѣщи|V-|vyverћi|14
потопьнъ|потопьныи|A-|potopьnъ|adj_hard
маслина|маслина|Nb|maslina|fem_a
полетѣти|полетѣти|V-|poletěti|31
мимотещи|мимотещи|V-|mimoteћi|11
мѣрило|мѣрило|Nb|měridlo|nt_o
посъпати|посъпати|V-|posъpati|sleep
срамота|соромота|Nb|sormota|fem_a
издѣꙗти|издѣяти|V-|jьzdějǢti|53
изнемагати|изнемагати|V-|jьznemagati|54
оудалꙗти|удаляти|V-|udaĺǢti|54
расѣщи|расѣщи|V-|orssěћi|11
сѣчиво|сѣчиво|Nb|sěčivo|nt_o
вꙑгонити|выгонити|V-|vygoniti|40
ожещи|ожещи|V-|ožeћi|11
оущедрити|ущедрити|V-|uščedriti|40
сѣдѣниѥ|сѣдѣние|Nb|sěděnьje|nt_jo
поострити|поострити|V-|poostriti|40
вечерьнии|вечерьнии|A-|večerьńь|adj_soft
оплъчениѥ|опълчение|Nb|opl̥čenьje|nt_jo
тлъстъ|тълстыи|A-|tl̥stъ|adj_hard
съчитати|съчитати|V-|sъčitati|54
облагати|облагати|V-|oblagati|54
дъхнѫти|дъхнути|V-|dъxnǫti|21
строуна|струна|Nb|struna|fem_a
наоучениѥ|научение|Nb|naučenьje|nt_jo
прѣтварꙗти|прѣтваряти|V-|pertvaŕǢti|54
крилатъ|крилатыи|A-|kridlatъ|adj_hard
ѫродъ|уродъ|Nb|ǫrodъ|masc_o
ѥже|еже|Df|ježe|
оутомити|утомити|V-|utomiti|40
дробьнъ|дробьныи|A-|drobьnъ|adj_hard
събити|събити|V-|sъbiti|17
казатель|казатель|Nb|kazateĺь|masc_tel
разлиꙗти|разлияти|V-|orzlьjǢti|53_abl
фараонъ|фараонъ|Nb|faraonъ|masc_o
мокръ|мокрыи|A-|mokrъ|adj_hard
обльгъчити|обльгъчити|V-|oblьgъčiti|40
изметати|изметати|V-|jьzmetati|iskati
зълонравьнъ|зълонравьныи|A-|zъlonorvьnъ|adj_hard
хоть|хоть|Nb|xotь|fem_i
съдѣиствовати|съдѣиствовати|V-|sъdějьstvovati|61
сꙑтъ|сытыи|A-|sytъ|adj_hard
чародѣи#2|чародѣи|Nb|čǢrodějь|masc_jo
издьрати|издьрати|V-|jьzdьrati|51_abl
прѣждереченъ|прѣждереченыи|A-|perђerečenъ|adj_hard
запалити|запалити|V-|zapaliti|40
прѣщедръ|прѣщедрыи|A-|perščedrъ|adj_hard
налиꙗти|налияти|V-|nalьjǢti|53_abl
зачѧтиѥ|зачатие|Nb|začętьje|nt_jo
дрѣводѣлꙗ|дрѣводѣля|Nb|dervoděĺǢ|masc_ja
въспитаниѥ|въспитание|Nb|vъspitanьje|nt_jo
неплодьнъ|неплодьныи|A-|neplodьnъ|adj_hard
сѣнь#2|сѣнь|Nb|sěnь|fem_i
страньнолюбиѥ|страньнолюбие|Nb|stornьnoĺubьje|nt_jo
непрѣмѣньно|непрѣмѣньно|Df|neperměnьno|
съписати#2|съписати|V-|sъpisati|54
о|о|I-|o|
съсѣсти|съсѣсти|V-|sъsěsti|infix_11
позавидѣти|позавидѣти|V-|pozaviděti|viděti
камо|камо|Df|kamo|
срѣда#2|середа|Nb|serda|fem_a
кръмити#2|кърмити|V-|kr̥miti|40
плѣти|полоти|V-|pelti|11
плоути|плути|V-|pluti|uti
цѣсарьскꙑ|цѣсарьскы|Df|kěsaŕьsky|
прибити|прибити|V-|pribiti|17
поити#2|поити|V-|pojiti|40
чьто|чьто|Pr|čьto|
въпадати|въпадати|V-|vъpadati|54
растворити#2|ростворити|V-|orstvoriti|40
оуръвати|уръвати|V-|urъvati|51
роути|рути|V-|ruti|uti
оучоути|учути|V-|učuti|čuti
бъдрость|бъдрость|Nb|bъdrostь|fem_i
вꙑти|выти|V-|vyti|18
обрѣзати|обрѣзати|V-|obrězati|54
оурѣзати#2|урѣзати|V-|urězati|54
мимо|мимо|Df|mimo|
възрасти|възрасти|V-|vъzorsti|11
бръзъ|бързыи|A-|br̥zъ|adj_hard
гасити|гасити|V-|gasiti|40
съмирꙗти|съмиряти|V-|sъmiŕǢti|54
приломити|приломити|V-|prilomiti|40
привести#1|привести|V-|privesti|11
стихъ|стихъ|Nb|stixъ|masc_o
любо|любо|G-|ĺubo|
съписати|съписати|V-|sъpisati|54
плакати|плакати|V-|plakati|52
тѫдѣ|тудѣ|Df|tǫdě|
достати|достати|V-|dostati|stati
привѧзати#2|привязати|V-|privęzati|54
съказати#2|съказати|V-|sъkazati|52
съвѧзати#2|съвязати|V-|sъvęzati|54
въметати#2|въметати|V-|vъmetati|iskati
отъкръвениѥ|отъкръвение|Nb|otъkrъvenьje|nt_jo
оклеветати#2|оклеветати|V-|oklevetati|52
прѣпоꙗсати#2|прѣпоясати|V-|perpojǢsati|54
подвиѕати#2|подвизати|V-|podvigati|52
осѧѕати#2|осязати|V-|osęgati|54
жѧдати#2|жадати|V-|žędati|54
наказати#2|наказати|V-|nakazati|54
оувѧзати#2|увязати|V-|uvęzati|54
въздвиѕати#2|въздвизати|V-|vъzdvigati|54
погꙑбати#2|погыбати|V-|pogybati|54
посꙑпати#2|посыпати|V-|posypati|54
ѫдолиѥ|удолие|Nb|ǫdolьje|nt_jo
прорицати#2|прорицати|V-|prorikati|52
нарицати#2|нарицати|V-|narikati|52
рѫкоѩть|рукоять|Nb|rǫkojętь|fem_i
стопа|стопа|Nb|stopa|fem_a
оуньзнѫти|уньзнути|V-|unьznǫti|21
объстоꙗниѥ|объстояние|Nb|obъstojǢnьje|nt_jo
възискати#2|възискати|V-|vъziskati|54
помѣтати|помѣтати|V-|pomětati|54
