lemma|match|vr_lev|vr_status|CSR|CSR_form|imperative|question|HE response||pos
быти|быть|0.25|||будет|||||V-
вьсь|весь|0.25||||||||Px
кънязь|князь|0.1666666667|||князей|||||Nb
приити|прийти|0.1666666667|||приду|||||V-
рещи|речь|0.75|||реку|||||V-
дьнь|день|0.25|||дней|||||Nb
земля|земля|0|||земель|||||Nb
мъногыи|многий|0.4285714286|||многого|||||A-
отьць|отец|0.4|||отцов|||||Nb
хотѣти|хотеть|0.3333333333|||хочу|||||V-
сътворити|сотворить|0.2222222222|||сотворю|||||V-
посълати|послать|0.25|||пошлю||derivation: посол|I think we should ignore derivations unless they turn up by themselves||V-
цьркы|церковь|0.5714285714|||церквей||use a later form?|Won't that point be moot if we are going to operate with a full set of generated forms for LCS? We should then be able to see that the form stems from acc.sg.||Nb
вьсякыи|всякий|0.4285714286|||всяких|||||A-
възяти|взять|0.3333333333|||возьму|||||V-
братия|братия|0|||братий|||||Nb
начати|начать|0.1666666667|||начну||derivation: начинать. Ignore?|Ignore||V-
дъва|два|1|||двух|||||Ma
русьскыи|русский|0.375|||русских|||||A-
прияти|принять|0.2857142857|||приму|||||V-
жена|жена|0|||жён|||||Nb
къто|кто|0.25|||кого|||||Px
новъгородьць|новгородец|0.25|||новгородцев||новогородец marginally possible (archaic, toponyms)|||Nb
чьто|что|0.25|||чего|||||Pi
тъгда|тогда|0.2||||||||Df
врѣмя|время|0.2|||времён|||||Nb
бити|бить|0.25|||бью|бей|tense yer|||V-
убити|убить|0.2|||убью|убей|tense yer|||V-
мощи|мочь|0.5|||могу|||||V-
гривьна|гривна|0.1428571429|||гривен|||||Nb
сьрдьце|сердце|0.2857142857|||сердец|||||Nb
государь|государь|0|||государей|||||Nb
крьстъ|крест|0.3333333333|||крестов|||||Nb
съмьрть|смерть|0.2857142857|||смертей|||||Nb
любы|любовь|0.5|||любовей||use a later form?|moot due to generated forms?||Nb
възвратити|возвратить|0.2|||возвращу|||||V-
съказати|сказать|0.25|||скажу|||||V-
зъло|зло|0.25|||зол|||||Nb
дьржати|держать|0.2857142857|||держу|||||V-
житие|житие|0|||житий|||||Nb
вънити|войти|0.5|||||#irrelevant_irregular_change|n variation ignored||V-
зълыи|злой|0.6|||зол|||||A-
любити|любить|0.1666666667|||люблю|||||V-
почати|почать|0.5|||почну|||||V-
пълкъ|полк|0.4|||полков|||||Nb
мъножьство|множество|0.2|||множеств|||||Nb
зима|зима|0|||зим|||||Nb
пьрвыи|первый|0.3333333333|||первых|||||Mo
просити|просить|0.1428571429|||прошу|||||V-
пьсати|писать|0.3333333333|||пишу|||#irrelevant_irregular_change||V-
старьць|старец|0.2857142857|||старцев|||||Nb
прѣподобьныи|преподобный|0.25|||преподобен|||||A-
воля|воля|0|||воль|||||Nb
посадьникъ|посадник|0.2|||посадников|||||Nb
владыка|владыка|0|||владык|||||Nb
умрѣти|умереть|0.4285714286|||умру|||||V-
присълати|прислать|0.2222222222|||пришлю|||||V-
кънига|книга|0.1666666667|||книг|||||Nb
въстати|встать, восстать|0.2857142857|||встану|||||V-
избити|избить|0.625|||изобью|||||V-
око|око|1|||очей|||||Nb
сльза|слеза|0.2|||слёз|||||Nb
коньць|конец|0.3333333333|||концов|||||Nb
лодья|ладья|0.2|||ладей|||||Nb
кръвь|кровь|0.2|||кровей|||historically acc.sg.||Nb
село|село|0|||сёл|||||Nb
большии|больший|0.1428571429|||большого||matching with большой ОК? Or do we want больший??|this is comparative, changed to больший||A-
правьда|правда|0.1428571429|||правд||derivation: праведный, праведник|ignore derivations (they're probably on the list anyway)||Nb
крьстити|крестить|0.25|||крещу|||||V-
господьнь|господень|0.3333333333|||господня|||||A-
къдѣ|где|0.75||||||||Dq
отъити|отойти|0.3333333333|||отойду|||||V-
имѣние|имение|0.6666666667|||имений|||||Nb
дияволъ|дьявол|0.2857142857|||дьяволов|||||Nb
новъгородьскыи|новгородский|0.2857142857|||новгородского||новогородский marginally possible (archaic, toponyms)|||A-
тъкъмо|токмо||||||archaic|||Df
вьсегда|всегда|0.1428571429|||||derivation: весь|ignore derivation||Df
вельми|вельми|0.8787878788|||||very archaic|||Df
мъного|много|0.1666666667||||||||Df
небесьныи|небесный|0.2222222222|||небесен|||||A-
оружие|оружие|0||||||||Nb
хрьстиянинъ|христианин|0.2727272727||||||#irrelevant_irregular_change?||Nb
чьсть|честь|0.2||||||||Nb
правьдьныи|праведный|0.3||||||||A-
събьрати|собрать|0.375|||||cобирать?? #aspect|||V-
сълньце|солнце|0.2857142857||||||||Nb
духовьныи|духовный|0.2222222222||||||||A-
искати|искать|0.1666666667||||||||V-
чьстьныи|честный|0.5555555556||||||||A-
написати|написать|0.125||||||#irrelevant_irregular_change?||V-
питие|питьё|0.4||||||||Nb
каменьныи|каменный|0.2222222222||||||||A-
келия|келья|0.2||||||||Nb
възложити|возложить|0.4444444444||||||||V-
цѣсарьство|царство|0.3|||||#irrelevant_irregular_change|#irrelevant_irregular_change?||Nb
грьчьскыи|греческий, грецкий|0.4444444444||||||||A-
пити|пить|0.25||||||||V-
божьствьныи|божественный|0.3333333333||||||||A-
съто|сто|1||||||non-complex numerals retained||Ma
учение|учение|0||||||||Nb
половьци|половцы|||||||||Nb
отъяти|отнять|0.3333333333|||||#irrelevant_irregular_change|||V-
зъвати|звать|0.3333333333||||||||V-
цьркъвьныи|церковный|0.4||||||||A-
вънукъ|внук|0.3333333333||||||||Nb
възлюбити|возлюбить|0.4444444444||||||||V-
угъринъ|угрин|1|||||marginal|||Nb
съзьдати|создать|0.375|||||созидать?? #aspect|||V-
отъпустити|отпустить|0.2||||||||V-
мьнѣти|мнить|0.8333333333||||||||V-
отъвѣщати|отвечать|0.4444444444||||||accept отвечать as a match here? мочь was accepted as a match for мощи||V-
погыбнути|погибнуть|0.2222222222||||||||V-
крьщение|крещение|0.125||||||||Nb
чьтобы|чтобы|0.1666666667||||||||G-
благословение|благословение|0||||||||Nb
грѣшьныи|грешный|0.375||||||||A-
выити|выйти|||||||||V-
помиловати|помиловать|0.1|||||remove?? orthography|||V-
българе|болгаре|0.2857142857||||||||Nb
хрьстияньскыи|христианский|0.3846153846||||||#irrelevant_irregular_change?||A-
тьрпѣти|терпеть|0.4285714286||||||||V-
праздьникъ|праздник|0.2||||||||Nb
съвъкупити|совокупить|0.8||||||||V-
изимати|изымать|0.7142857143||||||||V-
съборъ|сбор, собор|0.3333333333||||||||Nb
бѣсовьскыи|бесовский|0.4||||||||A-
призъвати|призвать|0.2222222222||||||||V-
отътолѣ|оттоле|0.5714285714|||||marginal|||Df
благовѣрьныи|благоверный|0.6666666667||||||||A-
младеньць|младенец|0.2222222222||||||||Nb
съпасение|спасение|0.1111111111||||||||Nb
брашьно|брашно|1||||||archaic, but exists in Wiktionary||Nb
мълвити|молвить|0.75||||||||V-
сьребро|серебро|0.1428571429|||||skip?? orthography|keep||Nb
посълъ|посол|0.625||||||||Nb
отъдати|отдать|0.2857142857||||||||V-
пожещи|пожечь|0.6666666667||||||South/East issue||V-
съпасти|спасти|||||||||V-
въскорѣ|вскоре|0.2857142857||||||||Df
испълнити|исполнить|0.4444444444||||||||V-
мьртвыи|мёртвый|0.2857142857||||||||A-
търгъ|торг|0.7692307692||||||||Nb
съпасъ|спас|0.5|||||ignoring capital letters|||Nb
ничьто|ничто|0.1666666667||||||||Px
служьба|служба|0.1428571429||||||||Nb
къняжь|княжий|0.6666666667||||||added княжий|Missed it. Fine with me to add.|A-
съдѣлати|сделать|0.375||||||||V-
кънягыни|княгиня|0.375||||||||Nb
зьрѣти|зреть|0.75||||||||V-
избьрати|избрать|0.25|||||избирать?? #aspect|||V-
чьрноризьць|черноризец|0.2727272727||||||||Nb
къняжити|княжить|0.25||||||||V-
узьрѣти|узреть|0.7142857143||||||||V-
тътъ|тот|0.5||||||||Pd
крѣпъко|крепко|0.8571428571||||||||Df
дъщи|дочь|0.75||||||South/East issue||Nb
грькъ|грек|||||||||Nb
словѣньскыи|словенский|0.4545454545|||||славянский, too, but we can ignore that|agree||A-
сильныи|сильный|0.1428571429||||||||A-
печерьскыи|печерский|0.3||||||||A-
въложити|вложить|0.375||||||||V-
мьнии|меньший|0.5714285714|||||no match, I guess|form inventory same as меньший||A-
съвѣтъ|совет|0.5||||||||Nb
вѣче|вече|0.25||||||||Nb
кърмити|кормить|0.2857142857||||||||V-
съняти|снять|0.3333333333||||||||V-
утвьрдити|утвердить|0.4545454545||||||||V-
тьма|тьма|0.8461538462||||||||Nb
красьныи|красный|0.375||||||||A-
съмѣрение|смирение|0.2222222222||||||||Nb
вѣчьныи|вечный|||||||||A-
повелѣние|повеление|0.6||||||||Nb
прозъвати|прозвать|0.5555555556||||||||V-
стълпъ|столп|0.3333333333||||||||Nb
покаяние|покаяние|0||||||||Nb
страшьныи|страшный|0.2222222222||||||||A-
съподобити|сподобить|0.8333333333||||||||V-
мъногашьды|многажды|0.7272727273||||||||Df
двьрь|дверь|0.2||||||||Nb
къдѣ|где|0.75||||||||Du
пермьскыи|пермский|0.3333333333||||||||A-
наказание|наказание|0||||||||Nb
дияконъ|диакон, дьякон|0.2857142857||||||||Nb
въстокъ|восток|0.2857142857||||||||Nb
прогънати|прогнать|0.2222222222||||||||V-
латиньскыи|латинский|0.3||||||||A-
купьць|купец|0.3333333333||||||||Nb
нѣмьць|немец|0.5||||||||Nb
познати|познать|0.1428571429||||||||V-
въздьржание|воздержание|0.1818181818||||||||Nb
съхранити|сохранить|0.3333333333||||||||V-
пѣние|пение|0.2||||||||Nb
скърбь|скорбь|0.1666666667||||||||Nb
съмотрити|смотреть|0.3333333333|||||why not съмотрѣти??|Sreznevskij has съмотрѣти, but all but one of our infinitive occurrences are съмотрити (and the one съмотрѣти is from Peter I). L-forms are also consistently съмотрил-. and aorist stem is съмотри-. So we actually thought properly about this one!||V-
половьчьскыи|половецкий|0.5||||||||A-
умьрѣти|умереть|||||||||V-
съвьршити|совершить|0.3333333333||||||||V-
цѣлование|целование|0.1111111111||||||||Nb
никъто|никто|0.1666666667||||||||Px
пакость|пакость|1||||||||Nb
въторыи|второй|0.4285714286||||||||Mo
послѣдьнии|последний|0.3||||||||A-
чьрньць|чернец|0.4285714286||||||||Nb
отьчина|вотчина|0.7777777778|||||#irrelevant_irregular_change|||Nb
въздати|воздать|0.2857142857||||||||V-
отъступити|отступить|0.2||||||||V-
съвьршеныи|совершенный|0.3636363636||||||||A-
только|только|0||||||||Df
въвести|ввести|0.1428571429||||||||V-
болѣзнь|болезнь|0.1428571429||||||||Nb
сънити|сойти|0.5|||||#irrelevant_irregular_change|||V-
въспять|вспять|1||||||||Df
ратьныи|ратный|0.7142857143||||||||A-
вълхвъ|волхв|0.3333333333||||||||Nb
въкупѣ|вкупе|0.8333333333||||||||Df
коньчати|кончать|0.25||||||||V-
помочь|помощь|0.1666666667||||||South/East issue||Nb
другъ|друг|||||||||Nb
вънимати|внимать|0.25||||||||V-
человѣчьскыи|человеческий|0.3333333333||||||||A-
льсть|лесть|0.6||||||||Nb
безбожьныи|безбожный|0.2||||||||A-
присьно|присно|0.1428571429||||||||Df
къняжение|княжение|0.1111111111||||||||Nb
събыти|сбыть|0.5714285714||||||||V-
вьрста|верста|0.1666666667||||||||Nb
вѣрьныи|верный|0.4285714286||||||||A-
съмѣти|сметь|0.5||||||||V-
письмо|письмо|0||||||||Nb
чьрныи|чёрный|0.3333333333||||||||A-
пълныи|полный|0.3333333333||||||||A-
пьрстъ|перст|0.8333333333||||||||Nb
дъчи|дочь|||||||||Nb
кънижьныи|книжный|0.3333333333||||||||A-
намѣстьникъ|наместник|0.2727272727||||||||Nb
крьстьныи|крёстный|0.3333333333||||||||A-
съмѣреныи|смиренный|0.4444444444||||||||A-
ростовьць|ростовец|0.2222222222||||||||Nb
выгънати|выгнать|0.25||||||||V-
вълкъ|волк|0.4||||||||Nb
бѣдьныи|бедный|0.4285714286||||||||A-
смьрдъ|смерд|0.3333333333||||||||Nb
съступити|соступить|0.7||||||соступить is in Wiktionary||V-
плъть|плоть|0.2||||||||Nb
вънезаапу|внезапно|0.4444444444|||||#irrelevant_irregular_change|suffix added in Russian, retain?||Df
цѣсарьствовати|царствовать|0.2857142857|||||#irrelevant_irregular_change|||V-
съзъвати|созвать|0.375|||||созывать, #aspect|||V-
овьца|овца|0.2||||||||Nb
умъножити|умножить|0.2222222222||||||||V-
отъходити|отходить|0.6666666667||||||||V-
безаконие|беззаконие|0.1||||||||Nb
пътица|птица|0.1666666667||||||||Nb
печальныи|печальный|0.1111111111||||||||A-
посадьничьство|посадничество|||||||||Nb
противьныи|противный|0.2||||||||A-
вълѣзти|влезть|0.5714285714||||||||V-
сълати|слать|0.5||||||||V-
погънати|погнать|0.375||||||||V-
больныи|больной|0.2857142857||||||||A-
генварь|январь|0.2857142857|||||#irrelevant_irregular_change|||Nb
зълоба|злоба|0.5||||||||Nb
гънати|гнать|0.3333333333||||||||V-
горькыи|горький|0.2857142857||||||||A-
въпити|вопить|0.8571428571||||||||V-
чудьныи|чудный|0.2857142857||||||||A-
только|только|0.4545454545||||||||Dq
польза|польза|0||||||||Nb
пушька|пушка|0.1666666667||||||||Nb
пьсковичь|пскович|||||||||Nb
съпати|спать|0.3333333333||||||||V-
почьто|почто|0.8333333333||||||||Du
тяжькыи|тяжкий|0.4285714286||||||||A-
различьныи|различный|0.2||||||||A-
грѣшьникъ|грешник|0.3333333333||||||||Nb
съгрѣшити|согрешить|0.4444444444||||||||V-
истиньныи|истинный|0.2222222222||||||||A-
олтарь|алтарь|0.1666666667||||||#irrelevant_irregular_change?||Nb
игуменьство|игуменство|0.8181818182||||||||Nb
тысячьскыи|тысяцкий|0.7777777778||||||||A-
рукодѣлие|рукоделие|0.2222222222||||||||Nb
ветъхыи|ветхий|0.4285714286||||||||A-
кляти|клять|0.5||||||||V-
зажещи|зажечь|0.3333333333||||||South/East issue||V-
упъвати|уповать|0.9||||||||V-
стрыи|стрый|||||||||Nb
вьсегды|всегда|0.2857142857||||||#irrelevant_irregular_change?||Df
авъгустъ|август|0.25||||||||Nb
орда|орда|0||||||||Nb
кыевьскыи|киевский|0.4444444444||||||||A-
въздвигнути|воздвигнуть|0.7272727273||||||||V-
вѣньць|венец|0.5||||||||Nb
съложити|сложить|0.25||||||||V-
судия|судья|0.2||||||||Nb
крѣпъкыи|крепкий|0.5||||||||A-
вьрхъ|верх|0.4||||||||Nb
съказывати|сказывать|0.8||||||||V-
желѣзьныи|железный|0.3333333333||||||||A-
бесчисльныи|бесчисленный|0.25||||||||A-
съсудъ|сосуд|0.3333333333||||||||Nb
събирати|собирать|0.25||||||||V-
прославляти|прославлять|0.0909090909||||||||V-
правьдьникъ|праведник|0.2727272727||||||||Nb
вельможа|вельможа|0||||||||Nb
побити|побить|0.1666666667||||||||V-
рожьство|рождество|0.3333333333||||||South/East issue||Nb
съдоровыи|здоровый|0.3333333333||||||||A-
мънихъ|мних|0.5||||||archaic, but is in Wiktionary||Nb
крьстиянинъ|христианин|0.3636363636|||||#irrelevant_irregular_change|||Nb
свѣтьлыи|светлый|0.375||||||||A-
кротъкыи|кроткий|0.375||||||||A-
деревьня|деревня|0.125||||||||Nb
възвѣстити|возвестить|0.8||||||||V-
съблюсти|соблюсти|0.7777777778||||||||V-
мирьскыи|мирской|0.375||||||||A-
къдѣ|где|0.9||||||||Df
мольба|мольба|0||||||||Nb
славьныи|славный|0.25||||||||A-
готьскыи|готский|||||||||A-
ростовьскыи|ростовский|0.2727272727||||||||A-
четвьртыи|четвёртый|0.2222222222||||||||Mo
жьдати|ждать|0.3333333333||||||||V-
мыслити|мыслить|0.8571428571||||||||V-
дъждь|дождь|0.2||||||||Nb
напълнити|наполнить|0.2222222222||||||||V-
постьныи|постный|0.25||||||||A-
прѣзьрѣти|презреть|0.7||||||||V-
ключьникъ|ключник|0.2222222222||||||||Nb
възимати|взымать|0.7272727273||||||||V-
подобьныи|подобный|0.6||||||||A-
веселие|веселье|0.1428571429||||||||Nb
жидовьскыи|жидовский|0.7||||||||A-
съкрушити|сокрушить|0.7777777778||||||||V-
тьмьница|темница|0.625||||||||Nb
чьрниговьскыи|черниговский|0.3076923077||||||||A-
свободьныи|свободный|0.2||||||||A-
платье|платье|0||||||||Nb
жестъкыи|жёсткий, жестокий|0.375||||||||A-
мьстити|мстить|0.2857142857||||||||V-
пъртъ|порт|0.9090909091||||||"порт in the sense ""fabric"" is in Wiktionary"||Nb
отънудь|отнюдь|0.9||||||||Df
дивьныи|дивный|0.2857142857||||||||A-
пятъкъ|пяток|0.5714285714|||||legitimate match, right? The meaning is completely different ('five items', not 'Friday'), but still|I think it's legit||Nb
суждальць|суздалец|||||||||Nb
деньга|деньга|0.1666666667||||||||Nb
въпрашати|вопрошать|0.5||||||#irrelevant_irregular_change||V-
ръвъ|ров|0.5||||||||Nb
съборьныи|соборный, сборный|0.3333333333||||||||A-
ангельскыи|ангельский|0.2||||||||A-
съгорѣти|сгореть|||||||||V-
сътяжати|стяжать|0.7777777778||||||||V-
позъвати|позвать|0.25||||||||V-
въсприяти|воспринять|0.7777777778||||||воспринять added||V-
видѣние|видение|0.1428571429||||||||Nb
пьсъ|пёс|1||||||you don't use ё elsewhere (not in твердый, for example)||Nb
дѣтьскыи|детский|0.5||||||||A-
угърьскыи|угорский|0.7||||||||A-
събрати|собрать|||||||||V-
съмирити|смирить|0.25||||||||V-
сияти|сиять|0.2||||||||V-
цѣсарьствие|царствие|0.2727272727|||||#irrelevant_irregular_change|||Nb
крьстияньскыи|христианский|0.4615384615|||||#irrelevant_irregular_change|||A-
богатьство|богатство|0.1||||||||Nb
ольговъ|Олегов|0.4285714286||||||||A-
къзнь|кознь|0.2||||||||Nb
неправьда|неправда|0.1111111111||||||||Nb
дължьныи|должный|0.375||||||||A-
манастырьскыи|монастырский|0.3076923077||||||#irrelevant_irregular_change?||A-
обѣдьня|обедня|0.875||||||||Nb
съдравыи|здравый|||||||||A-
съвязати|связать|0.25||||||||V-
хълмъ|холм|0.4||||||||Nb
золото|золото|0|||||skip? #orthography|||Nb
шатьръ|шатёр|0.3333333333||||||||Nb
православьныи|православный|0.1538461538||||||||A-
неизреченьныи|неизречённый|0.1538461538||||||||A-
твьрдыи|твердый|0.2857142857||||||||A-
огньныи|огненный|0.375||||||||A-
сънъ|сон|0.5||||||||Nb
обычьныи|обычный|0.25||||||||A-
свиния|свинья|0.1666666667||||||||Nb
литургия|литургия|0||||||||Nb
домашьнии|домашний|0.2222222222||||||||A-
бъчька|бочка|0.3333333333||||||||Nb
съмысльныи|смышлёный|0.8461538462||||||do we count сл > шл as regular change? Probably not?||A-
съходити|сходить|0.25||||||||V-
въпрѣдъ|впредь|0.4285714286||||||||Df
съжалити|сожалеть|0.375||||||#irrelevant_irregular_change?||V-
мьзда|мзда|0.8||||||||Nb
въселити|вселить|0.375||||||||V-
начинати|начинать|0.125||||||||V-
благовѣщение|благовещенье|0.696969697||||||||Nb
послушание|послушание|0||||||||Nb
нѣчьто|нечто|0.3333333333||||||||Px
съвьршати|совершать|0.625|||||different meaning|||V-
домочадьць|домочадец|0.9||||||||Nb
довольныи|довольный|0.1111111111||||||||A-
тѣлесьныи|телесный|0.3333333333||||||||A-
судьно|судно|0.1666666667||||||||Nb
азъбука|азбука|||||||||Nb
устие|устье|0.2|||||no alternation with -ие|||Nb
боярьскыи|боярский|0.3333333333||||||||A-
прилежьно|прилежно|0.1111111111||||||||Df
дьньсь|днесь|1||||||||Df
отъвѣтъ|ответ|0.4285714286||||||||Nb
възъпити|возопить|0.8888888889||||||||V-
упъвание|упование|0.625||||||||Nb
страньныи|странный|0.2222222222||||||||A-
чьрньчьскыи|чернецкий|0.6363636364||||||||A-
възискати|взыскать|0.4444444444||||||||V-
переяславьскыи|переяславский|0.2142857143||||||||A-
нужьныи|нужный|0.2857142857||||||||A-
дръва|дрова|0.2||||||||Nb
наставьникъ|наставник|0.1818181818||||||||Nb
ноябрь|ноябрь|0||||||||Nb
въпросити|вопросить|0.3333333333||||||||V-
потрѣбьныи|потребный|0.7||||||||A-
задьница|задница|0.9|||||keep? Too large meaning discrepancy (inheritance)|if we're not doing manual matching, then surely this one has to go. If we are, I think we could keep it|I think we do!|Nb
володимѣрьць|владимирец|0.4166666667||||||South/East issue||Nb
пльсковьскыи|псковский|0.4166666667||||||||A-
възрастъ|возраст|0.25||||||||Nb
разьно|разно|0.6||||||||Df
съмыслъ|смысл|0.5714285714||||||||Nb
въселеная|вселенная|0.2222222222||||||||Nb
градьскыи|градский, городской|0.5555555556||||||||A-
въскрьсение|воскресение|0.1818181818||||||||Nb
усъпение|успение|0.125||||||||Nb
мьчьтание|мечтание|0.6666666667||||||||Nb
тъщание|тщание|0.7142857143||||||||Nb
ледъ|лёд|0.25||||||||Nb
заутрьня|заутреня|0.125||||||||Nb
рязаньскыи|рязанский|0.3||||||||A-
величьство|величество|0.5||||||||Nb
едъва|едва|0.2||||||||Df
въсияти|воссиять|0.375||||||||V-
вьседьржитель|Вседержитель|0.2307692308||||||||Nb
вышьнии|вышний|0.5555555556||||||||A-
съити|сойти|0.4||||||||V-
разгнѣвати|разгневать|0.2||||||||V-
прѣльстити|прельстить|0.7||||||||V-
съводъ|свод|0.92||||||свод is in Wiktionary||Nb
москъвьскыи|московский|0.3636363636||||||||A-
хрьстолюбьць|христолюбец|0.25||||||||Nb
купьно|купно|1||||||||Df
батюшька|батюшка|||||||||Nb
отъкуду|откуда|0.2857142857|||||#irrelevant_irregular_change|||Du
римьскыи|римский|0.375||||||||A-
естьство|естество|0.125||||||||Nb
прѣжьнии|прежний|0.375||||||||A-
устрьмити|устремить|0.6111111111|||||#reflexive|||V-
възвеселити|возвеселить|0.8333333333|||||#reflexive|||V-
одьржати|одержать|0.625||||||||V-
съмьртьныи|смертный|0.4||||||||A-
непорочьныи|непорочный|0.1818181818||||||||A-
съгрѣшение|согрешение|0.2||||||||Nb
неправьдьныи|неправедный|0.25||||||||A-
кръвавыи|кровавый|0.25||||||||A-
сладъкыи|сладкий|0.375||||||||A-
сколько|сколько|0||||||||Du
бързыи|борзый, борзой|||||||||A-
мощьныи|мощный|0.5714285714||||||||A-
нѣкъгда|некогда|0.75||||||||Df
насилие|насилие|0||||||||Nb
изгънати|изгнать|0.25||||||||V-
полунощьныи|полуночный|0.2727272727||||||South/East issue||A-
сърубити|срубить|||||||||V-
вьсьдѣ|везде|0.6666666667||||||||Df
тьрпѣние|терпение|0.25||||||||Nb
рътъ|рот|0.5||||||||Nb
въскрьснути|воскреснуть|0.2727272727||||||||V-
усънути|уснуть|0.5714285714||||||||V-
заступьникъ|заступник|0.5454545455||||||||Nb
научение|научение|0.25||||||научение is in Wiktionary||Nb
чьрниговьць|черниговец|0.2727272727||||||||Nb
стрѣльць|стрелец|0.375||||||||Nb
мужьство|мужество|0.125||||||||Nb
цѣсарьскыи|царский|0.5|||||#irrelevant_irregular_change|||A-
тъгды|тогда|0.4|||||#irrelevant_irregular_change|||Df
лавъка|лавка|0.1666666667||||||||Nb
вънъ|вон|0.5||||||||Df
польскыи|польский|0.25||||||||A-
въити|войти|||||||||V-
отълучити|отлучить|0.2222222222||||||||V-
българьскыи|болгарский|0.3636363636||||||||A-
отъвѣчати|отвечать|0.3333333333||||||||V-
орьлъ|орёл|0.4||||||||Nb
ближьнии|ближний|0.7142857143||||||||A-
възнести|вознести|0.5625|||||#reflexive|||V-
вънѣ|вне|0.5||||||||R-
невѣрьныи|неверный|0.3333333333||||||||A-
исцѣление|исцеление|0.1111111111||||||||Nb
отъпасти|отпасть|0.25||||||||V-
чьтити|чтить|0.5||||||||V-
съкрыти|скрыть|0.2857142857||||||||V-
призьрѣти|призреть|0.7||||||||V-
праздьновати|праздновать|0.1666666667||||||||V-
овьсъ|овёс|0.4||||||||Nb
прошение|прошение|0||||||||Nb
въсадити|всадить|0.6666666667||||||||V-
прощение|прощение|0||||||||Nb
душевьныи|душевный|0.2222222222||||||||A-
мълчание|молчание|0.125||||||||Nb
съдѣяти|содеять|0.7142857143||||||||V-
въписати|вписать|0.25||||||||V-
ръжь|рожь|||||||||Nb
дъвои|двое|0.4||||||retaining collective numerals||Ma
притъча|притча|0.1428571429||||||||Nb
льгъкыи|легкий|0.5714285714||||||||A-
октябрь|октябрь|0||||||||Nb
исписати|исписать|0.3333333333||||||||V-
пошьлина|пошлина|0.125||||||||Nb
съвести|свести|0.1428571429||||||||V-
мьсть|месть|0.2||||||||Nb
одъва|едва|0.4|||||#irrelevant_irregular_change|||Df
въходити|входить|0.25||||||||V-
възъвати|воззвать|0.5|||||#aspect|||V-
строение|строение|0||||||||Nb
льстити|льстить|0.8||||||||V-
пияньство|пьянство|0.2222222222||||||||Nb
умъножати|умножать|0.2222222222||||||||V-
въкушати|вкушать|0.7777777778||||||||V-
хотѣние|хотение|0.5714285714||||||||Nb
земьныи|земной|0.4285714286||||||||A-
немощьныи|немощный|0.2222222222||||||||A-
рьвьновати|ревновать|0.3||||||||V-
рожение|рождение|0.125||||||South/East issue||Nb
словесьныи|словесный|||||||||A-
изволение|изволение|0.5555555556||||||изволение is archaic, but in Wiktionary||Nb
пьшеница|пшеница|0.125||||||||Nb
въспѣти|воспеть|0.4285714286||||||||V-
разумьныи|разумный|0.2222222222||||||||A-
обилие|обилие|0||||||||Nb
покорение|покорение|0.4444444444||||||||Nb
орудие|орудие|0||||||||Nb
помьнити|помнить|0.25||||||||V-
дьрзнути|дерзнуть|0.25||||||||V-
дългыи|долгий|0.5||||||||A-
скърбьныи|скорбный|0.3333333333||||||||A-
иночьскыи|иноческий|0.3333333333||||||||A-
съпрашивати|спрашивать|0.1818181818||||||||V-
служька|служка|0.4285714286||||||||Nb
татарьскыи|татарский|0.3||||||||A-
възрасти|возрасти|0.25||||||||V-
полотьскыи|полоцкий|0.5||||||||A-
мьрътвыи|мёртвый|||||||||A-
прѣльсть|прелесть|0.875||||||||Nb
въздъхнути|вздохнуть|0.3||||||||V-
пророчьствовати|пророчествовать|0.1333333333||||||||V-
съкровище|сокровище|0.1111111111||||||||Nb
божьство|божество|0.6666666667||||||||Nb
възрадовати|возрадовать|0.6111111111|||||#reflexive|||V-
псалъмъ|псалом|0.2857142857||||||||Nb
страстотьрпьць|страстотерпец|1||||||||Nb
чьтение|чтение|0.1428571429||||||||Nb
проявляти|проявлять|0.1111111111||||||||V-
удьржати|удержать|0.25||||||||V-
утрьнии|утренний|0.375||||||||A-
въздыхание|вздыхание, воздыхание|0.6||||||added, both in Wiktionary||Nb
человѣколюбьць|человеколюбец|0.2142857143||||||||Nb
вечерьня|вечерня|0.125||||||||Nb
съсълати|сослать|0.375||||||||V-
хрьстьныи|крёстный|0.4444444444||||||#irrelevant_irregular_change?||A-
остатъкъ|остаток|0.25||||||||Nb
нельзѣ|нельзя|0.1666666667||||||#irrelevant_irregular_change?||Df
володимѣрьскыи|владимирский|0.5||||||South/East issue||A-
угодьникъ|угодник|0.2222222222||||||||Nb
варяжьскыи|варяжский|0.3||||||||A-
гърдыи|гордый|0.3333333333||||||||A-
мужьскыи|мужской|0.375||||||||A-
въздьржати|воздержать|0.6315789474|||||#reflexive|||V-
съпросити|спросить|0.2222222222||||||||V-
диякъ|дьяк|0.4||||||||Nb
подворие|подворье|0.125||||||||Nb
чьрница|черница|0.875||||||||Nb
възвращати|возвращать|0.2||||||||V-
дьрзновение|дерзновение|0.0909090909||||||||Nb
женьскыи|женский|0.375||||||||A-
равьныи|равный|0.2857142857||||||||A-
въкусити|вкусить|0.625||||||||V-
съставити|составить|0.2222222222||||||||V-
разбити|разбить|0.1428571429||||||||V-
твьрдь|твердь|||||||||Nb
съпасати|спасать|0.25||||||||V-
въсходити|восходить|0.2222222222||||||||V-
нѣкъто|некто|0.3333333333||||||||Px
бъдѣние|бдение|0.6153846154||||||||Nb
добродѣтельныи|добродетельный|0.1428571429||||||||A-
въпасти|впасть|0.5714285714||||||||V-
истьць|истец|0.3333333333||||||||Nb
въспоминати|вспоминать|0.1818181818||||||||V-
женъка|жёнка|0.4285714286||||||||Nb
съвѣщати|совещать|0.5|||||#reflexive|||V-
псалътырь|псалтырь|0.1111111111||||||||Nb
благочьстие|благочестие|0.0909090909||||||||Nb
сьрдьчьныи|сердечный|0.4||||||||A-
въспитати|воспитать|0.2222222222||||||||V-
печенѣжьскыи|печенежский|0.3333333333||||||||A-
пользьныи|полезный|0.3333333333||||||||A-
людьскыи|людской|0.375||||||||A-
възвести|возвести|0.375||||||||V-
агньць|агнец|0.7142857143||||||||Nb
отьчьскыи|отеческий|0.5555555556||||||||A-
вьсячьскы|всячески|0.3333333333||||||||Df
заутрьнии|заутренний|0.5555555556||||||||A-
отъшьствие|отшествие|0.2||||||||Nb
исчезнути|исчезнуть|0.1111111111||||||||V-
дъска|доска|0.2||||||||Nb
прѣтьрпѣти|претерпеть|0.4||||||||V-
пятьница|пятница|0.125||||||||Nb
кърмъ|корм|0.4||||||||Nb
священичьскыи|священнический|0.2857142857||||||||A-
възможьныи|возможный|0.3||||||||A-
зълодѣи|злодей|0.4285714286||||||||Nb
съзьдание|создание|0.2222222222||||||||Nb
рубашька|рубашка|0.125||||||||Nb
достигнути|достигнуть|0.1||||||||V-
нижьнии|нижний|0.2857142857||||||||A-
дѣвъка|девка|0.3333333333||||||||Nb
съчетъ|счёт|0.3333333333||||||||Nb
съдоровие|здоровье|0.3333333333||||||||Nb
нынѣшьнии|нынешний|0.3333333333||||||||A-
прѣславьныи|преславный|0.2727272727||||||||A-
отътуда|оттуда|0.1428571429||||||||Df
величие|величие|0||||||||Nb
въсточьныи|восточный|0.3||||||||A-
жалование|жалование|0||||||||Nb
чьстьно|честно|0.5||||||||Df
подъяти|поднять|0.2857142857|||||#irrelevant_irregular_change|||V-
съвъкупляти|совокуплять|0.8181818182||||||||V-
воскъ|воск|0.2||||||||Nb
нечьстивыи|нечестивый|0.2||||||||A-
мышьца|мышца|0.1666666667||||||||Nb
възоръ|взор|0.8333333333||||||||Nb
отъимати|отнимать|0.25|||||#irrelevant_irregular_change|||V-
обиходити|обходить|0.2222222222||||||||V-
мирьно|мирно|0.1666666667||||||||Df
съписати|списать|0.375||||||||V-
въспомянути|вспомянуть|0.3636363636||||||||V-
кудесьникъ|кудесник|0.2||||||||Nb
прѣдълежати|предлежать|0.9333333333||||||||V-
лъгати|лгать|0.3333333333||||||||V-
нощьныи|ночной|0.5714285714||||||||A-
въжещи|возжечь|0.6666666667||||||||V-
устьна|уста|0.3333333333|||||#irrelevant_irregular_change|||Nb
мьртвьць|мертвец|0.375||||||||Nb
дългъ|долг|0.4||||||||Nb
замъкнути|замкнуть|0.2222222222||||||||V-
гълѣбовъ|Глебов|0.5||||||||A-
вечерьнии|вечерний|0.2222222222||||||||A-
городъкъ|городок|0.25||||||||Nb
къняжии|княжий|||||||||A-
пьсковьскыи|псковский||||||we have пльсковьскыи, too, perhaps skip this one?|not sure what we gain by skipping?|well, пльсковьскыи and пьсковьскыи must be from somewhat different periods, right? I thought we are trying to be as archaic as we can? LCS won't have пьсковьскыи (I guess?)|A-
египьтьскыи|египетский|0.3636363636||||||||A-
гърдость|гордость|0.125||||||||Nb
съвѣщание|совещание|0.2222222222||||||||Nb
обьщии|общий|0.3333333333||||||||A-
морьскыи|морской|0.375||||||||A-
възненавидѣти|возненавидеть|0.2307692308||||||||V-
ковьръ|ковёр|0.3333333333||||||||Nb
чудотворьць|чудотворец|0.1818181818||||||||Nb
отъвьсюду|отовсюду|0.2222222222||||||||Df
чудотворьныи|чудотворный|0.1666666667||||||||A-
прѣдьнии|передний|0.5||||||South/East issue||A-
письць|писец|0.3333333333||||||||Nb
бытие|бытие|0||||||||Nb
источьникъ|источник|0.2||||||||Nb
жьртва|жертва|0.1666666667||||||||Nb
безумие|безумие|0||||||||Nb
отьчьство|отечество|0.2222222222||||||||Nb
попьрати|попрать|0.25||||||||V-
апостольскыи|апостольский|0.1666666667||||||||A-
съдравие|здравие|||||||||Nb
утвьржение|утверждение|0.3846153846||||||||Nb
окъньце|оконце|0.2857142857||||||||Nb
съблюдати|соблюдать|0.7777777778||||||||V-
основание|основание|0||||||||Nb
пьрси|перси|1||||||||Nb
замъкъ|замок|0.3333333333||||||||Nb
съвѣсть|совесть|0.2857142857||||||||Nb
убытъкъ|убыток|0.2857142857||||||||Nb
повиньныи|повинный|||||||||A-
съварити|сварить|0.25||||||||V-
понедѣльникъ|понедельник|0.1666666667||||||||Nb
недостатъкъ|недостаток|0.1818181818||||||||Nb
изъяти|изъять|0.8333333333||||||||V-
възирати|взирать|0.75||||||||V-
полътора|полтора|0.125||||||||Ma
вольныи|вольный|0.5555555556||||||||A-
смольньскыи|смоленский|||||||||A-
бръсити|бросить|0.2857142857||||||||V-
маленькыи|маленький|0.2222222222||||||||A-
останъкъ|останок|0.25|||||marginal in singular|||Nb
снъха|сноха|0.2||||||||Nb
показание|показание|0.2222222222||||||||Nb
государьскыи|государский|0.4166666667||||||||A-
вьсячьскыи|всяческий|0.4||||||||A-
иноземьць|иноземец|0.2222222222||||||||Nb
мъногоцѣньныи|многоценный|0.7692307692||||||||A-
ловьчии|ловчий|0.8571428571||||||||A-
лукавьство|лукавство|0.1||||||||Nb
льнъ|лён|0.5||||||you normally don't use ё||Nb
объновление|обновление|0.0909090909||||||||Nb
гумьно|гумно|0.1666666667||||||||Nb
творьць|творец|0.2857142857||||||||Nb
земльныи|земельный|0.2222222222||||||||A-
съвѣтьникъ|советник|0.4||||||||Nb
прѣдъстояти|предстоять|0.9090909091||||||||V-
въступити|вступить|0.2222222222||||||||V-
въздѣти|воздеть|0.6428571429||||||||V-
чьстити|честить|0.4285714286||||||чтить is hardly a match here||V-
бѣлозерьць|белозёрец|0.3||||||||Nb
въздвижение|воздвижение|0.6666666667||||||||Nb
бездъна|бездна|0.8181818182||||||||Nb
отъвести|отвести|0.125||||||||V-
муромьскыи|муромский|0.3||||||||A-
съньмъ|сонм|||||||||Nb
сълъгати|солгать|0.375||||||||V-
добытъкъ|добыток|0.7777777778||||||||Nb
вѣкъша|векша|0.875||||||||Nb
коньчьныи|конечный|0.5384615385|||||There is also конченый (done for), but that's from the participle with a different suffix, right? |agree that this is the right match||A-
воиньство|воинство|0.5555555556||||||||Nb
съвѣтовати|советовать|0.4166666667||||||||V-
тришьды|трижды|0.2857142857||||||||Df
сильно|сильно|0||||||||Df
вьдова|вдова|0.1666666667||||||||Nb
нѣмьчьскыи|немецкий|0.7|||||#irrelevant_irregular_change|there are more of these that don't have the tag||A-
дъвашьды|дважды|0.375||||||||Df
твѣрьскыи|тверской|0.4444444444||||||||A-
въскричати|вскричать|0.2||||||||V-
грамотъка|грамотка|0.2222222222||||||||Nb
рѣчька|речка|||||||||Nb
семьдесятъ|семьдесят|||||||remove all numerals?||Ma
дивьно|дивно|0.1666666667||||||||Df
къгда|когда|0.2||||||||Dq
древьнии|древний|0.25||||||||A-
благовоньныи|благовонный|0.1666666667||||||||A-
отъняти|отнять|0.2857142857||||||||V-
прельстити|прельстить|||||||||V-
свѣтильникъ|светильник|0.1818181818||||||||Nb
сквьрна|скверна|0.1428571429||||||||Nb
сънѣсти|съесть|0.4285714286|||||#irrelevant_irregular_change|||V-
суетьныи|суетный|0.25||||||||A-
начальникъ|начальник|0.1||||||||Nb
мьньшии|меньший|||||||||A-
прѣльщати|прельщать|0.8||||||||V-
умьныи|умный|0.3333333333||||||||A-
иерусалимьскыи|иерусалимский|0.2142857143||||||||A-
отьчии|отчий|0.3333333333||||||||A-
съконьчание|скончание|||||||||Nb
христианьскыи|христианский||||||we have хрьстияньскыи?|we do||A-
евангельскыи|евангельский|0.1666666667||||||||A-
съпрятати|спрятать|0.875||||||||V-
сълньчьныи|солнечный|0.4||||||||A-
пролитие|пролитие|||||||||Nb
испити|испить|0.5||||||||V-
отъпѣти|отпеть|0.8571428571||||||||V-
тъщии|тощий|0.8125||||||||A-
плътьскыи|плотский|0.4444444444||||||||A-
възнесение|Вознесение|0.2||||||||Nb
рязаньць|рязанец|||||||||Nb
передьнии|передний|0.2222222222||||||||A-
накърмити|накормить|0.2222222222||||||||V-
помощьникъ|помощник|0.2||||||||Nb
устрьмление|устремление|0.6363636364||||||||Nb
горько|горько|0||||||||Df
испъртити|испортить|0.2222222222||||||||V-
локъть|локоть|0.1666666667||||||||Nb
вьсяко|всяко|0.625||||||||Df
съказание|сказание|0.6153846154||||||||Nb
хъмельныи|хмельной|0.3333333333||||||||A-
сътяжание|стяжание|0.8333333333||||||||Nb
търговля|торговля|0.125||||||||Nb
милосьрдие|милосердие|0.1||||||||Nb
прочисти|прочесть|0.3333333333||||||#irrelevant_irregular_change||V-
рыбьныи|рыбный|0.2857142857||||||||A-
сърокъ|срок|0.3333333333||||||||Nb
ледьникъ|ледник|0.25||||||||Nb
почьтити|почтить|0.25||||||||V-
поварьня|поварня|0.75||||||||Nb
въторьникъ|вторник|0.3||||||||Nb
четвьргъ|четверг|0.25||||||||Nb
дълго|долго|0.2||||||||Df
съковати|сковать|0.25||||||||V-
отъсѣчи|отсечь|0.4285714286||||||||V-
възискание|взыскание|0.7||||||||Nb
съдьржати|содержать|0.3333333333||||||||V-
отъступьникъ|отступник|0.25||||||||Nb
тюрьма|тюрьма|0||||||||Nb
робенъкъ|ребёнок|0.375|||||#irrelevant_irregular_change|||Nb
тъкъмо|токмо|||||||||Df
врѣменьныи|временный|0.3||||||||A-
вълна|волна|0.2||||||||Nb
къняжичь|княжич|0.25||||||||Nb
дългота|долгота|0.1428571429||||||||Nb
вътечи|втечь|0.8571428571||||||||V-
съкопити|скопить|||||||||V-
съсьць|сосец|||||||||Nb
живоначальныи|живоначальный|0.0769230769||||||||A-
крыльце|крыльцо|0.1428571429||||||||Nb
търговати|торговать|0.2222222222||||||||V-
ковьчегъ|ковчег|0.25||||||||Nb
прозьрѣти|прозреть|0.3333333333||||||||V-
законьныи|законный|0.2222222222||||||||A-
сълучити|случить|0.4444444444|||||#reflexive|||V-
осквьрнити|осквернить|0.2||||||||V-
блудьныи|блудный|0.7777777778||||||||A-
святительскыи|святительский|0.1538461538||||||||A-
надъвое|надвое|0.1428571429||||||||Df
възносити|возносить|0.5882352941|||||#reflexive|||V-
съпасти|спасть||||||doublet, remove? I gather that this one is спасть (fall), while the previous one was cпастИ (save)|I wouldn't drop it, since the stems are different (though I agree that any interesting forms would be down to the prefix in both)|In such cases, how do I know which is which? Inflections are not always there, and the list does not have indices (e.g. cъпасти#1)|V-
отъвратити|отвратить|0.2||||||||V-
прѣображение|преображение|||||||||Nb
водьныи|водный|0.2857142857||||||||A-
послушьливыи|послушливый|0.4166666667||||||added||A-
благоухание|благоухание|0.7272727273||||||||Nb
въсылати|воссылать|0.3333333333||||||||V-
распьря|распря|0.1428571429||||||||Nb
коньчина|кончина|0.125||||||||Nb
подълѣ|подле|0.6666666667||||||||R-
прѣкрьстити|перекрестить|0.3333333333||||||South/East issue||V-
бубънъ|бубен|0.3333333333||||||||Nb
въпль|вопль|0.2||||||||Nb
лъжь|ложь|0.25||||||||Nb
объдьржати|одержать|0.8||||||added, both in Wiktionary|I am against обдержать!|V-
тьсть|тесть|||||||||Nb
въѣхати|въехать|0.2857142857||||||||V-
праздьныи|праздный|0.2222222222||||||||A-
мълчати|молчать|0.2857142857||||||||V-
събити|сбить|0.3333333333||||||||V-
дожьдати|дождать|0.4||||||added||V-
братьць|братец|0.2857142857||||||||Nb
жеребьць|жеребец|0.25||||||||Nb
сьдесе|здесь|0.5||||||not sure this should count as a match||Df
полънощь|полночь|0.25||||||South/East issue||Nb
сквьрныи|скверный|||||||||A-
радостьныи|радостный|||||||||A-
дальнии|дальний|0.1428571429||||||||A-
мясьныи|мясной|0.4285714286||||||||A-
платьно|полотно|0.4285714286||||||South/East issue||Nb
пересъмотрѣти|пересмотреть|0.2307692308||||||should probably have -съмотрити in this one as well||V-
дружьба|дружба|0.1428571429||||||||Nb
пользовати|пользовать|0.5||||||||V-
житьница|житница|0.125||||||||Nb
присьныи|присный|||||||||A-
попъртити|попортить|0.4444444444||||||||V-
конюшьна|конюшня|0.25||||||||Nb
посълание|послание|0.1111111111||||||||Nb
грозьныи|грозный|0.25||||||||A-
пльсковичь|пскович|0.3||||||||Nb
съмотрѣние|смотрение|0.5||||||||Nb
галичьскыи|галичский|||||||||A-
литъвьскыи|литовский|||||||||A-
правовѣрьныи|правоверный|0.25||||||||A-
въскочити|вскочить|0.2222222222||||||||V-
отъгънати|отогнать|0.3333333333||||||||V-
тьмьныи|темный|0.4285714286||||||||A-
усьрдие|усердие|||||||||Nb
хоросаньць|хорасанец|0.3||||||||Nb
вьсе|всё|0.5|||||keep or remove? Already covered by вьсь|It's only used for later texts that have it in the все-таки, все еще type adverbial meanings, so it could easily be dropped. What's our principle for dropping doublets?|just drop them? :)|Df
миленькыи|миленький|0.2222222222||||||||A-
будьто|будто|0.1666666667||||||||Df
съмощи|смочь|0.5|||||South/East issue|||V-
сълагати|слагать|0.25||||||||V-
объявити|объявить|||||||||V-
королевьскыи|королевский|||||||||A-
въсхвалити|восхвалить|0.2||||||||V-
протълковати|протолковать|||||||||V-
посадьничии|посадничий|0.3636363636||||||||A-
сътьскыи|сотский|0.8461538462||||||||A-
недѣльныи|недельный|0.6785714286||||||||A-
отъсюда|отсюда|0.1428571429||||||||Df
дьрзати|дерзать|0.2857142857||||||||V-
котьлъ|котел|0.3333333333||||||||Nb
угълъ|угол|0.4||||||||Nb
бръня|броня|0.9333333333||||||||Nb
заморие|заморье|0.375|||||no alternation with -ие|||Nb
осквьрняти|осквернять|0.2||||||||V-
колодьникъ|колодник|0.7||||||||Nb
чьрвь|червь|0.2||||||||Nb
жьзлъ|жезл|0.4||||||||Nb
отъкрыти|открыть|0.25||||||||V-
въмѣнити|вменить|0.9375||||||||V-
изобрѣсти|изобрести|0.1111111111||||||||V-
съгнити|сгнить|0.2857142857||||||||V-
сътьрпѣти|стерпеть|||||||||V-
корсуньскыи|корсунский|0.2727272727||||||||A-
обънажити|обнажить|0.2222222222||||||||V-
бесконьчьныи|бесконечный|0.25||||||||A-
въдваряти|водворять|0.8666666667||||||||V-
отъстояти|отстоять|0.4444444444||||||||V-
мъножити|множить|0.25||||||||V-
воеводьство|воеводство|0.7058823529||||||||Nb
въздухъ|воздух|0.2857142857||||||||Nb
мьчьта|мечта|1||||||||Nb
вѣчьныи|вечный|||||||||A-
вьсь|весь|1|||||archaic|||Nb
бъдѣти|бдеть|0.75||||||||V-
несъмысльныи|несмышленный|0.4166666667||||||||A-
благочьстивыи|благочестивый|0.1538461538||||||||A-
угодие|угодье|0.6666666667||||||||Nb
васильковъ|Васильков|0.2||||||||A-
възвѣщати|возвещать|0.6666666667||||||||V-
възворотити|возвратить|0.3636363636|||||South/East issue|||V-
мѣсячьныи|месячный|0.3333333333||||||||A-
городьня|городня|0.8333333333||||||||Nb
холопьство|холопство|0.1||||||||Nb
бережьно|бережно|0.6470588235||||||||Df
въздавати|воздавать|0.2222222222||||||||V-
тѣсьнота|теснота|||||||||Nb
събьрание|собрание|0.2222222222||||||||Nb
тъщета|тщета|0.8||||||||Nb
скърбѣти|скорбеть|0.375||||||||V-
вѣжьливыи|вежливый|0.3333333333||||||||A-
хлѣбьныи|хлебный|0.375||||||||A-
обрѣзъкъ|обрезок|0.375||||||||Nb
одьнорядъка|однорядка|0.1818181818||||||||Nb
розьныи|разный|0.4285714286||||||South/East issue||A-
приказьщикъ|приказчик||||||South/East issue|||Nb
избытъкъ|избыток|0.375|||||Typo in Syntacticus|||Nb
божьница|божница|1||||||||Nb
суждальскыи|суздальский|0.2727272727||||||the etymology of Суздаль is disputed, so hard to know what to think about the з/ж here. ||A-
высълати|выслать|0.5||||||||V-
коньныи|конный|0.2857142857||||||||A-
мирьныи|мирный|||||||||A-
окрьстъ|окрест|0.2857142857||||||||R-
прѣдъложити|предложить|0.2727272727||||||||V-
духовьникъ|духовник|0.2||||||||Nb
полатъка|палатчка|0.875||||||палатка? This is all Avvakum||Nb
пустыньныи|пустынный|||||||||A-
градъкъ|городок|0.5714285714|||||South/East issue|||Nb
съвлѣщи|совлечь|0.875|||||South/East issue|совлечь, South/East issue?||V-
съжещи|сжечь|0.5|||||South/East issue|||V-
безаконьныи|беззаконный|0.7272727273||||||||A-
купьчина|купчина|0.625||||||||Nb
съпустити|спустить|0.2222222222||||||||V-
вьсемилостивыи|всемилостивый|0.1428571429||||||||A-
възлетѣти|взлететь|0.3333333333||||||||V-
сановьникъ|сановник|0.2||||||||Nb
золотьникъ|золотник|0.5714285714||||||||Nb
кърсуньскыи|корсунский|0.3636363636|||||doublet|||A-
кърмильць|кормилец|0.3333333333||||||||Nb
льгъко|легко|0.3333333333||||||||Df
седьло|седло|0.1666666667||||||||Nb
бещисльныи|бесчисленный|||||||||A-
лъбъ|лоб|0.5||||||||Nb
противьникъ|противник|0.1818181818||||||||Nb
напрасьныи|напрасный|0.7||||||||A-
гъртань|гортань|0.1428571429||||||||Nb
вълчии|волчий|0.3333333333||||||||A-
сквьрньныи|скверный||||||no match?|why not скверный?|brain slugs, as usual|A-
кънижьникъ|книжник|0.9230769231||||||||Nb
въплътити|воплотить|0.3333333333||||||||V-
пришьствие|пришествие|||||||||Nb
плѣнение|пленение|0.125||||||||Nb
съмятение|смятение|0.1111111111||||||||Nb
мольбьнъ|молебен|0.375||||||||Nb
умьртвити|умертвить|0.2222222222||||||||V-
възлещи|возлечь|0.4285714286|||||South/East issue|||V-
десятиньныи|десятинный|0.1818181818||||||||A-
въгънати|вогнать|0.5||||||||V-
мьщение|мщение|0.7142857143||||||||Nb
отъбѣжати|отбежать|0.7777777778||||||||V-
вълхвование|волхвование|0.6363636364||||||||Nb
възбраняти|возбранять|0.8||||||||V-
половьцьскыи|половецкий|||||||||A-
благородьныи|благородный|0.1666666667||||||||A-
дъно|дно|0.25||||||||Nb
лъживыи|лживый|0.2857142857||||||||A-
гърдыни|гордыня|0.2857142857||||||||Nb
утвьржати|утверждать|0.4444444444|||||South/East issue|||V-
попадия|попадья|0.1428571429||||||||Nb
съмѣряти|смирять|0.375||||||||V-
помощьница|помощница|0.1||||||||Nb
отъложити|отложить|0.4444444444||||||corrected отбросить to отложить||V-
пьшено|пшено|0.1666666667||||||||Nb
отъсълати|отослать|0.3333333333||||||||V-
выбити|выбить|0.1666666667||||||||V-
чьрленыи|червленый|0.3333333333||||||||A-
ръжаныи|ржаной|0.4285714286||||||||A-
угодьныи|угодный|0.25||||||||A-
безумьныи|безумный|0.2222222222||||||||A-
корение|коренье|0.1428571429||||||||Nb
напрасьно|напрасно|0.1111111111||||||||Df
запьсати|записать|0.4|||||Aspect? Imperf in the original gloss|This is clearly the right match (we should make a principled decision on the -пьсати lemmas though, as we very often have -писати too)||V-
лѣстьница|лестница|0.2222222222||||||||Nb
бързо|борзо|0.6666666667||||||||Df
мочьныи|мощный||||||South/East issue|||A-
съясти|съесть|0.3333333333||||||||V-
хлѣбьникъ|хлебник|1||||||||Nb
мълнии|молния|0.3333333333||||||||Nb
полъдьнь|полдень|0.25||||||||Nb
съвѣдати|сведать|0.75||||||||V-
помьркнути|померкнуть|||||||||V-
къгда|когда|||||||||Df
давьныи|давний|||||||||A-
шьствовати|шествовать|0.2||||||||V-
жалостьныи|жалостный|0.2||||||||A-
въселеньскыи|вселенский|0.3333333333||||||||A-
рижьскыи|рижский|||||||||A-
подъняти|поднять|0.25||||||||V-
въразумити|вразумить|0.8||||||||V-
грьмѣти|греметь|||||||||V-
съискати|соискать|||||||what about сыскать?|Hmmm, I don't know it's history... Possibly?|V-
старьцевъ|старцев|0.4444444444||||||||A-
безаконьникъ|беззаконник|0.75||||||||Nb
обильныи|обильный|0.125||||||||A-
тиверьци|тиверцы|||||||||Nb
македоньскыи|македонский|0.25||||||||A-
расѣяти|рассеять|||||||||V-
полудьньныи|полуденный|0.2727272727||||||||A-
дънѣпрьскыи|днепрский|0.5454545455|||||Marginal, perhaps skip|no strong opinion||A-
сълѣзти|слезть|||||||||V-
жалобьныи|жалобный|0.2222222222||||||||A-
ефиопьскыи|эфиопский|0.4||||||||A-
вънъ|вон|1||||||||R-
оконьчати|окончать|0.3333333333|||||aspect?|should be окончать||V-
въоружити|вооружить|0.2222222222||||||||V-
съмыслити|смыслить|0.8888888889||||||||V-
дьбрь|дебри|0.4|||||Plurale tantum in CSR, but OK since we are matching at the form level?|||Nb
дьмитрѣвичь|дмитриевич|||||||||A-
правънукъ|правнук|||||||||Nb
овьсяныи|овсяный|0.25||||||||A-
съсати|сосать|||||||||V-
възвеличити|возвеличить|0.6363636364||||||||V-
сельце|сельцо|||||||||Nb
пространьныи|пространный|||||||||A-
развратити|развратить|0.3||||||||V-
пророчьство|пророчество|||||||||Nb
раздьрати|разодрать||||||aspect correct?|yes||V-
пьрвыи|первый|||||||||A-
отъвьржение|отвержение|0.1818181818||||||||Nb
животьныи|животный|0.7||||||||A-
прѣльщение|прельщение|||||||||Nb
сътваряти|сотворять|||||||||V-
хърватъ|хорват|0.2857142857||||||||Nb
дѣтьство|детство|0.25||||||||Nb
пьрсть|персть|0.6666666667||||||||Nb
дѣвьство|девство|0.6153846154||||||||Nb
пльвати|плевать|0.2857142857||||||||V-
възмутити|возмутить|0.8181818182||||||||V-
кърмитель|кормитель|0.4444444444||||||||Nb
възвысити|возвысить|0.5454545455||||||||V-
отъдавати|отдавать|0.2222222222||||||||V-
стояние|стояние|0||||||||Nb
съвѣдѣтель|свидететь|||||||||Nb
причастие|причастие|0.3||||||||Nb
вьсемогущии|Всемогущий|0.2727272727||||||||A-
скопьць|скопец|||||||||Nb
молитвьныи|молитвенный|0.2727272727||||||||A-
прѣдивьныи|предивный|0.3||||||||A-
даньникъ|данник|0.25||||||||Nb
съмущати|смущать|0.25||||||||V-
несквьрньныи|нескверный|0.6153846154||||||||A-
неповиньныи|неповинный|0.1818181818||||||||A-
кутия|кутья|0.2||||||||Nb
жительство|жительство|0||||||||Nb
лъжьныи|ложный|0.4285714286||||||||A-
нелицемѣрьныи|нелицемерный|0.2307692308||||||||A-
отъвращати|отвращать|0.5882352941||||||||V-
рьвьнитель|ревнитель|||||||||Nb
самодьржьць|самодержец|||||||||Nb
искусьныи|искусный|0.7777777778||||||||A-
затъхнути|затхнуть|0.9090909091|||||Marginal|||V-
вражьда|вражда|0.8888888889||||||||Nb
покорьныи|покорный|||||||||A-
хорошенько|хорошенько|0||||||||Df
четвьрть|четверть|0.125||||||||Nb
повареньныи|поваренный|0.1818181818||||||||A-
надобьныи|надобный|0.7777777778||||||||A-
търговыи|торговый|0.25||||||||A-
утъка|утка|0.2||||||||Nb
перебьрати|перебрать|0.2||||||||V-
отънынѣ|отныне|0.2857142857||||||||Df
письмя|письмена||||||plurale tantum|ok||Nb
изгънание|изгнание|0.1111111111||||||||Nb
поставление|поставление|||||||||Nb
котьльникъ|котельник|||||||||Nb
лодъка|лодка|0.1666666667||||||||Nb
съпасовъ|Спасов|0.375||||||||A-
раждещи|разжечь|0.5714285714|||||South/East issue|||V-
прѣчудьныи|пречудный|0.6||||||||A-
богоносьныи|богоносный|0.8947368421||||||||A-
объходити|обходить|0.2222222222||||||||V-
потьрпѣти|потерпеть|0.6666666667||||||||V-
послѣдъкъ|последок|0.8888888889||||||||Nb
причисти|причесть|0.3|||||right?|yes||V-
стѣнобитьныи|стенобитный|0.25||||||||A-
гузьно|гузно|0.8333333333||||||||Nb
дьрати|драть|0.7142857143||||||||V-
гърло|горло|0.2||||||||Nb
въспоминание|воспоминание|0.0833333333||||||||Nb
провъзгласити|провозгласить|||||||||V-
въоружати|вооружать|||||||||V-
матушька|матушка|||||||||Nb
съставливати|составлять||||||?|||V-
ръпътати|роптать|||||||||V-
раздѣление|разделение|||||||||Nb
мазовъшане|мазовшане|0.1||||||||Nb
дрьгъвичи|дреговичи|0.2222222222||||||||Nb
помьрѣти|помереть|||||||||V-
възятие|взятие|0.1428571429||||||||Nb
окольныи|окольный|0.7575757576||||||||A-
нашьствие|нашествие|0.1111111111||||||||Nb
отътудѣ|оттуда|0.2857142857|||||skip?|||Df
объновити|обновить|0.2222222222||||||||V-
некрьщеныи|некрещеный|0.2||||||||A-
теремьныи|теремной|||||||||A-
неприязньныи|неприязненный|0.9166666667||||||||A-
уродьство|уродство|||||||||Nb
отъмѣтати|отметать|0.5555555556||||||||V-
тънъкыи|тонкий|0.5714285714||||||||A-
подъступити|подступить|0.1818181818||||||||V-
дьньница|денница|0.8666666667||||||||Nb
вьчера|вчера|0.1666666667||||||||Df
вънести|внести|0.1428571429||||||||V-
пригънати|пригнать|||||||||V-
нечьстие|нечестие|0.125||||||||Nb
непраздьныи|непраздный|0.6363636364||||||||A-
наложьница|наложница|0.1||||||||Nb
съвъкупление|совокупление|0.1666666667||||||||Nb
възроптати|возроптать|0.2||||||||V-
съкрывати|скрывать|||||||||V-
лѣтописьць|летописец|0.3||||||||Nb
человѣчьство|человечество|0.1666666667||||||||Nb
безгрѣшьныи|безгрешный|0.2727272727||||||||A-
въскърмити|вскормить|0.7||||||||V-
възмьздие|возмездие|0.2222222222||||||||Nb
гридьня|гридня|0.5||||||||Nb
супротивьныи|супротивный|||||||||A-
дьржава|держава|0.8571428571||||||||Nb
вышегородьць|вышгородец|0.25||||||||Nb
пронырьство|пронырство|||||||||Nb
правьдивыи|правдивый|||||||||A-
възлѣ|возле|0.4||||||||R-
пагубьныи|пагубный|0.6363636364||||||||A-
умякъчити|умягчить|0.4444444444||||||||V-
умьртвие|умертвие|||||||||Nb
исъхнути|иссохнуть|0.4444444444||||||||V-
въводити|вводить|0.25||||||||V-
отъвьрзати|отверзать|0.6||||||||V-
виньныи|винный|||||||||A-
дьневьныи|дневной|0.4444444444||||||||A-
цвѣтъкъ|цветок|0.4285714286||||||||Nb
продължити|продолжить|||||||||V-
незълобивыи|незлобивый|0.1818181818||||||||A-
судьныи|судный|0.2857142857||||||||A-
съставъ|состав|0.2857142857|||||сустав, too?|I'd rather not bring су- forms into it if we don't have to||Nb
вельблудъ|верблюд|0.4444444444||||||I guess||Nb
муромьць|муромец|0.25||||||||Nb
хыщьникъ|хищник|0.7777777778||||||||Nb
съвѣдѣтельствовати|свидетельствовать|||||||||V-
свѣтьло|светло|0.2857142857||||||||Df
въдворити|водворить|0.8125||||||||V-
сорочька|сорочка|||||||||Nb
сънимати|снимать|0.25||||||||V-
ожещи|обжечь|0.5|||||South/East|||V-
розбити|разбить|0.2857142857||||||||V-
дьрзость|дерзость|0.125||||||||Nb
тьлѣныи|тленный|||||||||A-
съмѣрити|смирить|0.8333333333|||||correct?|I think we're allowing these||V-
пьря|пря|0.75||||||||Nb
наслажение|наслаждение|0.0909090909||||||||Nb
възбранити|возбранить|0.6||||||||V-
метельникъ|метельник|||||||||Nb
въняти|внять|0.3333333333||||||||V-
бортьныи|бортный|0.8571428571||||||||A-
мужьнии|мужний|0.2857142857||||||||A-
близъкыи|близкий|0.375||||||||A-
мьрзъкыи|мерзкий|0.5||||||||A-
сущьство|существо|0.5||||||||Nb
приятьныи|приятный|0.2222222222||||||||A-
мольбьныи|молебный|0.5454545455||||||||A-
неподобьныи|неподобный|0.5833333333||||||||A-
ширинъка|ширинка|0.6842105263||||||||Nb
въдругъ|вдруг|0.2857142857||||||||Df
судьба|судьба|||||||||Nb
наслѣдьникъ|наследник|0.2727272727||||||||Nb
прискърбьныи|прискорбный|||||||||A-
пьшеничьныи|пшеничный|||||||||A-
скоромьныи|скоромный|0.2||||||||A-
шапъка|шапка|0.1666666667||||||||Nb
отънести|отнести|0.125||||||||V-
примълвити|примолвить|0.6||||||||V-
съчисти|счесть|0.5555555556||||||||V-
хъмель|хмель|0.1666666667||||||||Nb
пъртити|портить|0.2857142857||||||||V-
бѣлъка|белка|0.3333333333||||||||Nb
запасьныи|запасной, запасный|0.3||||||||A-
почька|почка|0.1666666667||||||||Nb
ячьныи|ячный|0.5714285714||||||||A-
толокъно|толокно|0.125||||||||Nb
мърсъ|морс|0.4||||||||Nb
бережьныи|бережный|0.6666666667||||||||A-
сѣньница|сенница|0.8148148148||||||||Nb
отъставити|отставить|0.2||||||||V-
вънутрь|внутрь|||||||||Df
грѣховьныи|греховный|0.6||||||||A-
тъкъмо|токмо|||||||||Df
одьрати|ободрать|0.5|||||skip?|we can leave it in||V-
довьлѣти|довлеть|0.875||||||||V-
ручии|ручей|||||||||Nb
вьсюду|всюду|0.1666666667||||||||Df
прибрести|прибрести|0.68||||||||V-
въсуе|всуе|0.5714285714||||||||Df
отъпущати|отпущать|0.4444444444|||||vernacular or CS. Choose отпускать? South/East|not so much South/East as a different suffix? I think we should have отпущать or nothing|ok|V-
монастырьскыи|монастырский|0.2307692308||||||||A-
съѣхати|съехать|||||||||V-
съвыше|свыше|0.1666666667||||||||Df
издавьна|издавна|0.125||||||||Df
отъписати|отписать|||||||||V-
цвьсти|цвести|0.1666666667||||||||V-
въспрянути|воспрянуть|0.8||||||||V-
съхраняти|сохранять|||||||||V-
посъланьникъ|посланник|0.25||||||||Nb
безвѣрьныи|безверный|0.5||||||||A-
проповѣдьникъ|проповедник|||||||||Nb
плачевьныи|плачевный|||||||||A-
тълковати|толковать|0.2222222222||||||||V-
диявольскыи|дьявольский|0.2727272727||||||||A-
съпьрва|сперва|0.2857142857||||||||Df
съединити|соединить|0.6111111111||||||||V-
пафнутьевъ|Пафнутьев|0.2||||||||A-
оскърбити|оскорбить|0.6666666667||||||||V-
прилежьныи|прилежный|||||||||A-
начальныи|начальный|||||||||A-
подълиньныи|подлинный|||||||||A-
денежьныи|денежный|||||||||A-
съмѣсити|смесить|||||||||V-
брачьныи|брачный|0.25||||||||A-
вьсьма|весьма|1||||||||Df
тържьство|торжество|||||||||Nb
мъногажьды|многажды|||||||||Df
египьтянинъ|египтянин|0.1818181818||||||||Nb
проклятие|проклятие|||||||||Nb
тамъга|тамга|0.7777777778|||||same word, right? Did it really have a yer? It's a borrowing|||Nb
кърсунянинъ|корсунянин|0.1818181818||||||||Nb
прѣдълагати|предлагать|||||||||V-
бьсиръ|бисер|1|||||skip?|||Nb
господьнии|господний|||||||||A-
мужьскы|мужески|0.6363636364||||||||Df
тучьныи|тучный|||||||||A-
съхоронити|схоронить|||||||||V-
благоразумьныи|благоразумный|0.7142857143||||||||A-
отъврести|отверзть||||||South/East|||V-
отъврещи|отверзть||||||South/East|||V-
прозьрѣние|прозрение|||||||||Nb
маньна|манна|0.1666666667||||||||Nb
възвѣщение|возвещение|0.5||||||||Nb
хрьбьтъ|хребет|0.4285714286||||||||Nb
исхожение|исхождение|0.5555555556|||||South/East|||Nb
тьля|тля|||||||||Nb
гридьница|гридница|0.1111111111||||||||Nb
безначальныи|безначальный|0.0833333333||||||||A-
