1,се,I-,176
2,азъ,Pp,202
3,мьстиславъ,Ne,6
4,володимирь,A-,4
5,сынъ,Nb,30
6,дьржати,V-,4
7,русьскыи,A-,10
8,земля,Nb,34
9,въ,R-,654
10,свои,Pt,272
11,къняжение,Nb,8
12,повелѣти,V-,44
13,быти,V-,683
14,вьсеволодъ,Ne,4
15,отъдати,V-,5
16,буици,Ne,1
17,святыи,A-,168
18,георгии,Ne,8
19,съ,R-,186
20,дань,Nb,3
21,и,C-,4
22,вира,Nb,1
23,продажа,Nb,1
24,даже,G-,2
25,которыи,Px,1
26,кънязь,Nb,59
27,по,R-,190
28,мои,Ps,136
29,почати,V-,3
30,хотѣти,V-,69
31,отъяти,V-,2
32,у,R-,19
33,а,C-,62
34,богъ,Nb,172
35,за,R-,20
36,тыи,Pd,520
37,богородица,Nb,25
38,и,Pp,6
39,отъимати,V-,1
40,ты,Pp,123
41,игуменъ,Nb,28
42,исаия,Ne,2
43,вы,Pp,57
44,братия,Nb,126
45,донелѣже,G-,1
46,себе,Pk,683
47,миръ,Nb,27
48,състояти,V-,1
49,молити,V-,86
50,дѣтя,Nb,5
51,къто,Px,2
52,изоостати,V-,1
53,манастырь,Nb,103
54,то,Df,46
55,дължьныи,A-,1
56,мы,Pp,84
57,при,R-,7
58,животъ,Nb,6
59,съмьрть,Nb,20
60,язъ,Pp,1
61,дати,V-,28
62,рука,Nb,37
63,и,Df,2779
64,осеньнии,A-,1
65,полюдие,Nb,1
66,даровьныи,A-,1
67,полъ#1,Nb,1
68,третии,Mo,1
69,десять,Ma,4
70,гривьна,Nb,7
71,же,Df,699
72,я,Pp,1
73,блюдо,Nb,2
74,сьребрьныи,A-,1
75,тридесяте,Ma,1
76,сьребро,Nb,5
77,велѣти,V-,14
78,бити,V-,13
79,на,R-,366
80,обѣдъ,Nb,10
81,коли,Dq,1
82,обѣдати,V-,1
83,запъртити,V-,1
84,или,C-,34
85,сии,Pd,331
86,да#1,Df,48
87,судити,V-,3
88,дьнь,Nb,117
89,пришьствие,Nb,1
90,господь,Nb,103
91,отьць,Nb,189
92,нашь,Ps,127
93,авраамовъ,A-,1
94,исаковъ,A-,1
95,ияковль,A-,1
96,сѣмя,Nb,3
97,правьдьныи,A-,11
98,съподобити,V-,22
99,грѣшьныи,A-,13
100,рабъ,Nb,22
101,алекса,Ne,2
102,написати,V-,9
103,евангелие,Nb,18
104,благовѣрьныи,A-,5
105,христолюбивыи,A-,6
106,чьстити,V-,2
107,феодоръ,Ne,6
108,мирьскы,Df,4
109,вънукъ,Nb,2
110,вьсеволожь,A-,1
111,новъгородьскыи,A-,1
112,иже,Pr,10
113,съвьршити,V-,5
114,благословение,Nb,13
115,прѣсвятыи,A-,5
116,чистыи,A-,17
117,владычица,Nb,4
118,даяти,V-,12
119,милость,Nb,11
120,наслѣдие,Nb,1
121,цѣсарьство,Nb,4
122,небесьныи,A-,22
123,дълголѣтьныи,A-,1
124,вьсь,Px,55
125,аминъ,I-,13
126,почитати,V-,6
127,аще,G-,18
128,къдѣ,Df,1
129,кривыи,A-,1
130,налѣзти,V-,1
131,исправити,V-,3
132,чисти,V-,1
133,не,Df,339
134,кляти,V-,4
135,бо,Df,183
136,лазоревъ,A-,1
137,прозвитеръ,Nb,11
138,съпасти#1,V-,19
139,мъногыи,A-,22
140,лѣто,Nb,18
141,жадѣнъ,Ne,1
142,пьсати,V-,12
143,божии,A-,60
144,недостоиныи,A-,7
145,худыи,A-,11
146,съписати,V-,6
147,память,Nb,10
148,дѣля,R-,3
149,цѣсарь,Nb,8
150,людие,Nb,9
151,о,R-,6
152,съконьчание,Nb,1
153,казати,V-,4
154,наславъ,Ne,3
155,возити,V-,2
156,цѣсарьгородъ,Ne,2
157,учинити,V-,1
158,химипетъ,Nb,1
159,воля,Nb,12
160,възвратити,V-,29
161,из,R-,27
162,съправити,V-,1
163,злато,Nb,4
164,драгыи,A-,5
165,камы,Nb,1
166,приити,V-,88
167,кыевъ,Ne,7
168,съконьчати,V-,10
169,дѣло,Nb,36
170,мѣсяць,Nb,7
171,авъгустъ,Nb,2
172,дъвадесяти,Ma,4
173,цѣна,Nb,3
174,единъ,Ma,101
175,вѣдати,V-,1
176,трудъ,Nb,13
177,подъяти,V-,2
178,печаль,Nb,24
179,нъ,C-,146
180,утѣшити,V-,3
181,добрыи,A-,15
182,молитва,Nb,69
183,тако,Df,188
184,угодие,Nb,1
185,творити,V-,64
186,слышати,V-,67
187,цѣсарьствие,Nb,11
188,прѣбывати,V-,21
189,радость,Nb,17
190,веселие,Nb,2
191,любы,Nb,30
192,хрьстиянинъ,Nb,1
193,правити,V-,3
194,орудие,Nb,4
195,правьда,Nb,4
196,обрѣсти,V-,31
197,чьсть,Nb,5
198,отъ,R-,314
199,вѣровати,V-,2
200,троица,Nb,1
201,духъ,Nb,30
202,ныня,Df,1
203,присьныи,A-,1
204,вѣкъ#1,Nb,13
205,дъмъка,Ne,5
206,кънига,Nb,9
207,госпожа,Nb,2
208,да,C-,4
209,бояти,V-,8
210,невѣжа,Nb,2
211,без,R-,15
212,показание,Nb,3
213,грѣхъ,Nb,17
214,погрузити,V-,1
215,помагати,V-,6
216,простити,V-,6
217,убогыи,A-,11
218,унылыи,A-,2
219,яковъ,Ne,1
220,помощи,V-,4
221,дияволъ,Nb,3
222,изблазнити,V-,1
223,съгрѣшити,V-,3
224,слава,Nb,19
225,яко,G-,1
226,шесть тысячь,Ma,3
227,пятьсътъ,Ma,4
228,шестьдесятъ,Ma,3
229,четыре,Ma,5
230,оконьчати,V-,2
231,пять,Ma,4
232,нарещи,V-,19
233,крьщение,Nb,7
234,иосифъ,Ne,2
235,остромиръ,Ne,2
236,близокъ,Nb,2
237,изъяславъ,Ne,15
238,тъгда,Df,76
239,прѣдьржати,V-,3
240,оба,Ma,6
241,власть,Nb,5
242,ярославъ,Ne,11
243,братъ,Nb,60
244,володимиръ,Ne,7
245,самъ,Pd,45
246,столъ,Nb,12
247,поручити,V-,2
248,новъгородъ,Ne,2
249,даровати,V-,1
250,сътяжати,V-,6
251,утѣшение,Nb,3
252,душа,Nb,45
253,хрьстияньскыи,A-,1
254,евангелистъ,Nb,1
255,иоанъ,Ne,5
256,матфѣи,Ne,1
257,лука,Ne,1
258,маркъ,Ne,1
259,праотьць,Nb,1
260,авраамъ,Ne,2
261,исакъ,Ne,2
262,ияковъ,Ne,3
263,подружие,Nb,2
264,феофана,Ne,1
265,чадо,Nb,21
266,съдравьствовати,V-,1
267,съдьржати,V-,4
268,поручение,Nb,1
269,григории,Ne,1
270,дияконъ,Nb,2
271,горазьныи,A-,1
272,мощи,V-,30
273,зазьрѣти,V-,3
274,грѣшьникъ,Nb,4
275,октябрь,Nb,1
276,иларионъ,Ne,3
277,маи,Nb,2
278,дъванадесять,Ma,2
279,епифанъ,Ne,1
280,апостолъ,Nb,8
281,павьлъ,Ne,3
282,глаголати,V-,144
283,благословити,V-,14
284,тыиже,Pd,13
285,съказание,Nb,3
286,страсть,Nb,6
287,похвала,Nb,1
288,мученикъ,Nb,9
289,борисъ,Ne,23
290,гълѣбъ,Ne,10
291,родъ,Nb,7
292,правыи,A-,3
293,рещи,V-,103
294,пророкъ,Nb,3
295,сице,Df,40
296,убо,Df,39
297,малыи,A-,38
298,прѣже,Df,2
299,самодьржьць,Nb,1
300,святославль,A-,1
301,игоревъ,A-,1
302,просвѣтити,V-,4
303,прочии,A-,9
304,добродѣтель,Nb,1
305,инъдѣ,Df,2
306,съказати,V-,7
307,нынѣ,Df,19
308,не быти,V-,21
309,врѣмя,Nb,22
310,рядъ,Nb,3
311,имѣти,V-,87
312,жена,Nb,16
313,разьныи,A-,1
314,мати,Nb,32
315,старыи,A-,11
316,вышеславъ,Ne,1
317,трие,Ma,18
318,святопълкъ,Ne,17
319,убииство,Nb,10
320,зълыи,A-,30
321,изобрѣсти,V-,1
322,чьрница,Nb,1
323,грькыни,Nb,1
324,пояти,V-,7
325,яропълкъ,Ne,2
326,ростричи,V-,1
327,красота,Nb,4
328,лице,Nb,17
329,зачати,V-,1
330,оканьныи,A-,12
331,поганыи,A-,1
332,еще,Df,25
333,убити,V-,9
334,непраздьныи,A-,1
335,родити,V-,3
336,дъва,Ma,16
337,любити,V-,13
338,акы,G-,1
339,рогънѣдь,Ne,1
340,иныи,Px,44
341,святославъ,Ne,4
342,българыни,Nb,1
343,посажати,V-,1
344,розьныи,A-,1
345,съповѣдати,V-,28
346,повѣсть,Nb,2
347,посадити,V-,1
348,пиньскъ,Ne,1
349,ростовъ,Ne,3
350,муромъ,Ne,1
351,остати,V-,12
352,да,G-,77
353,мъногописание,Nb,1
354,забыть,Nb,1
355,вълѣзти,V-,8
356,начати,V-,54
357,уже,Df,38
358,минути,V-,4
359,яко,Dq,8
360,осмь,Ma,1
361,въпасти,V-,5
362,недугъ,Nb,3
363,крѣпъкыи,A-,5
364,печенѣгъ,Nb,3
365,онуду,Df,1
366,пакы,Df,112
367,ити,V-,91
368,рать,Nb,3
369,русь,Ne,1
370,великыи,A-,76
371,зане,G-,5
372,изити,V-,20
373,противу,R-,11
374,мъного,Df,13
375,печалити,V-,1
376,призъвати,V-,17
377,имя,Nb,26
378,романъ,Ne,1
379,блаженыи,A-,228
380,скоропослушьливыи,A-,1
381,прѣдати,V-,17
382,вои,Nb,7
383,посълати,V-,27
384,безбожьныи,A-,1
385,онъ,Pd,100
386,въстати,V-,21
387,готовыи,A-,3
388,прѣдъ,R-,27
389,око,Nb,14
390,твои,Ps,68
391,сътворити,V-,84
392,елико,Pr,1
393,сьрдьце,Nb,44
394,таковыи,A-,41
395,притъчьникъ,Nb,1
396,послушьливыи,A-,2
397,отъити,V-,39
398,супостатъ,Nb,2
399,въспять,Df,12
400,вѣстьникъ,Nb,1
401,къ,R-,204
402,повѣдати,V-,11
403,отьчии,A-,1
404,како,Du,4
405,прѣставити,V-,2
406,василии,Ne,6
407,потаити,V-,2
408,ночь,Nb,3
409,проимати,V-,1
410,помостъ,Nb,1
411,берестовое,Ne,1
412,ковьръ,Nb,1
413,съвѣсити,V-,1
414,ужь,A-,1
415,везти,V-,1
416,сани,Nb,1
417,поставити,V-,14
418,цьркы,Nb,55
419,услышати,V-,19
420,тѣло,Nb,49
421,утьрпывати,V-,1
422,сльза,Nb,26
423,испълнити,V-,9
424,разливати,V-,4
425,сицевыи,A-,10
426,вѣщати,V-,2
427,увы,I-,11
428,свѣтъ,Nb,22
429,сияние,Nb,1
430,заря,Nb,1
431,бъздра,Nb,1
432,уность,Nb,7
433,наказание,Nb,4
434,недоразумѣние,Nb,1
435,господинъ,Nb,12
436,къто,Pi,37
437,прибѣгнути,V-,3
438,възьрѣти,V-,7
439,къдѣ,Du,3
440,ли,Df,1
441,насытити,V-,5
442,благыи,A-,30
443,учение,Nb,3
444,назание,Nb,1
445,разумъ,Nb,5
446,заити,V-,1
447,ту,Df,67
448,да#2,Df,26
449,поне,Df,7
450,чьстьныи,A-,13
451,съпрятати,V-,1
452,гробъ,Nb,3
453,ни,C-,2
454,понести,V-,2
455,мужьство,Nb,1
456,цѣловати,V-,8
457,добролѣпьныи,A-,1
458,сѣдина,Nb,1
459,о,I-,200
460,блаженикъ,Nb,1
461,помянути,V-,2
462,покои,Nb,6
463,горѣти,V-,6
464,съмыслъ,Nb,5
465,съмущати,V-,2
466,вѣдѣти,V-,35
467,обратити,V-,5
468,горькыи,A-,8
469,простерети,V-,1
470,ли,Du,12
471,мѣсто,Nb,86
472,мьнѣти,V-,18
473,суетие,Nb,2
474,мирьскыи,A-,4
475,поучати,V-,3
476,биение,Nb,1
477,помышляти,V-,12
478,кръвь,Nb,11
479,пролити,V-,3
480,потъщати,V-,4
481,противити,V-,4
482,гърдыи,A-,1
483,съмѣреныи,A-,11
484,благодать,Nb,18
485,ненавидѣти,V-,5
486,лъжь,Nb,1
487,боязнь,Nb,3
488,съвьршеныи,A-,6
489,вънъ,Df,8
490,изметати,V-,1
491,страхъ,Nb,13
492,чьто,Pi,11
493,умъ,Nb,16
494,узьрѣти,V-,8
495,си,Df,2
496,братьць,Nb,1
497,мьнии,A-,6
498,венияминъ,Ne,1
499,полагати,V-,1
500,поити#1,V-,15
501,домъ,Nb,37
502,языкъ,Nb,4
503,прѣвратити,V-,1
504,прогънати,V-,4
505,якоже,Dq,8
506,прѣже,R-,21
507,ради,R-,63
508,иже,G-,41
509,мимоходити,V-,2
510,паучина,Nb,1
511,камо,Du,3
512,ошьствие,Nb,1
513,отъсюду,Df,2
514,кыи,Pi,5
515,отъвѣтъ,Nb,1
516,съкрыти,V-,7
517,мъножьство,Nb,20
518,приобрѣсти,V-,2
519,житие,Nb,39
520,багъряница,Nb,2
521,брячина,Nb,1
522,золото,Nb,2
523,вино,Nb,9
524,медъ,Nb,8
525,брашьно,Nb,18
526,быстрыи,A-,1
527,конь,Nb,16
528,красьныи,A-,3
529,имѣние,Nb,15
530,бесчисльныи,A-,3
531,гърдѣние,Nb,1
532,боляринъ,Nb,22
533,акы,Dq,1
534,николиже,Df,9
535,исчезнути,V-,1
536,помощь,Nb,8
537,ни,Df,86
538,кътоже,Px,2
539,соломонъ,Ne,2
540,проити,V-,3
541,видѣти,V-,124
542,съвъкупити,V-,5
543,расъмотрити,V-,1
544,суета,Nb,2
545,тъкъмо#1,Df,20
546,правовѣрие,Nb,1
547,нелицемѣрьныи,A-,1
548,путь,Nb,24
549,доброта,Nb,2
550,удьржати,V-,1
551,зьрѣти,V-,9
552,плакати,V-,19
553,доброродьныи,A-,1
554,възрастъ,Nb,2
555,къжьдо,Px,12
556,стонати,V-,2
557,горесть,Nb,1
558,сьрдьчьныи,A-,3
559,въсплакати,V-,1
560,пагубьныи,A-,2
561,приводити,V-,4
562,образъ,Nb,11
563,възоръ,Nb,2
564,съкрушение,Nb,2
565,правьдивыи,A-,1
566,щедрыи,A-,1
567,тихыи,A-,3
568,кротъкыи,A-,4
569,миловати,V-,1
570,набъдѣти,V-,1
571,богоблаженыи,A-,1
572,зълурадыи,A-,1
573,человѣкъ,Nb,17
574,понудити,V-,2
575,погубити,V-,7
576,прияти,V-,53
577,владыка,Nb,24
578,таче,Df,73
579,забыти,V-,3
580,скърбь,Nb,14
581,съмьртьныи,A-,1
582,тѣшити,V-,1
583,слово,Nb,44
584,вѣчьныи#1,A-,4
585,съхранити,V-,3
586,радостьныи,A-,2
587,прѣзьрѣти,V-,7
588,прѣмилостивыи,A-,3
589,упъвати,V-,10
590,сѣдѣти,V-,15
591,кыянинъ,Nb,1
592,даръ,Nb,1
593,отъпустити,V-,14
594,отьнь,A-,3
595,придати,V-,1
596,льстьныи,A-,2
597,истина,Nb,23
598,вышегородъ,Ne,5
599,отаи,Df,4
600,путьша,Ne,3
601,вышегородьскыи,A-,1
602,мужь,Nb,13
603,повѣдѣти,V-,6
604,приязньство,Nb,1
605,глава,Nb,7
606,положити,V-,27
607,искони,Df,1
608,надежа,Nb,7
609,подвижьныи,A-,3
610,бывати,V-,10
611,каинъ#1,Ne,6
612,братоубииство,Nb,1
613,въторыи,Mo,2
614,уловити,V-,1
615,мысль,Nb,6
616,избити,V-,3
617,наслѣдьникъ,Nb,1
618,триклятыи,A-,2
619,съвѣтьникъ,Nb,2
620,зъло,Nb,10
621,начальникъ,Nb,2
622,неправьда,Nb,4
623,отъврѣсти,V-,10
624,прѣсквьрньныи,A-,1
625,уста,Nb,10
626,испустити,V-,1
627,гласъ,Nb,27
628,путьшинъ,A-,1
629,чадь,Nb,1
630,обѣщати,V-,13
631,къдѣ,Dq,9
632,съмотрити,V-,6
633,скорыи,A-,1
634,пролияти,V-,2
635,обѣщевати,V-,1
636,събирати,V-,6
637,безаконие,Nb,5
638,нечьстие,Nb,1
639,обимати,V-,1
640,воротити,V-,1
641,стати,V-,16
642,льто,Ne,3
643,шатьръ,Nb,7
644,дружина,Nb,3
645,сѣсти,V-,26
646,отъвѣщевати,V-,2
647,възяти,V-,24
648,акы,Df,9
649,разити,V-,3
650,отрокъ,Nb,28
651,суботьныи,A-,1
652,туга,Nb,2
653,удручити,V-,1
654,съкрутити,V-,1
655,жалостьныи,A-,1
656,испущати,V-,5
657,часть,Nb,9
658,жрѣбии,Nb,1
659,яко,Df,261
660,милостивыи,A-,5
661,въсылати,V-,3
662,мучение,Nb,2
663,никита,Ne,1
664,вячеславъ,Ne,1
665,подобьно,Df,1
666,како,Dq,18
667,варвара,Ne,1
668,убоица,Nb,2
669,прѣмудрыи,A-,3
670,правьдьникъ,Nb,7
671,жити,V-,20
672,мьзда,Nb,5
673,строение,Nb,1
674,вышьнии,A-,2
675,тъчию,Df,1
676,утѣшати,V-,11
677,радовати,V-,11
678,вечеръ,Nb,9
679,пѣти,V-,17
680,вечерьнии,A-,10
681,частыи,A-,3
682,въздыхание,Nb,4
683,стонание,Nb,2
684,лещи,V-,6
685,съпати,V-,5
686,сънъ,Nb,5
687,тяжькыи,A-,3
688,страшьныи,A-,3
689,пострадати,V-,1
690,течение,Nb,2
691,вѣра,Nb,16
692,съблюсти,V-,4
693,щадѣти,V-,1
694,вѣньць,Nb,7
695,вьседьржителевъ,A-,1
696,възбьнути,V-,1
697,рано,Df,1
698,годъ,Nb,13
699,утрьнии,A-,10
700,недѣля,Nb,12
701,заутрьнии,A-,4
702,обути,V-,1
703,нога,Nb,11
704,умыти,V-,1
705,подъступити,V-,1
706,близъ,Df,1
707,страстотьрпьць,Nb,7
708,псалътырь,Nb,5
709,вѣсть,Nb,3
710,убиение,Nb,1
711,умъножити,V-,6
712,сътужати,V-,1
713,псалъмъ,Nb,5
714,до,R-,27
715,коньць,Nb,10
716,обити,V-,1
717,пьсъ,Nb,3
718,уньць,Nb,1
719,тучьныи,A-,1
720,одьржати,V-,4
721,таже,C-,3
722,канонъ,Nb,1
723,коньчати,V-,2
724,икона,Nb,7
725,господьнь,A-,10
726,исусъ,Ne,16
727,христ(ос)ъ,Ne,24
728,явити,V-,23
729,изволити,V-,9
730,пригвоздити,V-,2
731,крьстъ,Nb,2
732,шьпътъ,Nb,1
733,окрьстъ,R-,2
734,трепетьныи,A-,3
735,зависть,Nb,1
736,прѣстрадати,V-,1
737,въсхотѣти,V-,9
738,възискати,V-,2
739,ничьтоже,Px,19
740,тьрпѣти,V-,15
741,имати,V-,3
742,искати,V-,6
743,отъмести,V-,1
744,въину,Df,2
745,законъ,Nb,3
746,годѣ,Df,2
747,попинъ,Nb,1
748,служити,V-,9
749,дряхлыи,A-,2
750,облияти,V-,2
751,зѣло,Df,27
752,расплакати,V-,1
753,милыи,A-,7
754,вѣ,Pp,1
755,колико,Du,4
756,благость,Nb,2
757,христ(ос)овъ,A-,11
758,умилити,V-,7
759,абие,Df,18
760,тещи,V-,9
761,блистание,Nb,1
762,оружие,Nb,7
763,мечьныи,A-,1
764,оцѣщение,Nb,1
765,пробости,V-,4
766,мъногомилостивыи,A-,2
767,насунути,V-,1
768,копие,Nb,2
769,тальць,Ne,1
770,еловичь,Ne,1
771,ляшько,Ne,1
772,врѣщи,V-,1
773,идѣже,Dq,24
774,увядати,V-,1
775,угъринъ,Nb,1
776,възложити,V-,9
777,златыи,A-,1
778,паче,Df,21
779,мѣра,Nb,2
780,проньзти,V-,1
781,уранити,V-,1
782,искочити,V-,1
783,оторопъ,Nb,1
784,стояти,V-,12
785,округъ,R-,1
786,приступити,V-,6
787,дѣяти#1,V-,6
788,помолити,V-,6
789,небо,Nb,12
790,горѣ,Df,1
791,въздъхнути,V-,1
792,сиции,A-,6
793,глаголъ,Nb,6
794,убѣжати,V-,2
795,прѣльсть,Nb,2
796,прѣщедрыи,A-,2
797,живодавець,Nb,1
798,человѣколюбьць,Nb,1
799,хотѣние,Nb,2
800,милосьрдие,Nb,5
801,направити,V-,1
802,мирьныи,Nb,1
803,бесъблазньныи,A-,1
804,призьрѣти,V-,3
805,высота,Nb,1
806,святыни,Nb,2
807,болѣзнь,Nb,4
808,съродьникъ,Nb,1
809,умьрщвляти,V-,1
810,въмѣнити,V-,1
811,овьнъ,Nb,1
812,сънѣдь,Nb,1
813,въпрекы,Df,1
814,умыслити,V-,4
815,селико,Df,1
816,елико,Dq,10
817,възмощи,V-,10
818,въздвигнути,V-,1
819,врагъ,Nb,15
820,поносити,V-,2
821,протьрпѣти,V-,1
822,велерѣчевати,V-,1
823,укрыти,V-,2
824,межу,R-,4
825,съпасти#2,V-,1
826,служьба,Nb,12
827,вашь,Ps,15
828,жалостьно,Df,2
829,водитель,Nb,1
830,слѣпыи,A-,3
831,одежа,Nb,30
832,нагыи,A-,3
833,староста,Nb,1
834,жьзлъ,Nb,1
835,казатель,Nb,1
836,наказати,V-,3
837,веселити,V-,8
838,вельможа,Nb,7
839,величие,Nb,1
840,почудити,V-,2
841,съмѣрение,Nb,26
842,съмѣрити,V-,3
843,оныи,Pd,11
844,усънути,V-,8
845,живыи,A-,8
846,иулии,Nb,2
847,девять,Ma,1
848,каланды,Nb,1
849,съняти,V-,6
850,отъсѣчи,V-,1
851,отъврѣщи,V-,3
852,кромѣ,R-,2
853,послѣдь,Df,3
854,познати,V-,3
855,коло,Nb,1
856,повезти,V-,1
857,боръ,Nb,1
858,въскланяти,V-,3
859,увѣдѣти,V-,14
860,варягъ,Nb,1
861,мечь,Nb,4
862,въсприяти,V-,5
863,неувядаемыи,A-,1
864,принести,V-,10
865,погрети,V-,5
866,оставити,V-,12
867,большии,A-,8
868,неистовити,V-,1
869,простирати,V-,2
870,желание,Nb,2
871,улучити,V-,2
872,въспомянути,V-,3
873,съблажнение,Nb,1
874,малы,Df,7
875,покаяние,Nb,9
876,прѣклонити,V-,2
877,вънити,V-,28
878,сотона,Ne,2
879,пострѣкати,V-,2
880,вящии,A-,5
881,гории,A-,2
882,съдѣяти,V-,1
883,сьдѣ,Df,12
884,дъвои,Ma,2
885,чаяти,V-,4
886,варити,V-,5
887,въздати,V-,1
888,изгънати,V-,1
889,чужии,A-,2
890,прѣстолъ,Nb,2
891,жалость,Nb,1
892,сънѣсти,V-,1
893,поношение,Nb,1
894,напасти,V-,2
895,дворъ,Nb,9
896,възлюбити,V-,7
897,погънати,V-,4
898,язва,Nb,2
899,приложити,V-,4
900,обаче,Df,21
901,оцѣстити,V-,3
902,потрѣбити,V-,1
903,послѣди,Df,3
904,прѣдълежати,V-,2
905,дияволь,A-,4
906,въбързѣ,Df,4
907,зъвати,V-,3
908,съдравити,V-,1
909,ти,Df,3
910,вельми,Df,11
911,въсѣсти,V-,4
912,поѣхати,V-,2
913,вълга,Ne,1
914,поле,Nb,5
915,потъкнути,V-,1
916,подъ,R-,2
917,ръвъ,Nb,1
918,наломити,V-,1
919,смольньскъ,Ne,4
920,зьрѣемо,Nb,2
921,смядина,Ne,2
922,корабльць,Nb,2
923,передъслава,Ne,1
924,присълати,V-,2
925,ходити,V-,20
926,умрѣти,V-,14
927,възъпити,V-,2
928,плачь,Nb,10
929,стенати,V-,2
930,сѣтование,Nb,1
931,сѣтовати,V-,1
932,тужити,V-,2
933,отъчаяти,V-,2
934,пагуба,Nb,2
935,уне,Df,3
936,неже,Df,3
937,уединеныи,A-,1
938,усиреныи,A-,1
939,пожити,V-,6
940,ангельскыи,A-,4
941,селикыи,A-,1
942,състичи,V-,1
943,умиленыи,A-,2
944,очужити,V-,1
945,уполучити,V-,1
946,дьрзновение,Nb,4
947,уныние,Nb,2
948,прѣльстьныи,A-,1
949,омачати,V-,1
950,призывати,V-,10
951,приспѣти,V-,4
952,вънезаапу,Df,3
953,слуга,Nb,4
954,немилостивыи,A-,1
955,кръвопиица,Nb,1
956,братоненавидьникъ,Nb,2
957,лютыи,A-,3
958,сверѣпыи,A-,2
959,звѣрь,Nb,3
960,изимати,V-,1
961,сърѣсти,V-,5
962,устие,Nb,1
963,възрадовати,V-,7
964,омрачати,V-,1
965,грети,V-,1
966,цѣлование,Nb,1
967,равьно,Df,1
968,плути,V-,1
969,скакати,V-,1
970,лодья,Nb,1
971,обънажити,V-,2
972,бльщати,V-,1
973,вода,Nb,14
974,весло,Nb,1
975,испасти,V-,1
976,омьртвѣти,V-,1
977,разумѣти,V-,18
978,умывати,V-,2
979,съкрушити,V-,4
980,утьрпати,V-,1
981,брѣщи,V-,2
982,обида,Nb,3
983,вести,V-,5
984,помиловати,V-,4
985,пожати,V-,1
986,съзьрѣти#2,V-,2
987,класъ,Nb,1
988,млѣко,Nb,1
989,безълобие,Nb,1
990,носити,V-,10
991,порѣзати,V-,1
992,лоза,Nb,1
993,възрасти,V-,4
994,плодъ,Nb,2
995,убояти,V-,5
996,апостольскыи,A-,1
997,зълобие,Nb,2
998,младеньствовати,V-,2
999,сырорѣзание,Nb,1
1000,съвѣдѣтельствовати,V-,2
1001,жалити,V-,5
1002,постыдити,V-,1
1003,въсхытити,V-,1
1004,вънимати,V-,2
1005,старѣишина,Nb,5
1006,поспѣшитель,Nb,1
1007,разлучати,V-,1
1008,нужа,Nb,3
1009,приклонити,V-,1
1010,ухо,Nb,4
1011,приключити,V-,1
1012,вина,Nb,4
1013,закалати,V-,2
1014,вънушити,V-,1
1015,послушати,V-,18
1016,рѣка,Nb,2
1017,никътоже,Px,27
1018,обьщии,A-,1
1019,прѣстояти,V-,1
1020,колѣно,Nb,5
1021,прѣмълчати,V-,1
1022,которыи,Pi,1
1023,съвѣдѣти,V-,4
1024,другъ,Nb,1
1025,умьртвити,V-,1
1026,тьрпѣние,Nb,4
1027,присьно,Df,11
1028,измълкнути,V-,1
1029,гъртань,Nb,1
1030,горясѣръ,Ne,1
1031,зарѣзати,V-,1
1032,поваръ,Nb,1
1033,гълѣбовъ,A-,1
1034,търчинъ,Ne,1
1035,изъяти,V-,2
1036,ножь,Nb,1
1037,яти,V-,14
1038,заклати,V-,2
1039,агня,Nb,1
1040,непорочьныи,A-,5
1041,безълобивыи,A-,1
1042,сентябрь,Nb,1
1043,понедѣльникъ,Nb,1
1044,жьртва,Nb,1
1045,благовоньныи,A-,1
1046,възити,V-,3
1047,обитель,Nb,1
1048,желати,V-,1
1049,въжелѣти,V-,1
1050,неизреченьныи,A-,1
1051,давыдъ,Ne,4
1052,адъ,Nb,1
1053,забывати,V-,2
1054,съвлѣщи,V-,1
1055,напрящи,V-,1
1056,лукъ,Nb,2
1057,погыбнути,V-,1
1058,възнести,V-,1
1059,събыти,V-,2
1060,псалъмопѣвьць,Nb,1
1061,хвалити,V-,3
1062,сильныи,A-,4
1063,зълоба,Nb,3
1064,благостыни,Nb,2
1065,потопьныи,A-,1
1066,льстивыи,A-,1
1067,раздрушити,V-,1
1068,въстьргнути,V-,1
1069,прѣселити,V-,6
1070,село,Nb,12
1071,коря,Nb,2
1072,поврѣщи,V-,2
1073,пустыи,A-,3
1074,колода,Nb,1
1075,оставляти,V-,2
1076,хранити,V-,1
1077,кость,Nb,2
1078,лежати,V-,7
1079,дългыи,A-,1
1080,невѣдѣние,Nb,1
1081,небрѣжение,Nb,1
1082,отъинудь,Df,2
1083,прѣбыти,V-,11
1084,неврѣженыи,A-,1
1085,показати,V-,10
1086,овъгда,Df,10
1087,стълпъ,Nb,4
1088,огньныи,A-,3
1089,свѣща,Nb,7
1090,пѣние,Nb,15
1091,гость,Nb,1
1092,ловъ,Nb,1
1093,пасти#2,V-,4
1094,възискание,Nb,3
1095,доньдеже,G-,23
1096,двигнути,V-,1
1097,братоубиица,Nb,2
1098,брань,Nb,7
1099,мъногыи,Nb,79
1100,съставити,V-,5
1101,вьсегда,Df,9
1102,пособие,Nb,2
1103,поспешѣние,Nb,1
1104,побѣдити,V-,9
1105,посрамити,V-,3
1106,възвращати,V-,3
1107,въздѣти,V-,2
1108,въпити,V-,3
1109,авелевъ,A-,2
1110,мьстити,V-,2
1111,трясение,Nb,1
1112,еи,I-,3
1113,прѣдъстояти,V-,2
1114,покрыти,V-,4
1115,льтьскыи,A-,1
1116,съступити,V-,2
1117,въсходити,V-,2
1118,сълньце,Nb,6
1119,сѣча,Nb,1
1120,съступати,V-,1
1121,тришьды,Df,1
1122,чересъ,R-,1
1123,одолѣти,V-,1
1124,побѣгнути,V-,3
1125,бѣсъ,Nb,18
1126,раслабѣти,V-,7
1127,нести,V-,8
1128,носило,Nb,1
1129,берестие,Ne,1
1130,осе,I-,1
1131,гънати,V-,5
1132,посылати,V-,5
1133,гонити,V-,2
1134,слѣдъ,Nb,7
1135,немощь,Nb,2
1136,въсхопити,V-,1
1137,охъ,I-,1
1138,пробѣгнути,V-,1
1139,лядьскыи,A-,1
1140,гнѣвъ,Nb,17
1141,пустыни,Nb,2
1142,чехъ,Nb,1
1143,ляхъ,Nb,1
1144,испроврѣщи,V-,1
1145,зълѣ,Df,2
1146,възмьздие,Nb,1
1147,рана,Nb,3
1148,мука#1,Nb,4
1149,лиховати,V-,1
1150,гонезнути,V-,1
1151,тамо,Df,7
1152,ангелъ,Nb,11
1153,погрѣшити,V-,1
1154,огнь,Nb,5
1155,могыла,Nb,1
1156,исходити,V-,12
1157,смрадъ,Nb,1
1158,якоже,Df,8
1159,мьсть,Nb,2
1160,ламехъ,Ne,1
1161,седмьдесятица,Nb,1
1162,такыи,A-,19
1163,отъмьстие,Nb,1
1164,дѣлатель,Nb,2
1165,иулиянъ,Ne,1
1166,нечеловѣчьныи,A-,1
1167,въдружити,V-,1
1168,бѣгати,V-,1
1169,зълострастьныи,A-,1
1170,отътолѣ,Df,26
1171,крамола,Nb,3
1172,прѣстати,V-,5
1173,прѣяти,V-,2
1174,волость,Nb,1
1175,въпрашати,V-,2
1176,приходити,V-,19
1177,отътуду,Df,3
1178,презвитеръ,Nb,2
1179,кадило,Nb,1
1180,въложити,V-,1
1181,корабль,Nb,1
1182,прѣблаженыи,A-,2
1183,раскопати,V-,1
1184,недоумѣти,V-,3
1185,лѣпыи,A-,19
1186,прѣчьстьнѣ,Df,1
1187,прѣчудьныи,A-,4
1188,дивьныи,A-,1
1189,достоиныи,A-,9
1190,врѣдити,V-,1
1191,кыиже,Px,2
1192,плътоядьць,Nb,1
1193,почьрнѣти,V-,1
1194,обычаи,Nb,15
1195,мьртвыи,A-,5
1196,свѣтьлыи,A-,11
1197,цѣлыи,A-,1
1198,воня,Nb,1
1199,градъ,Nb,48
1200,вьрху,R-,1
1201,гора,Nb,5
1202,въжещи,V-,4
1203,спудъ,Nb,1
1204,покрывати,V-,1
1205,свѣтило,Nb,5
1206,поставляти,V-,2
1207,свѣтити,V-,4
1208,тьмьныи,A-,4
1209,прѣмъногыи,A-,1
1210,чудо,Nb,16
1211,сияти,V-,3
1212,сторона,Nb,2
1213,страдати,V-,2
1214,прозирати,V-,1
1215,хромыи,A-,2
1216,быстро,Df,1
1217,сьрна,Nb,2
1218,ристати,V-,1
1219,слукыи,A-,1
1220,простьрение,Nb,1
1221,приимати,V-,12
1222,прѣдивьныи,A-,1
1223,пѣсъкъ,Nb,1
1224,морьскыи,A-,1
1225,единъде,Df,1
1226,прѣходити,V-,5
1227,отъгонити,V-,2
1228,тьмьница,Nb,2
1229,уза,Nb,2
1230,посѣщати,V-,2
1231,мученичьскыи,A-,1
1232,увязати,V-,1
1233,съзьдати,V-,3
1234,съдѣвати,V-,1
1235,ва,Pp,15
1236,похвалити,V-,4
1237,чьто,Px,27
1238,въскорѣ,Df,7
1239,обрѣтати,V-,4
1240,близъ,R-,10
1241,скърбѣти,V-,1
1242,плътьскы,Df,1
1243,человѣчьство,Nb,1
1244,именовати,V-,2
1245,человѣчьскыи,A-,2
1246,посѣщение,Nb,2
1247,немощьныи,A-,1
1248,ли,C-,20
1249,проглаголати,V-,1
1250,простыи,A-,5
1251,высокыи,A-,7
1252,жилище,Nb,4
1253,въселити,V-,5
1254,ибо,Df,2
1255,защищение,Nb,1
1256,въстаяти,V-,4
1257,дьржавьно,Df,1
1258,побѣжати#1,V-,2
1259,забрало,Nb,1
1260,утвьржение,Nb,3
1261,обоюдуострыи,A-,1
1262,дьрзость,Nb,1
1263,поганьскыи,A-,1
1264,низълагати,V-,1
1265,шатание,Nb,1
1266,попирати,V-,3
1267,несумьньно,Df,1
1268,земльныи,A-,2
1269,брати,V-,3
1270,отьчьство,Nb,3
1271,пособити,V-,1
1272,дьмитрии,Ne,7
1273,погыбати,V-,1
1274,милосьрдыи,A-,3
1275,извѣщати,V-,2
1276,вьсь,Nb,220
1277,попечение,Nb,2
1278,въздаяти,V-,1
1279,съкровище,Nb,4
1280,мъногоцѣньныи,A-,3
1281,рака,Nb,1
1282,угодьникъ,Nb,4
1283,тъчьныи,A-,2
1284,прѣвышии,A-,1
1285,городъ,Nb,5
1286,селунь,Ne,1
1287,врачьство,Nb,1
1288,безмьздьныи,A-,1
1289,подати,V-,13
1290,съпасение,Nb,13
1291,страна,Nb,12
1292,туне,Df,3
1293,почрѣпати,V-,1
1294,исцѣление,Nb,1
1295,посѣтъ,Nb,1
1296,ходатаи,Nb,1
1297,прибѣгати,V-,1
1298,припадати,V-,2
1299,гърдыни,Nb,1
1300,грѣшьничь,A-,1
1301,вьсякыи,A-,20
1302,наити,V-,1
1303,гладъ,Nb,3
1304,озълобление,Nb,1
1305,далече,Df,6
1306,отъгънати,V-,5
1307,браньныи,A-,1
1308,избавити,V-,6
1309,усобичьныи,A-,1
1310,нападение,Nb,1
1311,заступити,V-,3
1312,усьрдьно,Df,1
1313,безаконьновати,V-,2
1314,прѣмъного,Df,1
1315,бесчиньствовати,V-,1
1316,прѣизлиха,Df,1
1317,надѣяти,V-,3
1318,съпасъ,Nb,3
1319,ельмаже,G-,1
1320,ослабити,V-,2
1321,прѣтъкнути,V-,1
1322,прѣмѣнение,Nb,1
1323,блудьница,Nb,1
1324,мытоимьць,Nb,1
1325,оправити,V-,1
1326,въсканути,V-,1
1327,человѣколюбие,Nb,1
1328,искупити,V-,3
1329,настояи,A-,1
1330,нарицати,V-,4
1331,ущедрити,V-,1
1332,прѣчьстьныи,A-,1
1333,поносъ,Nb,1
1334,излити,V-,3
1335,овьца,Nb,4
1336,пажить,Nb,4
1337,сь,Pd,2
1338,покаряти,V-,3
1339,круглыи,A-,1
1340,плече,Nb,2
1341,тънъкыи,A-,1
1342,чрѣсла,Nb,3
1343,веселыи,A-,4
1344,борода,Nb,1
1345,усъ,Nb,1
1346,младыи,A-,3
1347,цѣсарьскы,Df,1
1348,вьсячьскы,Df,1
1349,украсити,V-,3
1350,цвѣтъ,Nb,1
1351,цвьсти,V-,4
1352,храбрыи,A-,4
1353,съвѣтъ,Nb,6
1354,мудрыи,A-,1
1355,разумьныи,A-,1
1356,цвьтѣти,V-,1
1357,прѣподобьныи,A-,63
1358,феодосии,Ne,151
1359,печерьскыи,A-,3
1360,благодарити,V-,4
1361,съповѣдатель,Nb,1
1362,въгодьникъ,Nb,4
1363,испьрва,Df,5
1364,погубление,Nb,1
1365,другыи,Mo,3
1366,исповѣдание,Nb,4
1367,выше,Df,3
1368,сила,Nb,3
1369,грубыи,A-,4
1370,неразумичьныи,A-,2
1371,учити,V-,17
1372,хытрость,Nb,1
1373,зьрьно,Nb,1
1374,горушьныи,A-,1
1375,прѣити,V-,6
1376,въврѣщи,V-,5
1377,море,Nb,3
1378,несторъ,Ne,2
1379,оградити,V-,8
1380,упъвание,Nb,5
1381,възможьныи,A-,1
1382,начатъкъ,Nb,4
1383,съписание,Nb,1
1384,усъпение,Nb,3
1385,праздьновати,V-,1
1386,въспоминати,V-,6
1387,богоносьныи,A-,3
1388,чьрноризьць,Nb,15
1389,прославляти,V-,5
1390,подвигъ,Nb,6
1391,укрѣпляти,V-,2
1392,наипаче,Df,8
1393,проречи,V-,2
1394,въстокъ,Nb,2
1395,западъ,Nb,1
1396,възлещи,V-,4
1397,послѣдьнии,A-,7
1398,пьрвыи,Mo,10
1399,подражати,V-,4
1400,чьрньчьскыи,A-,5
1401,мѣнити,V-,2
1402,антонии,Ne,20
1403,чудьныи,A-,1
1404,якоже,G-,139
1405,отьчьскыи,A-,1
1406,слабыи,A-,2
1407,съдѣльникъ,Nb,2
1408,пастухъ,Nb,11
1409,инокыи,A-,2
1410,молодыи,A-,1
1411,уныи,A-,4
1412,вьрста,Nb,3
1413,прилежание,Nb,4
1414,испълнь,A-,3
1415,польза,Nb,6
1416,грубость,Nb,2
1417,окусити,V-,2
1418,блюсти,V-,8
1419,лѣнивыи,A-,1
1420,подобати,V-,3
1421,тържьникъ,Nb,1
1422,лихва,Nb,1
1423,истязати,V-,1
1424,таити,V-,1
1425,ученикъ,Nb,14
1426,тьма,Nb,3
1427,проповѣдѣти,V-,1
1428,успѣхъ,Nb,2
1429,устроение,Nb,1
1430,бесѣдовати,V-,8
1431,славити,V-,10
1432,отъдание,Nb,1
1433,исповѣдати,V-,9
1434,вьседьржитель,Nb,2
1435,податель,Nb,2
1436,разумѣние,Nb,1
1437,заповѣдь,Nb,2
1438,устьна,Nb,1
1439,похваление,Nb,2
1440,прославити,V-,15
1441,помощьникъ,Nb,4
1442,отъстояти,V-,1
1443,стольныи,A-,3
1444,пятьдесятъ,Ma,1
1445,попьрище,Nb,2
1446,родитель,Nb,3
1447,крьстияньскыи,A-,1
1448,вьсячьскыи,A-,2
1449,благочьстие,Nb,2
1450,дѣтищь,Nb,3
1451,осмыи,Mo,1
1452,святитель,Nb,1
1453,крьстиянинъ,Nb,1
1454,дѣтище,Nb,1
1455,прозьрѣти,V-,2
1456,четыредесяте,Ma,1
1457,освятити,V-,1
1458,отроча,Nb,1
1459,ростяти,V-,1
1460,кърмити,V-,2
1461,благодѣть,Nb,2
1462,исповѣдѣти,V-,2
1463,избьрати,V-,3
1464,философъ,Nb,2
1465,властелинъ,Nb,4
1466,учитель,Nb,3
1467,утаение,Nb,1
1468,таиныи,A-,2
1469,отънуду,Dq,1
1470,начаяти,V-,2
1471,въсияти,V-,4
1472,дьньница,Nb,2
1473,прѣсвѣтьлыи,A-,2
1474,свѣтѣние,Nb,1
1475,еже,Df,1
1476,назнаменати,V-,5
1477,паствити,V-,1
1478,стадо,Nb,23
1479,богословесьныи,A-,3
1480,курьскъ,Ne,1
1481,доблии,A-,3
1482,просияти,V-,3
1483,звѣзда,Nb,1
1484,ожидати,V-,3
1485,въспитати,V-,1
1486,духовьныи,A-,14
1487,привести,V-,6
1488,научити,V-,2
1489,житиискыи,A-,1
1490,благословесьныи,A-,1
1491,упасти#2,V-,1
1492,божьствьныи,A-,24
1493,вѣрьныи,A-,3
1494,талантъ,Nb,2
1495,уготовати,V-,8
1496,овьча,Nb,3
1497,алъкати,V-,1
1498,трудити,V-,3
1499,съложение,Nb,1
1500,рьвьнитель,Nb,1
1501,подражатель,Nb,1
1502,благословеныи,A-,3
1503,съходити,V-,1
1504,поклонити,V-,15
1505,мъногашьды,Df,25
1506,страньникъ,Nb,1
1507,иже,Df,91
1508,уноша,Nb,5
1509,радыи,A-,5
1510,любьзно,Df,3
1511,въпросити,V-,3
1512,отъкуду,Du,4
1513,съпутьникъ,Nb,2
1514,сътваряти,V-,2
1515,допроводити,V-,1
1516,егда,Dq,25
1517,страньныи,A-,4
1518,възвѣстити,V-,13
1519,отъходъ,Nb,2
1520,нощь,Nb,33
1521,та,C-,1
1522,развѣ,R-,1
1523,попустити,V-,2
1524,чрѣво,Nb,1
1525,матерьнии,A-,1
1526,богогласьныи,A-,1
1527,опустѣти,V-,1
1528,тьрние,Nb,1
1529,вълчьць,Nb,1
1530,ти,C-,42
1531,пристигнути,V-,1
1532,ярость,Nb,2
1533,власъ,Nb,2
1534,пьхати,V-,2
1535,корити,V-,2
1536,нѣкыи,Px,9
1537,зълодѣи,Nb,3
1538,съвязати,V-,7
1539,тольми,Df,2
1540,изнемощи,V-,1
1541,възвести,V-,1
1542,храмъ,Nb,10
1543,привязати,V-,1
1544,затворити,V-,6
1545,отрѣшити,V-,1
1546,ясти,V-,6
1547,желѣзо,Nb,6
1548,отъбѣжати,V-,3
1549,умилосьрдити,V-,1
1550,мольба,Nb,3
1551,увѣщавати,V-,6
1552,лишати,V-,2
1553,литургия,Nb,6
1554,проскурьныи,A-,1
1555,непечение,Nb,1
1556,отълучити,V-,7
1557,пещи,V-,17
1558,проскура,Nb,4
1559,продаяти,V-,3
1560,аще,Df,57
1561,прибыти,V-,1
1562,нищии,A-,5
1563,купити,V-,5
1564,жито,Nb,3
1565,измлѣти,V-,3
1566,приносити,V-,5
1567,несквьрньныи,A-,1
1568,болии,A-,3
1569,съвьрстьныи,A-,2
1570,ругати,V-,3
1571,укаряхути,V-,1
1572,тоже,Df,46
1573,научати,V-,1
1574,мълчание,Nb,1
1575,добро,Nb,2
1576,почивати,V-,4
1577,отъвратити,V-,1
1578,поущати,V-,2
1579,възбранити,V-,1
1580,укоризна,Nb,5
1581,хула,Nb,1
1582,наносити,V-,3
1583,укаряти,V-,5
1584,дѣлати,V-,16
1585,отъвѣщавати,V-,3
1586,поубожити,V-,1
1587,поругати,V-,1
1588,опльвати,V-,1
1589,заушати,V-,1
1590,прѣтьрпѣти,V-,1
1591,кольми,Du,3
1592,хлѣбъ,Nb,26
1593,прѣломити,V-,1
1594,ломити,V-,1
1595,оставление,Nb,1
1596,плъть,Nb,7
1597,чудити,V-,6
1598,прѣмудрость,Nb,2
1599,оставати,V-,1
1600,острити,V-,3
1601,възбранение,Nb,1
1602,учьрнити,V-,1
1603,ожьжение,Nb,1
1604,пещьныи,A-,1
1605,съжалити,V-,7
1606,бранити,V-,1
1607,ласка,Nb,1
1608,гроза,Nb,1
1609,другоици,Df,3
1610,обитати,V-,1
1611,устрьмити,V-,6
1612,прѣжереченыи,A-,10
1613,презвитеровъ,A-,1
1614,вълечи,V-,1
1615,запрѣтити,V-,2
1616,покривыи,A-,1
1617,покорение,Nb,8
1618,въдати,V-,6
1619,тяжесть,Nb,1
1620,пъртъ,Nb,2
1621,облѣщи,V-,11
1622,судия,Nb,6
1623,кузньць,Nb,1
1624,съчепито,Nb,1
1625,съковати,V-,1
1626,прѣпоясати,V-,1
1627,узъкыи,A-,1
1628,грысти,V-,1
1629,скърбьныи,A-,4
1630,праздьничьныи,A-,1
1631,служение,Nb,1
1632,възлежати,V-,2
1633,облачати,V-,1
1634,неже,C-,1
1635,прилежьно,Df,6
1636,истыи,A-,3
1637,срачица,Nb,1
1638,въгрызение,Nb,1
1639,раждещи,V-,5
1640,растьрзати,V-,1
1641,сорочица,Nb,1
1642,тихость,Nb,1
1643,нѣкоторыи,Px,4
1644,тружати,V-,4
1645,обрѣменити,V-,1
1646,покоити,V-,1
1647,ярьмъ,Nb,1
1648,богодъхновеныи,A-,5
1649,рьвьность,Nb,1
1650,дышание,Nb,1
1651,пострѣщи,V-,1
1652,утаити,V-,3
1653,сълучаи,Nb,1
1654,развѣ,Df,3
1655,тѣлесьныи,A-,3
1656,направляти,V-,2
1657,приключаи,Nb,1
1658,купьць,Nb,1
1659,возъ,Nb,9
1660,брѣмя,Nb,1
1661,издалеча,Df,4
1662,являти,V-,3
1663,ставити,V-,2
1664,нощьныи,A-,6
1665,становище,Nb,1
1666,доити,V-,10
1667,опочивати,V-,1
1668,съблюдати,V-,3
1669,обиходити,V-,4
1670,мънихъ,Nb,9
1671,простость,Nb,2
1672,риза,Nb,1
1673,рачити,V-,6
1674,позъвати,V-,1
1675,пещера,Nb,39
1676,окрилатѣти,V-,1
1677,пасти#1,V-,7
1678,тѣсьныи,A-,2
1679,искушати,V-,2
1680,прозорочьныи,A-,1
1681,възградити,V-,9
1682,славьныи,A-,10
1683,събьрание,Nb,2
1684,чьрньць,Nb,7
1685,отъвѣщати,V-,13
1686,умиление,Nb,1
1687,проразумьникъ,Nb,1
1688,святость,Nb,1
1689,укрѣпити,V-,1
1690,тъщание,Nb,7
1691,старьць,Nb,13
1692,никонъ,Ne,14
1693,острѣщи,V-,3
1694,искусьныи,A-,2
1695,острищи,V-,5
1696,мънишьскыи,A-,5
1697,подаяти,V-,2
1698,бъдѣти,V-,2
1699,славословление,Nb,2
1700,съньныи,A-,1
1701,тягость,Nb,1
1702,въздьржание,Nb,5
1703,псалъмьскыи,A-,2
1704,съмѣряти,V-,3
1705,подвизание,Nb,3
1706,дручити,V-,1
1707,дивити,V-,2
1708,толикыи,A-,1
1709,благонравьство,Nb,1
1710,укрѣпление,Nb,1
1711,бъдрость,Nb,1
1712,окрьстьнии,A-,1
1713,лютѣ,Df,2
1714,пьрси,Nb,5
1715,заповѣдати,V-,3
1716,възвѣщение,Nb,1
1717,облѣнити,V-,1
1718,мало,Df,15
1719,помьдлити,V-,2
1720,дългота,Nb,1
1721,льсть,Nb,2
1722,вызывати,V-,1
1723,бесѣда,Nb,4
1724,обавити,V-,1
1725,оже,G-,1
1726,шьствовати,V-,2
1727,увѣщати,V-,2
1728,утрѣи,A-,6
1729,извести,V-,6
1730,двьрь,Nb,10
1731,печера,Nb,2
1732,ослушати,V-,2
1733,измѣнити,V-,2
1734,охапити,V-,1
1735,горько,Df,1
1736,одъва,Df,1
1737,потрѣба,Nb,23
1738,отълучати,V-,3
1739,сѣмо,Df,2
1740,отъходити,V-,17
1741,обращение,Nb,1
1742,послушание,Nb,7
1743,маловрѣменьныи,A-,1
1744,поучити,V-,3
1745,кънягыни,Nb,1
1746,пустити,V-,4
1747,женьскыи,A-,1
1748,никола,Ne,3
1749,постричи,V-,1
1750,келарь,Nb,12
1751,въписати,V-,9
1752,исправление,Nb,3
1753,съвьршение,Nb,1
1754,указати,V-,5
1755,благоисправляти,V-,1
1756,словословие,Nb,2
1757,побѣдоносьць,Nb,1
1758,острижение,Nb,1
1759,отъвьржение,Nb,1
1760,подвизати,V-,6
1761,рьвьние,Nb,3
1762,разгонити,V-,1
1763,бѣсовьскыи,A-,5
1764,алъкание,Nb,1
1765,идѣ,Df,1
1766,посрѣдѣ,R-,4
1767,часто,Df,14
1768,наслажати,V-,1
1769,медоточьныи,A-,3
1770,богатьство,Nb,2
1771,прикоснути,V-,3
1772,удобыи,A-,1
1773,вельблудъ,Nb,1
1774,сквозѣ,R-,3
1775,иглинъ,A-,1
1776,нежели,Df,1
1777,богатыи,A-,3
1778,годьныи,A-,1
1779,помыслъ,Nb,2
1780,рало,Nb,2
1781,управити,V-,4
1782,жизнь,Nb,3
1783,одѣти,V-,2
1784,область,Nb,9
1785,гнѣвати,V-,2
1786,бѣда,Nb,3
1787,едъва,Df,3
1788,никыиже,Px,4
1789,распудити,V-,2
1790,варламъ,Ne,7
1791,извлѣщи,V-,1
1792,мантия,Nb,2
1793,дьбрь,Nb,1
1794,шлѣмъ,Nb,1
1795,заврѣщи,V-,1
1796,съврѣщи,V-,2
1797,долу,Df,3
1798,теплыи,A-,4
1799,распалина,Nb,1
1800,кальныи,A-,1
1801,скоро,Df,6
1802,калъ,Nb,1
1803,лукавыи,A-,5
1804,трапеза,Nb,5
1805,въкусити,V-,4
1806,ничати,V-,2
1807,отъядение,Nb,2
1808,приставити,V-,2
1809,утворити,V-,1
1810,утварь,Nb,1
1811,прѣльщение,Nb,2
1812,клѣть,Nb,1
1813,угълъ,Nb,3
1814,одръ,Nb,4
1815,неистовьство,Nb,1
1816,таина,Nb,2
1817,въкушати,V-,5
1818,свита,Nb,3
1819,възъвати,V-,2
1820,жестъкыи,A-,1
1821,четвьртыи,Mo,1
1822,зима,Nb,3
1823,вещь,Nb,2
1824,рабыни,Nb,2
1825,проважати,V-,1
1826,воинъ,Nb,1
1827,пътица,Nb,2
1828,пругло,Nb,1
1829,истъргнути,V-,1
1830,тенето,Nb,1
1831,другыи,A-,12
1832,мина,Ne,1
1833,съвѣщати,V-,1
1834,особѣ,Df,1
1835,надъ,R-,10
1836,разлучити,V-,3
1837,варнава,Ne,1
1838,проповѣдание,Nb,3
1839,дѣяние,Nb,1
1840,костянтинь,A-,5
1841,островъ,Nb,6
1842,срѣдѣ,R-,1
1843,донынѣ,Df,9
1844,боляровъ,A-,1
1845,тъмутороканьскыи,A-,1
1846,прикладъ,Nb,1
1847,ефрѣмъ,Ne,2
1848,каженикъ,Nb,1
1849,послѣже,Df,1
1850,митрополитъ,Nb,1
1851,переяславль,Ne,1
1852,прѣдъложение,Nb,1
1853,отъселѣ,Df,4
1854,повелѣние,Nb,10
1855,съвьршати,V-,6
1856,нравъ,Nb,4
1857,мудрость,Nb,1
1858,обыкнути,V-,1
1859,мятежь,Nb,1
1860,мълва,Nb,1
1861,келия,Nb,30
1862,отътуда,Df,2
1863,хълмъ,Nb,2
1864,ископати,V-,1
1865,излазити,V-,5
1866,цьркъвица,Nb,1
1867,явленыи,A-,1
1868,тѣсьнота,Nb,1
1869,мощьныи,A-,5
1870,ядь,Nb,8
1871,ръжаныи,A-,1
1872,субота,Nb,5
1873,сочиво,Nb,4
1874,зелие,Nb,2
1875,съварити,V-,4
1876,ово,C-,1
1877,копытьце,Nb,2
1878,плести,V-,1
1879,клобукъ,Nb,1
1880,ручьныи,A-,2
1881,строити,V-,2
1882,раздѣляти,V-,1
1883,състроение,Nb,4
1884,оградъ,Nb,1
1885,копати,V-,1
1886,зелииныи,A-,1
1887,растение,Nb,1
1888,славословие,Nb,4
1889,въкупѣ,Df,6
1890,съити,V-,2
1891,часъ,Nb,5
1892,прѣспѣвати,V-,1
1893,поспѣшьство,Nb,1
1894,дръва,Nb,6
1895,лѣсъ,Nb,3
1896,опочитель,Nb,1
1897,раздѣлити,V-,1
1898,оводъ,Nb,2
1899,комаръ,Nb,2
1900,излѣзти,V-,5
1901,поясъ,Nb,1
1902,прясти,V-,3
1903,вълна,Nb,2
1904,съплетение,Nb,1
1905,давыдовъ,A-,3
1906,пити,V-,7
1907,неподвижимыи,A-,2
1908,непоступьныи,A-,1
1909,мясти,V-,1
1910,послѣже,R-,10
1911,къняжь,A-,3
1912,събьрати,V-,11
1913,изволение,Nb,3
1914,извѣсто,Df,1
1915,лихыи,A-,1
1916,старѣишиньство,Nb,1
1917,правило,Nb,1
1918,чинъ,Nb,1
1919,мъножити,V-,3
1920,фуниксъ,Nb,1
1921,процвьсти,V-,1
1922,кедръ,Nb,1
1923,ливанъ,Ne,1
1924,умъножати,V-,6
1925,благочьстивыи,A-,1
1926,нѣкакыи,Px,3
1927,скудьныи,A-,1
1928,съвъкупление,Nb,1
1929,поскърбѣти,V-,2
1930,никакоже,Df,7
1931,попечи,V-,9
1932,плътьныи,A-,1
1933,трѣбовати,V-,2
1934,нескудьно,Df,2
1935,подавати,V-,7
1936,недалече,R-,1
1937,довольныи,A-,7
1938,възгражение,Nb,3
1939,разбогатѣти,V-,1
1940,прѣславьныи,A-,3
1941,присьнодѣвица,Nb,1
1942,мария,Ne,2
1943,седмьдесятъ,Ma,1
1944,скопьць,Nb,1
1945,уставъ,Nb,3
1946,студиискыи,A-,2
1947,исписати,V-,2
1948,манастырьскыи,A-,13
1949,почисти,V-,1
1950,чьрноризьныи,A-,1
1951,отрѣвати,V-,1
1952,усьрдие,Nb,3
1953,искушение,Nb,3
1954,объходити,V-,1
1955,каковыи,Pi,1
1956,постригати,V-,1
1957,повелѣвати,V-,4
1958,извыкнути,V-,1
1959,устрои,Nb,1
1960,облѣчати,V-,1
1961,оболочати,V-,1
1962,скима,Nb,1
1963,мясопуща,Nb,1
1964,затворяти,V-,1
1965,вьрбьныи,A-,3
1966,пятъкъ,Nb,3
1967,цьркъвьныи,A-,9
1968,пощение,Nb,3
1969,достигнути,V-,1
1970,мьчьтание,Nb,3
1971,дьрзати,V-,1
1972,невидимо,Df,2
1973,побѣда,Nb,4
1974,пълкъ,Nb,1
1975,невидимыи,A-,4
1976,крѣпъко,Df,1
1977,съмѣти,V-,4
1978,приближити,V-,4
1979,мьчьта,Nb,1
1980,опочинути,V-,3
1981,ребро,Nb,2
1982,ляжати,V-,1
1983,коли,Df,3
1984,посъпати,V-,1
1985,поклонение,Nb,2
1986,хлопотъ,Nb,1
1987,колесьница,Nb,1
1988,ѣхати,V-,7
1989,бубънъ,Nb,1
1990,сопѣль,Nb,1
1991,сопѣти,V-,1
1992,кликати,V-,1
1993,трясти,V-,1
1994,плищь,Nb,1
1995,ужаснути,V-,5
1996,крьстьныи,A-,1
1997,трусъ,Nb,1
1998,исчазати,V-,1
1999,пакость,Nb,9
2000,мука#2,Nb,8
2001,расыпати,V-,1
2002,квасъ,Nb,1
2003,нечистыи,A-,1
2004,запрѣщение,Nb,2
2005,мъниховъ,A-,1
2006,ударити,V-,4
2007,приходъ,Nb,4
2008,обличати,V-,7
2009,притъча,Nb,2
2010,нагонити,V-,1
2011,льгъкыи,A-,1
2012,разорити,V-,2
2013,поклоняти,V-,1
2014,прощение,Nb,1
2015,просити,V-,3
2016,омрачение,Nb,1
2017,епитимия,Nb,2
2018,утвьрдити,V-,2
2019,павечерьнии,A-,2
2020,подвигнути,V-,3
2021,постъ,Nb,5
2022,любодѣание,Nb,1
2023,татьба,Nb,1
2024,клевета,Nb,1
2025,праздьнословие,Nb,1
2026,котора,Nb,1
2027,пияньство,Nb,1
2028,объѣдание,Nb,1
2029,братоненавидѣние,Nb,2
2030,уклонити,V-,1
2031,възгнушати,V-,1
2032,осквьрнавити,V-,1
2033,порода,Nb,2
2034,рыдание,Nb,1
2035,бъдѣние,Nb,3
2036,възненавидѣти,V-,2
2037,поминати,V-,4
2038,отрещи,V-,1
2039,еже,G-,19
2040,мьрзъкыи,A-,1
2041,бльвотина,Nb,1
2042,бесконьчьныи,A-,2
2043,коньчавати,V-,2
2044,лѣность,Nb,1
2045,каяти,V-,1
2046,ключь,Nb,1
2047,неудобь,Df,1
2048,въводити,V-,1
2049,плесна,Nb,1
2050,стопа,Nb,1
2051,приближати,V-,1
2052,змии,Nb,2
2053,шьствие,Nb,1
2054,прискърбьныи,A-,1
2055,радованьныи,A-,1
2056,получити,V-,2
2057,избѣгнути,V-,1
2058,неродивыи,A-,1
2059,наставьникъ,Nb,9
2060,жаждати,V-,1
2061,овъ,Px,5
2062,съто,Ma,1
2063,подобьныи,A-,4
2064,архистратигъ,Nb,1
2065,михаилъ,Ne,1
2066,софронии,Ne,1
2067,свѣтильникъ,Nb,2
2068,нѣчьто,Px,1
2069,въдавати,V-,1
2070,мъножицею,Df,1
2071,насыщати,V-,5
2072,възвеличати,V-,1
2073,вратарь,Nb,3
2074,отъѣдение,Nb,2
2075,отъвьрзати,V-,3
2076,врата,Nb,15
2077,въходити,V-,1
2078,полудьние,Nb,3
2079,хрьстолюбьць,Nb,18
2080,распустити,V-,1
2081,шесть,Ma,1
2082,приѣхати,V-,2
2083,съсѣсти,V-,3
2084,възвѣщати,V-,1
2085,потьрпѣти,V-,4
2086,изникнути,V-,2
2087,вьрховьнии,A-,1
2088,петръ,Ne,2
2089,тълкнути,V-,4
2090,ворота,Nb,3
2091,какыи,Pi,1
2092,полудьньныи,A-,1
2093,починути,V-,1
2094,прихожение,Nb,1
2095,иерусалимъ,Ne,1
2096,походити,V-,2
2097,такоже,Df,7
2098,доправити,V-,1
2099,туда,Df,3
2100,донести,V-,1
2101,десныи,A-,1
2102,епископъ,Nb,3
2103,ростиславъ,Ne,1
2104,умолити,V-,3
2105,другъ,Pc,7
2106,охопити,V-,1
2107,надълзѣ,Df,1
2108,обрядити,V-,1
2109,възворотити,V-,1
2110,поручати,V-,1
2111,поучение,Nb,2
2112,стефанъ,Ne,11
2113,ексархъ,Nb,1
2114,володимѣрьскыи,A-,1
2115,оболость,Nb,1
2116,послѣдъкъ,Nb,1
2117,феодосия,Ne,1
2118,пещьница,Nb,1
2119,тѣсто,Nb,2
2120,мѣшати,V-,1
2121,праздьникъ,Nb,6
2122,намѣнити,V-,1
2123,спѣхъ,Nb,1
2124,кладязь,Nb,1
2125,нѣколикыи,Px,2
2126,притещи,V-,1
2127,избытъкъ,Nb,4
2128,нѣколи,Df,11
2129,приготовати,V-,2
2130,варение,Nb,1
2131,праздьныи,A-,2
2132,приготовити,V-,2
2133,сѣчиво,Nb,2
2134,сѣчи,V-,1
2135,сѣщи,V-,1
2136,кротость,Nb,2
2137,истиньныи,A-,3
2138,навыкнути,V-,1
2139,възирати,V-,1
2140,служьбьникъ,Nb,1
2141,въскраи,R-,3
2142,нить,Nb,1
2143,възливати,V-,1
2144,власяныи,A-,1
2145,острыи,A-,1
2146,извъну,Df,1
2147,възволочати,V-,1
2148,власяница,Nb,2
2149,несъмысльныи,A-,2
2150,укорити,V-,1
2151,лъгати,V-,1
2152,възиграти,V-,1
2153,досажение,Nb,2
2154,умудити,V-,1
2155,посъпание,Nb,1
2156,допровадити,V-,1
2157,пороздьныи,A-,1
2158,трудьныи,A-,1
2159,въздрѣмати,V-,1
2160,зоря,Nb,1
2161,покланяти,V-,5
2162,въсадити,V-,1
2163,больми,Df,1
2164,въвести,V-,1
2165,трапезьница,Nb,1
2166,ѣсти,V-,4
2167,куна,Nb,1
2168,повозьникъ,Nb,1
2169,възносити,V-,1
2170,величати,V-,2
2171,покоривыи,A-,1
2172,съгъбеныи,A-,1
2173,прѣстаяти,V-,3
2174,крѣпъцѣ,Df,1
2175,къзнь,Nb,3
2176,поступати,V-,1
2177,напасть,Nb,4
2178,обычьныи,A-,1
2179,чьрныи,A-,1
2180,нельзѣ,Df,1
2181,трепетъ,Nb,1
2182,объяти,V-,1
2183,бѣжати,V-,2
2184,въспрянути,V-,5
2185,ужасть,Nb,4
2186,отъбѣгнути,V-,1
2187,крѣпити,V-,2
2188,отъпущати,V-,2
2189,ложе,Nb,3
2190,влачити,V-,1
2191,стѣна,Nb,3
2192,влѣщи,V-,1
2193,подавити,V-,1
2194,како,Df,10
2195,прѣкрьстити,V-,1
2196,сладъко,Df,1
2197,проныривыи,A-,2
2198,хытрыи,A-,1
2199,тихо,Df,1
2200,икономъ,Nb,7
2201,утрии,A-,4
2202,заимъ,Nb,1
2203,благодѣяти,V-,1
2204,дългъ,Nb,1
2205,утрѣшьнии,A-,2
2206,воинскыи,A-,1
2207,одѣние,Nb,1
2208,мълчати,V-,3
2209,пытати,V-,1
2210,еда,G-,2
2211,клятва,Nb,1
2212,анастасъ,Ne,1
2213,трѣбование,Nb,1
2214,възврѣщи,V-,1
2215,дьньсь,Df,3
2216,прѣкланяти,V-,1
2217,строитель,Nb,3
2218,вънегда,Dq,1
2219,тихы,Df,1
2220,отъступити,V-,1
2221,начинати,V-,1
2222,рамяно,Df,1
2223,тутьнъ,Nb,1
2224,умълкнути,V-,3
2225,благословьствити,V-,1
2226,кратъ,Nb,2
2227,нѣкъто,Px,2
2228,санъ,Nb,2
2229,дамианъ,Ne,1
2230,несъпание,Nb,2
2231,участити,V-,1
2232,болѣти,V-,2
2233,съобьщьникъ,Nb,1
2234,причастити,V-,3
2235,причисти,V-,3
2236,прѣдъстати,V-,1
2237,извѣстити,V-,1
2238,прошение,Nb,2
2239,обьщьникъ,Nb,2
2240,явление,Nb,4
2241,пригласити,V-,2
2242,обѣщание,Nb,3
2243,осклабити,V-,1
2244,просльзити,V-,3
2245,било,Nb,2
2246,лѣпотьныи,A-,1
2247,погребати,V-,2
2248,распространити,V-,1
2249,поставление,Nb,2
2250,городити,V-,1
2251,разградити,V-,1
2252,стрѣщи,V-,3
2253,разбоиникъ,Nb,2
2254,полата,Nb,1
2255,съкръвеныи,A-,2
2256,одинъ,Ma,1
2257,благоухание,Nb,1
2258,полунощьныи,A-,1
2259,поимати,V-,2
2260,паномонарь,Nb,3
2261,привидѣние,Nb,1
2262,искоренити,V-,1
2263,помудити,V-,1
2264,дивии,A-,1
2265,въздухъ,Nb,1
2266,дострѣлити,V-,1
2267,чути,V-,2
2268,покаяти,V-,1
2269,иногда,Df,1
2270,ѣздити,V-,1
2271,пятьнадесять,Ma,1
2272,облакъ,Nb,1
2273,ратьныи,A-,3
2274,съдравыи,A-,1
2275,оковати,V-,2
2276,сънятие,Nb,1
2277,бои,Nb,1
2278,полъдьнь,Nb,1
2279,храмина,Nb,1
2280,климентъ,Ne,3
2281,немъногыи,A-,1
2282,пазуха,Nb,2
2283,у,Df,4
2284,пьрвѣе,Df,2
2285,изнести,V-,3
2286,прѣдъставляти,V-,1
2287,рыба,Nb,2
2288,сладъкыи,A-,2
2289,устроити,V-,2
2290,различьныи,A-,1
2291,сладость,Nb,1
2292,увѣрити,V-,1
2293,кыи,Px,5
2294,пьрвое,Df,3
2295,олтарь,Nb,2
2296,възгнѣтити,V-,1
2297,въливати,V-,1
2298,котьлъ,Nb,1
2299,шегати,V-,1
2300,приставьникъ,Nb,2
2301,населити,V-,1
2302,прилогъ,Nb,1
2303,неимѣние,Nb,1
2304,сънѣдьныи,A-,1
2305,лише,Df,1
2306,уставьныи,A-,2
2307,пещь,Nb,4
2308,въметати,V-,2
2309,вражии,A-,4
2310,прѣслушание,Nb,6
2311,идѣ,Dq,1
2312,безумьныи,A-,1
2313,прѣдъложити,V-,6
2314,тряпезьница,Nb,1
2315,напрасьныи,A-,1
2316,гнѣвьливыи,A-,1
2317,ярыи,A-,1
2318,отъблудити,V-,1
2319,крѣпѣ,Df,2
2320,мужьскыи,A-,1
2321,печальныи,A-,1
2322,отъбѣгати,V-,1
2323,исхожение,Nb,1
2324,единою,Df,1
2325,заблужение,Nb,1
2326,платьно,Nb,1
2327,ослушание,Nb,1
2328,изгорѣти,V-,1
2329,проводити,V-,2
2330,проречение,Nb,2
2331,напаяти,V-,1
2332,наводити,V-,1
2333,прокыи,A-,2
2334,съповѣдание,Nb,2
2335,негли,Df,1
2336,пьшеница,Nb,1
2337,съмясти,V-,3
2338,прѣдъставити,V-,1
2339,непокоривыи,A-,1
2340,одъждити,V-,1
2341,источити,V-,1
2342,крастель,Nb,1
2343,пища,Nb,2
2344,напълнити,V-,5
2345,сыръ,Nb,1
2346,пьшено,Nb,1
2347,възвеселити,V-,1
2348,сухыи,A-,1
2349,масло,Nb,8
2350,съньзти,V-,1
2351,сииже,Pd,1
2352,красти,V-,1
2353,раздрѣшити,V-,1
2354,прѣобидѣти,V-,2
2355,миновати,V-,3
2356,пьрвомученикъ,Nb,1
2357,трудоватыи,A-,1
2358,десятыи,Mo,1
2359,налияти,V-,2
2360,викия,Nb,2
2361,довьлѣти,V-,1
2362,вълияти,V-,2
2363,утрие,Nb,1
2364,излияти,V-,1
2365,привезти,V-,2
2366,пълныи,A-,5
2367,кърчага,Nb,2
2368,парамонарь,Nb,1
2369,иже,Dq,43
2370,хлѣбьць,Nb,1
2371,прѣслушати,V-,2
2372,помыслити,V-,9
2373,изрѣзати,V-,1
2374,вьчера,Df,2
2375,приходити,A-,7
2376,кошь,Nb,1
2377,укрухъ,Nb,1
2378,въсыпати,V-,1
2379,рѣчьныи,A-,1
2380,струя,Nb,1
2381,въспомяновение,Nb,1
2382,изгънание,Nb,3
2383,игуменьство,Nb,5
2384,подвижьникъ,Nb,1
2385,потрудити,V-,2
2386,уставити,V-,3
2387,макъ,Nb,1
2388,сълъгати,V-,1
2389,сътворение,Nb,1
2390,постьныи,A-,5
2391,отънуду,Df,1
2392,испещи,V-,1
2393,готовити,V-,1
2394,мѣсити,V-,1
2395,лѣяти,V-,2
2396,укропъ,Nb,1
2397,жаба,Nb,1
2398,осквьрнити,V-,2
2399,съблюдение,Nb,3
2400,гадъ,Nb,2
2401,прѣсѣчение,Nb,1
2402,дрѣвяныи,A-,4
2403,кандило,Nb,4
2404,вълияние,Nb,1
2405,льняныи,A-,1
2406,лияти,V-,1
2407,мышь,Nb,1
2408,плавати,V-,1
2409,съсудъ,Nb,4
2410,утонути,V-,1
2411,съмотрѣние,Nb,2
2412,похулити,V-,1
2413,невѣрьство,Nb,1
2414,невѣрьствовати,V-,1
2415,та,Df,1
2416,избыти,V-,1
2417,боголюбивыи,A-,1
2418,непростыи,A-,1
2419,дъждь,Nb,5
2420,належание,Nb,1
2421,вечеря,Nb,1
2422,ключарь,Nb,1
2423,опроворотити,V-,1
2424,тъщии,A-,2
2425,ниць,A-,3
2426,пиво,Nb,1
2427,опровратити,V-,1
2428,бъчьвь,Nb,1
2429,правѣ,Df,1
2430,трѣба,Nb,1
2431,хлѣвина,Nb,2
2432,скотъ,Nb,3
2433,затваряти,V-,1
2434,покрапляти,V-,1
2435,доселѣ,Df,1
2436,въоружити,V-,1
2437,изгонити,V-,1
2438,тъкъмо#2,Df,1
2439,древле,Df,1
2440,мѣсильница,Nb,1
2441,пакостьствовати,V-,1
2442,испечение,Nb,1
2443,съглядати,V-,2
2444,сусѣкъ,Nb,6
2445,еда,Df,3
2446,помести,V-,2
2447,отруби,Nb,3
2448,трои,Ma,1
2449,четверъ,Ma,1
2450,пригърща,Nb,2
2451,илия,Ne,1
2452,вьдовица,Nb,3
2453,прѣпитати,V-,1
2454,гладьныи,A-,1
2455,гобино,Nb,2
2456,прѣсыпати,V-,1
2457,чрѣсъ,R-,2
2458,въспятити,V-,1
2459,земьныи,A-,1
2460,чьтоже,Px,2
2461,сѣяти,V-,1
2462,жати,V-,1
2463,ниже,C-,3
2464,житьница,Nb,1
2465,питати,V-,1
2466,унии,A-,1
2467,вьселукавыи,A-,2
2468,вълагати,V-,1
2469,запрѣщати,V-,1
2470,нѣкако,Df,1
2471,зълокъзньныи,A-,1
2472,вълкъ,Nb,1
2473,отъкрыти,V-,1
2474,прѣчистыи,A-,1
2475,показовати,V-,1
2476,надълежати,V-,1
2477,пламы,Nb,2
2478,вьрхъ,Nb,2
2479,комара,Nb,1
2480,зьдати,V-,3
2481,дуга,Nb,1
2482,заѣхати,V-,1
2483,сава#1,Ne,1
2484,потомь,Df,3
2485,разумѣвати,V-,1
2486,ветъхыи,A-,3
2487,грясти,V-,1
2488,прѣди,Df,1
2489,освящати,V-,1
2490,отаи,R-,1
2491,жидъ,Nb,1
2492,прѣпирати,V-,1
2493,досажати,V-,1
2494,отъметьникъ,Nb,1
2495,безаконьникъ,Nb,1
2496,жьдати,V-,1
2497,огражати,V-,1
2498,твьрдыи,A-,2
2499,плѣнити,V-,1
2500,разбои,Nb,2
2501,сълучити,V-,1
2502,мимо,R-,1
2503,покывати,V-,1
2504,съдьржание,Nb,1
2505,прѣдъизвѣщати,V-,1
2506,прикладати,V-,1
2507,слухъ,Nb,2
2508,чистота,Nb,1
2509,исправляти,V-,1
2510,съмятение,Nb,2
2511,боголюбьць,Nb,1
2512,бѣдити,V-,1
2513,причетати,V-,1
2514,неправьдьныи,A-,4
2515,вельзавелинъ,A-,1
2516,укоризньныи,A-,1
2517,прогнѣвати,V-,1
2518,прогънание,Nb,2
2519,иже,C-,44
2520,епистолия,Nb,3
2521,древьнии,A-,2
2522,гонитель,Nb,1
2523,убоиникъ,Nb,1
2524,прочисти,V-,1
2525,разгнѣвати,V-,2
2526,львъ,Nb,1
2527,рикнути,V-,1
2528,промъкнути,V-,1
2529,поточение,Nb,2
2530,осудити,V-,1
2531,супротивити,V-,1
2532,затъчение,Nb,2
2533,еда,Du,3
2534,благодатьство,Nb,1
2535,лишение,Nb,1
2536,нудити,V-,1
2537,отълучение,Nb,1
2538,опечаловати,V-,1
2539,жадати,V-,2
2540,поточити,V-,1
2541,дьрзнути,V-,2
2542,завидѣти,V-,1
2543,успѣшьныи,A-,1
2544,прѣложение,Nb,1
2545,обличение,Nb,1
2546,давьныи,A-,1
2547,въпустити,V-,1
2548,успѣти,V-,1
2549,дьржава,Nb,1
2550,обличити,V-,1
2551,износити,V-,1
2552,сътъ,Nb,1
2553,играти,V-,3
2554,гусльныи,A-,1
2555,органьныи,A-,1
2556,замарьныи,A-,1
2557,пискъ,Nb,1
2558,гласити,V-,1
2559,въсклонити,V-,1
2560,игра,Nb,1
2561,сърѣтати,V-,1
2562,сумьнѣти,V-,1
2563,ектения,Nb,1
2564,камение,Nb,1
2565,присьнодѣвыи,A-,1
2566,приятие,Nb,2
2567,прилежати,V-,1
2568,строи,Nb,1
2569,народъ,Nb,1
2570,съвратити,V-,1
2571,копание,Nb,1
2572,ино,Df,1
2573,съградити,V-,2
2574,онъдѣ,Df,1
2575,управление,Nb,1
2576,достояние,Nb,1
2577,искусити,V-,2
2578,достоино,Df,1
2579,осиляти,V-,1
2580,камыкъ,Nb,1
2581,приразити,V-,1
2582,отъскакати,V-,1
2583,заступьникъ,Nb,3
2584,сирыи,A-,1
2585,худость,Nb,1
2586,ризьныи,A-,1
2587,невѣгласъ,Nb,2
2588,усмихати,V-,1
2589,поругание,Nb,1
2590,знати,V-,1
2591,обидѣти,V-,3
2592,дома,Df,1
2593,насилие,Nb,1
2594,избавляти,V-,1
2595,кыпѣти,V-,1
2596,козьлина,Nb,1
2597,цѣсарьскыи,A-,1
2598,богоугодьно,Df,1
2599,отъшьствие,Nb,1
2600,съзъвати,V-,1
2601,тиунъ,Nb,1
2602,богоугодьныи,A-,1
2603,стояние,Nb,1
2604,братолюбие,Nb,1
2605,възгрозити,V-,1
2606,распалити,V-,1
2607,противьныи,A-,1
2608,лукавьство,Nb,1
2609,пронырьство,Nb,1
2610,мытарьство,Nb,1
2611,провести,V-,1
2612,деместикъ,Nb,1
2613,прѣставление,Nb,3
2614,възитие,Nb,1
2615,паства,Nb,1
2616,освитати,V-,1
2617,кричати,V-,1
2618,разлучение,Nb,1
2619,утроба,Nb,1
2620,сънабъдѣти,V-,1
2621,единоумие,Nb,1
2622,издыхание,Nb,1
2623,работати,V-,1
2624,прирокъ,Nb,1
2625,заклинати,V-,1
2626,омывати,V-,1
2627,отъсълати,V-,1
2628,скудѣние,Nb,1
2629,умаляти,V-,1
2630,скважьня,Nb,1
2631,полежати,V-,1
2632,обавление,Nb,1
2633,изрещи,V-,1
2634,опрятати,V-,1
2635,прострѣти,V-,1
2636,крьстообразьнѣ,Df,1
2637,прѣложити,V-,1
2638,болесть,Nb,4
2639,присѣдѣти,V-,1
2640,пооблачити,V-,1
2641,сънити,V-,1
2642,разбѣгнути,V-,1
2643,запечатьлѣти,V-,1
2644,осмьдесятъ,Ma,1
2645,приплодъкъ,Nb,1
2646,обѣтъ,Nb,1
2647,пограбити,V-,1
2648,писание,Nb,1
2649,печаловати,V-,2
2650,задъ,Nb,1
2651,лукъньце,Nb,1
2652,кононъ,Ne,2
2653,знаемыи,A-,1
2654,уязвити,V-,1
2655,украсти,V-,1
2656,наущение,Nb,1
2657,клиросъ,Nb,1
2658,софия,Ne,1
2659,жечи,V-,1
2660,ослабление,Nb,1
2661,палъка,Nb,2
2662,почути,V-,1
2663,отъступление,Nb,1
2664,прѣстатие,Nb,1
2665,исцѣлити,V-,1
2666,умьртвие,Nb,1
2667,зьдание,Nb,1
2668,осупати,V-,1
2669,съгражение,Nb,1
2670,разьно,Df,1
2671,умирати,V-,1
2672,мирьно,Df,1
2673,супротивъ,R-,1
2674,котера,Nb,1
2675,въздвизати,V-,1
2676,супостатьныи,A-,1
2677,въставляти,V-,1
2678,отъставити,V-,1
2679,тъщати,V-,1
2680,костянтинъградъ,Ne,1
2681,влахерна,Ne,1
2682,пострижение,Nb,1
2683,окушати,V-,1
2684,указание,Nb,1
2685,осъпытовати,V-,1
2686,дияконьскыи,A-,1
2687,объдьржати,V-,1
2688,купьно,Df,1
