за|R-|60217|za||0|za
молитва|Nb|59126|modlitva|fem_a|2|modlitv
святыи|A-|58910|svętъ|adj_hard|2|svęt
отьць|Nb|58993|otьkь|masc_o_PV3|2|otьk
нашь|Ps|58994|našь|pron_soft|2|naš
господь|Nb|58858|gospodь|masc_i|2|gospod
исусъ|Ne|58917|jisusъ|masc_o_u|2|jisus
христ(ос)ъ|Ne|64943|xristosъ|masc_o|2|xristos
сынъ|Nb|146309|synъ|masc_u|2|syn
божии|A-|59032|božьjь|adj_ij|2|božьj
помиловати|V-|59746|pomilovati|61|1|pomil
азъ|Pp|65657|azъ|azъ|2|
рабъ|Nb|59499|orbъ|masc_o|2|orb
свои|Pt|58780|svojь|pron_soft|2|svoj
грѣшьныи|A-|65090|grěšьnъ|adj_hard|2|grěšьn
се|I-|73462|se||0|se
море|Nb|59046|moŕe|nt_jo|2|morj
третии|Mo|60061|tretьjь|adj_soft_ord|2|tretьj
чьрныи|A-|66274|čŕ̥nъ|adj_hard|2|čŕ̥n
отъ|R-|58785|otъ||0|otъ
съпасъ|Nb|67649|sъpasъ|masc_o|2|sъpas
съ|R-|58764|sъ||0|sъ
и|Pp|58765|jь|jь|2|
милость|Nb|67655|milostь|fem_i|2|milost
великыи|A-|64122|velikъ|adj_hard|2|velik
кънязь|Nb|66500|kъnęgь|masc_o_PV3|2|kъnęg
и|C-|58771|i||0|i
владыка|Nb|67715|voldyka|masc_a|2|voldyk
на|R-|58783|na||0|na
низъ|Df|65894|nizъ||0|nizъ
приити|V-|58916|prijьti|jьti|1|pri
въ|R-|58774|vъ||0|vъ
къ|R-|58898|kъ||0|kъ
троица|Nb|81589|trojika|fem_a_PV3|2|trojik
мученикъ|Nb|80871|mǫčenikъ|masc_o|2|mǫčenik
у|R-|65994|u||0|u
себе|Pk|58829|sę|sę|2|
благословити|V-|59043|bolgosloviti|40|1|bolgoslov
из|R-|59088|jьz|voice_assim_prep|0|jьz
отъпустити|V-|59335|otъpustiti|40|1|otъpust
вьсь|Px|58821|vьxь|vьxь|2|vьx
нижьнии|A-|69369|nižьńь|adj_soft|2|nižьnj
намѣстьникъ|Nb|119940|naměstьnikъ|masc_o|2|naměstьnik
а|C-|58820|a||0|a
городъ|Nb|59272|gordъ|masc_o|2|gord
жьдати|V-|67616|žьdati|51_abl|1|žьd
дъва|Ma|59285|dъva|pron_hard|2|dъv
быти|V-|58773|byti|byti|1|
рѣка|Nb|65710|rěka|fem_a|2|rěk
ту|Df|58946|tu||0|tu
съказати|V-|750005|sъkazati|52|1|sъkaz
лъживыи|A-|150735|lъživъ|adj_hard|2|lъživ
вѣсть|Nb|67810|věstь|fem_i|2|věst
стеречи|V-|67693|sterћi|11|1|sterg
дати|V-|58843|dati|dati|1|
да|C-|71813|da||0|da
по|R-|58960|po||0|po
онъ|Pd|58949|onъ|pron_hard|2|on
възяти|V-|64330|vъzęti|12|1|vъzьm
цѣсарь|Nb|64252|kěsaŕь|masc_ar|2|kěsarj
и|Df|58901|i||0|i
мѣсяць|Nb|67342|měsękь|masc_o_PV3|2|měsęk
ночь|Nb|59412|noћь|fem_i|2|nokt
видѣти|V-|58918|viděti|viděti|1|vid
не|Df|58767|ne||0|ne
бѣгати|V-|64415|běgati|54|1|běga
посълати|V-|58932|posъlati|52|1|posъl
грѣхъ|Nb|58872|grěxъ|masc_o|2|grěx
постигнути|V-|68618|postignǫti|21|1|postig
человѣкъ|Nb|59198|čьlověkъ|masc_o|2|čьlověk
мьнии|A-|65353|mьńь|adj_soft_comp|2|mьnj
стати|V-|64253|stati|stati|1|
часъ|Nb|59077|čǢsъ|masc_o|2|čǢs
мои|Ps|58929|mojь|pron_soft|2|moj
доити|V-|750004|dojьti|jьti|1|do
до|R-|64398|do||0|do
четыре|Ma|64273|četyre|four|2|četyr
голова|Nb|59515|golva|fem_a|2|golv
одинъ|Ma|58827|jedinъ|pron_hard|2|jedin
десять|Ma|59079|desętь|ten|2|desęt
шесть|Ma|65096|šestь|fem_i|2|šest
въстати|V-|60145|vъstati|stati|1|vъ
разбити|V-|68964|orzbiti|17|1|orzb
о|R-|58881|o||0|o
берегъ|Nb|59426|bergъ|masc_o|2|berg
поимати|V-|66269|pojьmati|52_abl|1|pojьm
съдоровыи|A-|65557|sъdorvъ|adj_hard|2|sъdorv
бити|V-|59504|biti|17|1|b
чьто|Pr|59430|čьto||0|čьto
подъ|R-|64426|podъ||0|podъ
гора|Nb|58899|gora|fem_a|2|gor
скоро|Df|66226|skoro||0|skoro
твои|Ps|58814|tvojь|pron_soft|2|tvoj
ты|Pp|59289|ty|ty|2|
събьрати|V-|60182|sъbьrati|51_abl|1|sъbьr
занеже|G-|68944|zańeže||0|zanježe
имя|Nb|58990|jьmę|nt_N|2|jьm
чьто|Px|60110|čьto|čьto|2|
стояти|V-|58945|stojǢti|31|1|stoj
чьто|Pi|58943|čьto|čьto|2|
мъногыи|A-|58961|mъnogъ|adj_hard|2|mъnog
розити|V-|69511|orzjьti|jьti|1|orz
кыи|Px|69448|kъjь|kъjь|2|k
дължьныи|A-|67454|dl̥žьnъ|adj_hard|2|dl̥žьn
око|Nb|58813|oko|oko|2|ok
понести|V-|67054|ponesti|11|1|pones
остати|V-|59350|ostati|stati|1|o
роботати|V-|66467|orbotati|54|1|orbota
огнь|Nb|60190|ogńь|masc_jo|2|ogń
горѣти|V-|68696|gorěti|31|1|gor
жити|V-|67386|žiti|11|1|živ
земля|Nb|64341|zemĺǢ|fem_ja|2|zemj
убити|V-|59540|ubiti|17|1|ub
прокляти|V-|59284|proklęti|12|1|proklьn
наинъ|Ne|68003|najinъ|masc_o|2|najin
кърмити|V-|140390|kr̥miti|40|1|kr̥m
пристанище|Nb|122911|pristanišče|nt_jo|2|pristanišč
языкъ|Nb|59128|językъ|masc_o|2|język
ити|V-|58936|jьti|jьti|1|
дьнь|Nb|58915|dьnь|den|2|
то|Df|72910|to||0|to
пьсати|V-|60196|pьsati|52_abl|1|pьs
сълньце|Nb|60228|sl̥nьke|nt_o_PV3|2|sl̥nьk
съжещи|V-|68365|sъžeћi|11|1|sъžeg
конь|Nb|79308|końь|masc_jo|2|konj
родити|V-|122661|roditi|40|1|rod
страна|Nb|59047|storna|fem_a|2|storn
ходити|V-|58986|xoditi|40|1|xod
нагыи|A-|66158|nagъ|adj_hard|2|nag
покрыти|V-|68405|pokryti|18|1|pokr
волосъ|Nb|58876|volsъ|masc_o|2|vols
вьсякыи|A-|65732|vьxakъ|pron_hard|2|vьxak
годъ|Nb|67600|godъ|masc_o|2|god
мужь|Nb|65437|mǫžь|masc_ju|2|mǫž
жена|Nb|58801|žena|fem_a|2|žen
дивити|V-|59138|diviti|40|1|div
бѣлыи|A-|65097|bělъ|adj_hard|2|běl
другыи|A-|58955|drugъ|adj_hard|2|drug
плече|Nb|67763|pleћe|nt_jo|2|pletj
слуга|Nb|58772|sluga|masc_a|2|slug
мечь|Nb|68454|mečь|masc_jo|2|meč
рука|Nb|58831|rǫka|fem_a|2|rǫk
ножь|Nb|66153|nožь|masc_jo|2|nož
стрѣла|Nb|84203|strěla|fem_a|2|strěl
седмь|Ma|60050|sedmь|fem_i|2|sedm
лѣто|Nb|60331|lěto|nt_o|2|lět
сухо|Nb|83949|suxo|nt_o|2|sux
осмь|Ma|67701|osmь|fem_i|2|osm
дьржати|V-|64163|dŕ̥žǢti|31|1|dŕ̥ž
тьма|Nb|81628|tьma|fem_a|2|tьm
сѣдѣти|V-|59435|sěděti|31|1|sěd
побити|V-|67358|pobiti|17|1|pob
побивати|V-|68093|pobivati|54|1|pobiva
же|Df|58808|že||0|že
добрыи|A-|64420|dobrъ|adj_hard|2|dobr
корабль|Nb|59207|korabĺь|masc_jo|2|korabj
жеребьць|Nb|58938|žerbьkь|masc_o_PV3|2|žerbьk
богъ|Nb|60009|bogъ|masc_o|2|bog
съто|Ma|66263|sъto|nt_o|2|sъt
зима|Nb|64682|zima|fem_a|2|zim
вода|Nb|58907|voda|fem_a|2|vod
орати|V-|68873|orati|52|1|or
сѣяти|V-|66149|sějǢti|53|1|sěj
пьшеница|Nb|66782|pьšenika|fem_a_PV3|2|pьšenik
вино|Nb|67466|vino|nt_o|2|vin
чинити|V-|67584|činiti|40|1|čin
варити|V-|140030|variti|40|1|var
даяти|V-|65846|dajǢti|53|1|daj
волъ|Nb|68724|volъ|masc_u|2|vol
дѣлати|V-|67354|dělati|54|1|děla
градъ|Nb|150574|gradъ|masc_o|2|grad
каменьныи|A-|66256|kamenьnъ|adj_hard|2|kamenьn
сътворити|V-|58795|sъtvoriti|40|1|sъtvor
стьлати|V-|132282|stьlati|52_abl|1|stьl
съпати|V-|64847|sъpati|sleep|1|
любити|V-|64015|ĺubiti|40|1|ljub
тъгда|Df|64413|tъgъda||0|tъgъda
сорочица|Nb|66279|sorčika|fem_a_PV3|2|sorčik
глава|Nb|59515|golva|fem_a|2|golv
мълвити|V-|65826|ml̥viti|40|1|ml̥v
золотыи|A-|78635|zoltъ|adj_hard|2|zolt
вѣра|Nb|59226|věra|fem_a|2|věr
учинити|V-|67999|učiniti|40|1|učin
усъпение|Nb|69400|usъpenьje|nt_jo|2|usъpenьj
чьстьныи|A-|67995|čьstьnъ|adj_hard|2|čьstьn
праздьникъ|Nb|64858|porzdьnikъ|masc_o|2|porzdьnik
повелѣти|V-|64815|povelěti|31|1|povel
погыбнути|V-|66872|pogybnǫti|21|1|pogyb
нечьстивыи|A-|79671|nečьstivъ|adj_hard|2|nečьstiv
поставити|V-|65354|postaviti|40|1|postav
таковыи|A-|64221|takovъ|adj_hard|2|takov
чудо|Nb|64737|čudo|nt_S|2|čud
къто|Px|60102|kъto|kъto|2|
хотѣти|V-|64035|xotěti|will|1|
оставити|V-|58950|ostaviti|40|1|ostav
пьсъ|Nb|64425|pьsъ|masc_o|2|pьs
разбоиникъ|Nb|59131|orzbojьnikъ|masc_o|2|orzbojьnik
розбивати|V-|65189|orzbivati|54|1|orzbiva
ни|C-|59213|ni||0|ni
молити|V-|59248|modliti|40|1|modl
знати|V-|67506|znati|54|1|zna
прѣчистыи|A-|79720|perčistъ|adj_hard|2|perčist
пять|Ma|64729|pętь|fem_i|2|pęt
ковъ|Nb|65735|kovъ|masc_o|2|kov
девять|Ma|67439|devętь|fem_i|2|devęt
купити|V-|65926|kupiti|40|1|kup
купля|Nb|66905|kupĺǢ|fem_ja|2|kupj
зълодѣи|Nb|69095|zъlodějь|masc_jo|2|zъloděj
блядь|Nb|73434|blędь|fem_i|2|blęd
тать|Nb|66378|tatь|masc_i|2|tat
зелие|Nb|66827|zelьje|nt_jo|2|zelьj
пѣшии|A-|66597|pěšь|adj_soft|2|pěš
самъ|Pd|64012|samъ|pron_hard|2|sam
вязати|V-|68254|vęzati|52|1|vęz
зубъ|Nb|65193|zǫbъ|masc_o|2|zǫb
оболочити|V-|66309|obvolčiti|40|1|obvolč
мѣсто|Nb|60263|město|nt_o|2|měst
приводити|V-|68373|privoditi|40|1|privod
продаяти|V-|59101|prodajǢti|53|1|prodaj
лучии|A-|67912|lučь|adj_soft_comp|2|luč
память|Nb|64973|pamętь|fem_i|2|pamęt
покровъ|Nb|64277|pokrovъ|masc_o|2|pokrov
богородица|Nb|118402|bogorodika|fem_a_PV3|2|bogorodik
пътица|Nb|66252|pъtika|fem_a_PV3|2|pъtik
хоромина|Nb|67990|xormina|fem_a|2|xormin
умрѣти|V-|60024|umerti|13|1|um
мамона|Nb|66469|mamona|fem_a|2|mamon
имати|V-|68173|jьmati|52_abl|1|jьm
куръ|Nb|138777|kurъ|masc_o|2|kur
или|C-|59467|ili||0|ili
камение|Nb|59205|kamenьje|nt_jo|2|kamenьj
посылати|V-|68022|posylati|54|1|posyla
дворъ|Nb|65743|dvorъ|masc_o|2|dvor
вельми|Df|82629|velьmi||0|velьmi
мати|Nb|64173|mati|fem_R|2|mat
метати|V-|64046|metati|iskati|1|met
учити|V-|59070|učiti|40|1|uč
сильныи|A-|67653|silьnъ|adj_hard|2|silьn
добрѣ|Df|60192|dobrě||0|dobrě
носити|V-|64270|nositi|40|1|nos
прѣдъ|R-|58985|perdъ||0|perdъ
водити|V-|64392|voditi|40|1|vod
простыи|A-|66383|prostъ|adj_hard|2|prost
сторожь|Nb|66820|storžь|masc_jo|2|storž
къто|Pi|59233|kъto|kъto|2|
золото|Nb|67808|zolto|nt_o|2|zolt
послѣдьнии|A-|58788|poslědьńь|adj_soft|2|poslědьnj
камы|Nb|59513|kamy|masc_N|2|kam
нощь|Nb|59412|noћь|fem_i|2|nokt
продати|V-|64916|prodati|dati|1|pro
змия|Nb|65965|zmьjǢ|fem_ja|2|zmьj
филиповъ|A-|64761|filipovъ|adj_hard|2|filipov
рожьство|Nb|66509|roђьstvo|nt_o|2|rodjьstv
познати|V-|66596|poznati|54|1|pozna
крыти|V-|135162|kryti|18|1|kr
ни|Df|59339|ni||0|ni
вещь|Nb|67446|veћь|fem_i|2|vekt
вѣровати|V-|59039|věrovati|61|1|věr
родъ|Nb|64405|rodъ|masc_o|2|rod
пити|V-|65114|piti|17|1|p
ясти|V-|60205|jǢsti|eat|1|
женити|V-|60119|ženiti|40|1|žen
рыба|Nb|66668|ryba|fem_a|2|ryb
съвѣщати|V-|67039|sъvěšћǢti|54|1|sъvěstjǢ
полъ#1|Nb|59045|polъ|masc_u|2|pol
рѣзати|V-|58957|rězati|52|1|rěz
вѣньць|Nb|65750|věnьkь|masc_o_PV3|2|věnьk
како|Du|59133|kako||0|kako
творити|V-|58852|tvoriti|40|1|tvor
являти|V-|66191|avĺǢti|54|1|avjǢ
образъ|Nb|60006|obrazъ|masc_o|2|obraz
пьрвое|Df|79301|pŕ̥voje||0|pŕ̥voje
человѣчьскыи|A-|60204|čьlověčьskъ|adj_hard|2|čьlověčьsk
видѣние|Nb|67331|viděnьje|nt_jo|2|viděnьj
лютыи|A-|68789|ĺutъ|adj_hard|2|ljut
звѣрь|Nb|59018|zvěrь|masc_i|2|zvěr
старыи|A-|65352|starъ|adj_hard|2|star
борода|Nb|143039|borda|fem_a|2|bord
правыи|A-|66214|pravъ|adj_hard|2|prav
прострѣти|V-|64138|prosterti|13|1|prost
лѣвыи|A-|83919|lěvъ|adj_hard|2|lěv
копие|Nb|69661|kopьje|nt_jo|2|kopьj
обязати|V-|68591|obvęzati|52|1|obvęz
передъ|R-|58985|perdъ||0|perdъ
цѣловати|V-|65188|kělovati|61|1|kěl
цвѣтъ|Nb|85697|květъ|masc_o|2|květ
мясо|Nb|81241|męso|nt_o|2|męs
ли|Df|73471|li||0|li
свиния|Nb|60268|svinьjǢ|fem_ja|2|svinьj
прияти|V-|59498|prijęti|12|1|prijьm
съкрыти|V-|68377|sъkryti|18|1|sъkr
покрывати|V-|68189|pokryvati|54|1|pokryva
платъ|Nb|67458|poltъ|masc_o|2|polt
никъто|Px|82805|nikъto|kъto|2|ni
вѣдѣти|V-|59476|věděti|wote|1|
въстокъ|Nb|68272|vъstokъ|masc_o|2|vъstok
оба|Ma|59078|oba|pron_hard|2|ob
ниць|A-|67330|nikь|masc_o_PV3|2|nik
садити|V-|66861|saditi|40|1|sad
омывати|V-|69697|omyvati|54|1|omyva
нога|Nb|60289|noga|fem_a|2|nog
без|R-|66295|bez|voice_assim_prep|0|bez
двьрь|Nb|60232|dvьrь|fem_i|2|dvьr
жечи|V-|60191|žeћi|11|1|žeg
дъчи|Nb|60290|dъћi|fem_R|2|dъkt
кланяти|V-|65754|klańǢti|54|1|klanjǢ
говорити|V-|122833|govoriti|40|1|govor
иерусалимъ|Ne|58904|ijerusalimъ|masc_o|2|ijerusalim
златыи|A-|78635|zoltъ|adj_hard|2|zolt
вънутрь|Df|65744|vъnǫtrь||0|vъnǫtrь
рогъ|Nb|68353|rogъ|masc_o|2|rog
мѣдь|Nb|64047|mědь|fem_i|2|měd
зъвати|V-|65693|zъvati|51_abl|1|zъv
пещи|V-|64394|peћi|11|1|pek
хлѣбъ|Nb|60184|xlěbъ|masc_o|2|xlěb
попелъ|Nb|68814|popelъ|masc_o|2|popel
мазати|V-|66320|mazati|52|1|maz
лице|Nb|59927|like|nt_o_PV3|2|lik
тѣло|Nb|58822|tělo|nt_S|2|těl
христ(ос)овъ|A-|66913|xristosovъ|adj_hard|2|xristosov
бывати|V-|59322|byvati|54|1|byva
пьрвѣе|Df|64416|pŕ̥věje||0|pŕ̥věje
кънига|Nb|121755|kъńiga|fem_a|2|kъnjig
срѣда|Nb|140441|serda|fem_a|2|serd
слава|Nb|64748|slava|fem_a|2|slav
небо|Nb|58920|nebo|nt_S|2|neb
проити|V-|65648|projьti|jьti|1|pro
вьседьржитель|Nb|81169|vьxedŕ̥žiteĺь|masc_tel|2|vьxedŕ̥ži
свѣтъ|Nb|70455|světъ|masc_o|2|svět
корение|Nb|59276|korenьje|nt_jo|2|korenьj
высокыи|A-|65093|vysokъ|adj_hard|2|vysok
драгыи|A-|64876|dorgъ|adj_hard|2|dorg
локъть|Nb|66493|olkъtь|ten|2|olkъt
малыи|A-|65416|malъ|adj_hard|2|mal
жьртва|Nb|64016|žŕ̥tva|fem_a|2|žŕ̥tv
дорогыи|A-|64876|dorgъ|adj_hard|2|dorg
приносити|V-|60229|prinositi|40|1|prinos
поити#2|V-|138242|pojiti|40|1|poj
зачати|V-|67619|začęti|12|1|začьn
новыи|A-|65117|novъ|adj_hard|2|nov
дьрати|V-|117888|dьrati|51_abl|1|dьr
воня|Nb|69424|vońǢ|fem_ja|2|vonj
о|I-|65199|o||0|o
благовѣрьныи|A-|81561|bolgověrьnъ|adj_hard|2|bolgověrьn
еже|G-|59323|ježe||0|ježe
въпадати|V-|68607|vъpadati|54|1|vъpada
съжалити|V-|67463|sъžǢliti|40|1|sъžǢl
бѣда|Nb|69007|běda|fem_a|2|běd
мъного|Df|59249|mъnogo||0|mъnogo
плакати|V-|70086|plakati|52|1|plak
рещи|V-|58793|reћi|11|1|rek
господинъ|Nb|65068|gospodinъ|masc_o|2|gospodin
истина|Nb|59928|jьstina|fem_a|2|jьstin
помышление|Nb|64389|pomyšĺenьje|nt_jo|2|pomysljenьj
въпасти|V-|66863|vъpasti|11|1|vъpad
яко|Df|85825|ako||0|ako
путь|Nb|58763|pǫtь|masc_i|2|pǫt
истиньныи|A-|59924|jьstinьnъ|adj_hard|2|jьstinьn
заблудити|V-|67440|zablǫditi|40|1|zablǫd
отъвратити|V-|66281|otъvortiti|40|1|otъvort
скърбь|Nb|68098|skr̥bь|fem_i|2|skr̥b
близъ|R-|68945|blizъ||0|blizъ
призьрѣти|V-|67620|prizьrěti|31|1|prizьr
съзьдание|Nb|65439|sъzьdanьje|nt_jo|2|sъzьdanьj
наставити|V-|69508|nastaviti|40|1|nastav
никыиже|Px|66468|nikъjьže|kъjьže|2|nik
нужа|Nb|68751|nǫђǢ|fem_ja|2|nǫdj
упъвати|V-|65645|upъvati|54|1|upъva
съпасти#1|V-|70480|sъpasti|11|1|sъpas
вънити|V-|59000|vъnjьti|jьti|1|vъn
крило|Nb|67796|kridlo|nt_o|2|kridl
привязати|V-|750003|privęzati|54|1|privęza
ухо|Nb|64194|uxo|oko|2|ux
благыи|A-|65623|bolgъ|adj_hard|2|bolg
надъ|R-|67778|nadъ||0|nadъ
нести|V-|59122|nesti|11|1|nes
мъножьство|Nb|65300|mъnožьstvo|nt_o|2|mъnožьstv
пълныи|A-|68059|pĺ̥nъ|adj_hard|2|pĺ̥n
сладъкыи|A-|81613|soldъkъ|adj_hard|2|soldъk
варъ|Nb|67053|varъ|masc_o|2|var
вѣтръ|Nb|59230|větrъ|masc_o|2|větr
лихыи|A-|64043|lixъ|adj_hard|2|lix
тако|Df|59223|tako||0|tako
губа|Nb|66143|gǫba|fem_a|2|gǫb
камо|Du|69215|kamo||0|kamo
сѣсти|V-|64044|sěsti|infix_11|1|sěd
блюсти|V-|64031|bĺusti|11|1|bjud
петровъ|A-|69185|petrovъ|adj_hard|2|petrov
готовыи|A-|65071|gotovъ|adj_hard|2|gotov
заповѣдати|V-|64443|zapovědati|54|1|zapověda
сестра|Nb|65650|sestra|fem_a|2|sestr
еще|Df|59543|ješče||0|ješče
сила|Nb|60105|sila|fem_a|2|sil
чистыи|A-|64172|čistъ|adj_hard|2|čist
изити|V-|58784|jьzjьti|jьti|1|jьz
изгыбнути|V-|68818|jьzgybnǫti|21|1|jьzgyb
сквозѣ|R-|59124|skvozě||0|skvozě
тещи|V-|59418|teћi|11|1|tek
сторона|Nb|59047|storna|fem_a|2|storn
зълыи|A-|66277|zъlъ|adj_hard|2|zъl
угодьныи|A-|69370|ugodьnъ|adj_hard|2|ugodьn
дьбрь|Nb|67751|dьbrь|fem_i|2|dьbr
голодъ|Nb|64243|goldъ|masc_o|2|gold
съмотрити|V-|66497|sъmotriti|40|1|sъmotr
мужьскыи|A-|67560|mǫžьskъ|adj_hard|2|mǫžьsk
женьскыи|A-|67561|ženьskъ|adj_hard|2|ženьsk
полонъ|Nb|83628|pelnъ|masc_o|2|peln
поморие|Nb|67967|pomoŕьje|nt_jo|2|pomorjьj
вышьнии|A-|58997|vyšьńь|adj_soft|2|vyšьnj
крьщение|Nb|58869|krьšћenьje|nt_jo|2|krьstjenьj
устроити|V-|67332|ustrojiti|40|1|ustroj
заповѣдь|Nb|60203|zapovědь|fem_i|2|zapověd
устрьмити|V-|60261|ustrьmiti|40|1|ustrьm
умъ|Nb|69177|umъ|masc_o|2|um
небесьныи|A-|79134|nebesьnъ|adj_hard|2|nebesьn
судити|V-|66605|sǫditi|40|1|sǫd
благодать|Nb|67626|bolgodatь|fem_i|2|bolgodat
пожещи|V-|81186|požeћi|11|1|požeg
село|Nb|59427|selo|nt_o|2|sel
мария|Ne|65899|marijǢ|fem_ja|2|marij
възнести|V-|65967|vъznesti|11|1|vъznes
чьрмьныи|A-|73335|čŕ̥mьnъ|adj_hard|2|čŕ̥mьn
възвратити|V-|64406|vъzvortiti|40|1|vъzvort
развѣ|R-|58854|razvě||0|razvě
бо|Df|58825|bo||0|bo
прѣити|V-|59053|per+jьti|jьti|1|per+
аминъ|I-|64583|aminь||0|aminь
миръ|Nb|69989|mirъ|masc_o|2|mir
направити|V-|68355|napraviti|40|1|naprav
сьрдьце|Nb|58805|sŕ̥dьke|nt_o_PV3|2|sŕ̥dьk
начати|V-|59102|načęti|12|1|načьn
разумъ|Nb|64017|orzumъ|masc_o|2|orzum
коньчати|V-|67730|konьčǢti|54|1|konьčǢ
дѣло|Nb|64813|dělo|nt_o_S|2|děl
иже|Pr|58800|jьže|jьže|2|
нынѣ|Df|64687|nyně||0|nyně
глаголати|V-|58791|golgolati|52|1|golgol
недостоиныи|A-|68876|nedostojьnъ|adj_hard|2|nedostojьn
разумѣти|V-|59914|orzuměti|32|1|orzum
припадати|V-|65787|pripadati|54|1|pripada
помощь|Nb|79522|pomoћь|fem_i|2|pomogt
просити|V-|59329|prositi|40|1|pros
управити|V-|68554|upraviti|40|1|uprav
утвьрдити|V-|65207|utvŕ̥diti|40|1|utvŕ̥d
глаголание|Nb|65968|golgolanьje|nt_jo|2|golgolanьj
устьна|Nb|60198|ustьna|fem_a|2|ustьn
сътужати|V-|65211|sъtǫžǢti|54|1|sъtǫžǢ
нъ|C-|59326|nъ||0|nъ
приготовити|V-|122801|prigotoviti|40|1|prigotov
да|G-|58766|da||0|da
просвѣтити|V-|68354|prosvětiti|40|1|prosvět
десныи|A-|58816|desnъ|adj_hard|2|desn
причастьникъ|Nb|68375|pričęstьnikъ|masc_o|2|pričęstьnik
избьрати|V-|64727|jьzbьrati|51_abl|1|jьzbьr
въздъхнути|V-|64582|vъzdъxnǫti|21|1|vъzdъx
възглаголати|V-|64390|vъzgolgolati|52|1|vъzgolgol
сирѣчь|Df|66938|sirěčь||0|sirěčь
животъ|Nb|65425|životъ|masc_o|2|život
духъ|Nb|58909|duxъ|masc_o|2|dux
прочии|A-|65949|pročь|adj_soft|2|proč
разумѣвати|V-|64191|orzuměvati|54|1|orzuměva
аще|G-|58819|aћe||0|atje
мощи|V-|59413|moћi|11|1|mog
испасти|V-|85982|jьspasti|11|1|jьspad
отъврѣщи|V-|65080|otъverћi|14|1|otъvŕ̥g
нежели|Df|137778|neželi||0|neželi
обои|Ma|67911|obojь|pron_soft|2|oboj
покланяти|V-|69245|poklańǢti|54|1|poklanjǢ
страдати|V-|66822|stradati|52|1|strad
умирати|V-|60057|umirati|54|1|umira
убо|Df|58911|ubo||0|ubo
зане|G-|71773|zańe||0|zanje
сътяжати|V-|73481|sъtęžǢti|31|1|sъtęž
измѣнити|V-|78997|jьzměniti|40|1|jьzměn
тъкъмо#1|Df|59085|tъkъmo||0|tъkъmo
съмьрть|Nb|64177|sъmŕ̥tь|fem_i|2|sъmŕ̥t
ради|R-|59331|radi||0|radi
съконьчавати|V-|72135|sъkonьčǢvati|54|1|sъkonьčǢva
вьсегда|Df|64969|vьxegъda||0|vьxegъda
научити|V-|66564|naučiti|40|1|nauč
павьлъ|Ne|73098|pavьlъ|masc_o_u|2|pavьl
апостолъ|Nb|66565|apostolъ|masc_o|2|apostol
прѣжде|Df|64254|perђe||0|perdje
хытрость|Nb|78941|xytrostь|fem_i|2|xytrost
имѣти|V-|59090|jьměti|have|1|
егда|Dq|66511|jegъda||0|jegъda
въмѣнити|V-|71759|vъměniti|40|1|vъměn
сице|Df|68658|sike||0|sike
яко|G-|58792|ako||0|ako
вънѣшьнии|A-|66801|vъněšьńь|adj_soft|2|vъněšьnj
тьля|Nb|66376|tьĺǢ|fem_ja|2|tьlj
пагуба|Nb|66688|paguba|fem_a|2|pagub
обрѣсти|V-|58937|obrěsti|rěsti|1|ob
тъкъмо#2|Df|74339|tъkъmo||0|tъkъmo
чисти|V-|60144|čisti|ьt|1|č
погыбати|V-|66247|pogybati|52|1|pogyb
понеже|G-|65912|pońeže||0|ponježe
любы|Nb|66231|ĺuby|fem_uu|2|ljub
льсть|Nb|64213|lьstь|fem_i|2|lьst
благоволити|V-|58927|bolgovoliti|40|1|bolgovol
неправьда|Nb|68736|nepravьda|fem_a|2|nepravьd
ученикъ|Nb|59097|učenikъ|masc_o|2|učenik
врѣмя|Nb|59030|vermę|nt_N|2|verm
распятие|Nb|84100|orspętьje|nt_jo|2|orspętьj
господьнь|A-|58991|gospodьńь|adj_soft|2|gospodьnj
прѣложити|V-|73331|perložiti|40|1|perlož
луна|Nb|64739|luna|fem_a|2|lun
кръвь|Nb|60329|kry|fem_uu|2|kr
звѣзда|Nb|64741|gvězda|fem_a|2|gvězd
явити|V-|65102|aviti|40|1|av
коньчина|Nb|60291|konьčina|fem_a|2|konьčin
слово|Nb|58855|slovo|nt_S|2|slov
плъть|Nb|64697|plъtь|fem_i|2|plъt
обычаи|Nb|65435|obyčǢjь|masc_jo|2|obyčǢj
тварь|Nb|66147|tvarь|fem_i|2|tvar
знамение|Nb|64232|znamenьje|nt_jo|2|znamenьj
именовати|V-|67962|jьmenovati|61|1|jьmen
положити|V-|64024|položiti|40|1|polož
прѣдѣлъ|Nb|59564|perdělъ|masc_o|2|perděl
яко|Dq|58922|ako||0|ako
гнѣвъ|Nb|65122|gněvъ|masc_o|2|gněv
западъ|Nb|68273|zapadъ|masc_o|2|zapad
закрыти|V-|69068|zakryti|18|1|zakr
шьствие|Nb|68733|šьstvьje|nt_jo|2|šьstvьj
моръ|Nb|68996|morъ|masc_o|2|mor
помьркнути|V-|69135|pomŕ̥knǫti|21|1|pomŕ̥k
законъ|Nb|66676|zakonъ|masc_o|2|zakon
цьркъвьныи|A-|65896|kŕ̥kъvьnъ|adj_hard|2|kŕ̥kъvьn
ярость|Nb|55811|jǢrostь|fem_i|2|jǢrost
зѣло|Df|60265|gělo||0|gělo
забыти|V-|64584|zabyti|pref_byti|1|za
пакы|Df|58860|paky||0|paky
потомь|Df|80000|potomь||0|potomь
минути|V-|65932|minǫti|22|1|min
постъ|Nb|65285|postъ|masc_o|2|post
бѣдьныи|A-|67099|bědьnъ|adj_hard|2|bědьn
цьркы|Nb|58999|kŕ̥ky|fem_uu|2|kŕ̥k
власть|Nb|59477|volstь|fem_i|2|volst
тьмьница|Nb|66223|tьmьnika|fem_a_PV3|2|tьmьnik
вѣрьныи|A-|68323|věrьnъ|adj_hard|2|věrьn
нестроение|Nb|68995|nestrojenьje|nt_jo|2|nestrojenьj
прѣстати|V-|67890|perstati|stati|1|per
потьрпѣти|V-|67455|potŕ̥pěti|31|1|potŕ̥p
како|Dq|59433|kako||0|kako
при|R-|58940|pri||0|pri
иноплеменьникъ|Nb|68881|jьnoplemenьnikъ|masc_o|2|jьnoplemenьnik
доньдеже|G-|148791|dońьdeže||0|donjьdeže
врагъ|Nb|64025|vorgъ|masc_o|2|vorg
погубити|V-|59134|pogubiti|40|1|pogub
отъбѣжати|V-|122842|otъběžǢti|31|1|otъběž
тамо|Df|66599|tamo||0|tamo
възвѣщати|V-|68553|vъzvěšћǢti|54|1|vъzvěstjǢ
хвала|Nb|65116|xvala|fem_a|2|xval
чинъ|Nb|67599|činъ|masc_o_u|2|čin
прѣстолъ|Nb|66273|perstolъ|masc_o|2|perstol
приимати|V-|59330|prijьmati|52_abl|1|prijьm
прѣходити|V-|67804|perxoditi|40|1|perxod
начало|Nb|64248|načęlo|nt_o|2|načęl
рѣчь|Nb|67960|rěčь|fem_i|2|rěč
пѣти|V-|80670|pěti|19|1|p
ангелъ|Nb|59019|anǵelъ|masc_o|2|anǵel
славити|V-|64508|slaviti|40|1|slav
римьскыи|A-|69105|rimьskъ|adj_hard|2|rimьsk
зьрѣти|V-|59926|zьrěti|31|1|zьr
избавити|V-|66370|jьzbaviti|40|1|jьzbav
начинание|Nb|150755|načinanьje|nt_jo|2|načinanьj
прѣжде|R-|65945|perђe||0|perdje
подобати|V-|64241|podobati|54|1|podoba
цѣлыи|A-|65206|kělъ|adj_hard|2|kěl
съблюдати|V-|67735|sъbĺudati|54|1|sъbjuda
кромѣ|R-|59247|kromě||0|kromě
съставъ|Nb|133777|sъstavъ|masc_o|2|sъstav
отьчии|A-|67356|otьčь|adj_soft|2|otьč
божьство|Nb|79972|božьstvo|nt_o|2|božьstv
равьныи|A-|66163|orvьnъ|adj_hard|2|orvьn
величьство|Nb|117900|veličьstvo|nt_o|2|veličьstv
съзьдати|V-|59488|sъzьdati|52_abl|1|sъzьd
ничьтоже|Px|59084|ničьtože|čьtože|2|ni
болии|A-|65289|boĺь|adj_soft_comp|2|bolj
рождение|Nb|66299|roђenьje|nt_jo|2|rodjenьj
обьщии|A-|73274|obьћь|adj_soft|2|obьtj
цѣсарьство|Nb|64245|kěsaŕьstvo|nt_o|2|kěsarjьstv
вашь|Ps|59333|vašь|pron_soft|2|vaš
съпасение|Nb|67717|sъpasenьje|nt_jo|2|sъpasenьj
щедрота|Nb|122818|ščedrota|fem_a|2|ščedrot
дѣва|Nb|67623|děva|fem_a|2|děv
въплътити|V-|137945|vъplъtiti|40|1|vъplъt
пострадати|V-|60334|postradati|52|1|postrad
въскрьснути|V-|60069|vъskrьsnǫti|21|1|vъskrьs
въздати|V-|58787|vъzdati|dati|1|vъz
къжьдо|Px|67292|kъžьdo|kъžьdo|2|k
цѣсарьствие|Nb|58998|kěsaŕьstvьje|nt_jo|2|kěsarjьstvьj
коньць|Nb|64399|konьkь|masc_o_PV3|2|konьk
въобразити|V-|81182|vъobraziti|40|1|vъobraz
отъвѣщати|V-|59092|otъvěћǢti|54|1|otъvětjǢ
прѣступити|V-|68827|perstǫpiti|40|1|perstǫp
облѣщи|V-|58877|obvelћi|15|1|obvelk
въсприяти|V-|66332|vъsprijęti|12|1|vъsprijьm
съвьршити|V-|65639|sъvŕ̥šiti|40|1|sъvŕ̥š
воля|Nb|66351|voĺǢ|fem_ja|2|volj
помянути|V-|68352|pomęnǫti|22|1|pomęn
осудити|V-|65654|osǫditi|40|1|osǫd
исповѣдати|V-|65711|jьspovědati|54|1|jьspověda
петръ|Ne|59281|petrъ|masc_o_u|2|petr
прилежати|V-|68597|priležǢti|31|1|prilež
питие|Nb|123825|pitьje|nt_jo|2|pitьj
страхъ|Nb|59228|straxъ|masc_o|2|strax
нѣкъгда|Df|69040|někъgъda||0|někъgъda
довольныи|A-|67758|dovolьnъ|adj_hard|2|dovolьn
душа|Nb|60303|dušǢ|fem_ja|2|duš
поминати|V-|68894|pominati|54|1|pomina
молодыи|A-|64755|moldъ|adj_hard|2|mold
изгънание|Nb|65651|jьzgъnanьje|nt_jo|2|jьzgъnanьj
изволити|V-|67592|jьzvoliti|40|1|jьzvol
дѣвица|Nb|65951|děvika|fem_a_PV3|2|děvik
богатыи|A-|64089|bogatъ|adj_hard|2|bogat
съчетати|V-|65444|sъčetati|54|1|sъčeta
подвигъ|Nb|69056|podvigъ|masc_o|2|podvig
духовьныи|A-|67799|duxovьnъ|adj_hard|2|duxovьn
почивати|V-|66115|počivati|54|1|počiva
домъ|Nb|59745|domъ|masc_u|2|dom
распутие|Nb|58934|orspǫtьje|nt_jo|2|orspǫtьj
цѣсарьствовати|V-|68949|kěsaŕьstvovati|61|1|kěsarjьstv
обрѣменити|V-|67122|obermeniti|40|1|obermen
повиньныи|A-|66192|povinьnъ|adj_hard|2|povinьn
дробьныи|A-|81188|drobьnъ|adj_hard|2|drobьn
евангелие|Nb|59036|jevanǵelьje|nt_jo|2|jevanǵelьj
врачь|Nb|67910|vьračь|masc_ju|2|vьrač
слышати|V-|58797|slyšǢti|31|1|slyš
горько|Df|69065|gorьko||0|gorьko
зажещи|V-|67519|zažeћi|11|1|zažeg
свѣща|Nb|66187|sveћǢ|fem_ja|2|světj
прилѣпити|V-|65440|prilěpiti|40|1|prilěp
възложити|V-|58951|vъzložiti|40|1|vъzlož
пламы|Nb|68862|polmy|masc_N|2|polm
угасити|V-|68692|ugasiti|40|1|ugas
съложити|V-|69381|sъložiti|40|1|sъlož
риза|Nb|58952|riza|fem_a|2|riz
помолити|V-|65149|pomodliti|40|1|pomodl
скърбьныи|A-|64686|skr̥bьnъ|adj_hard|2|skr̥bьn
прилежьно|Df|68768|priležьno||0|priležьno
отълучити|V-|69306|otъlǫčiti|40|1|otъlǫč
брѣмя|Nb|67549|bermę|nt_N|2|berm
тяжькыи|A-|67766|tęžьkъ|adj_hard|2|tęžьk
пасти#1|V-|59251|pasti|11|1|pad
рыдати|V-|65947|rydati|54|1|ryda
лежати|V-|60189|ležǢti|31|1|lež
чии|Pi|60005|čьjь|pron_soft|2|čьj
съконьчати|V-|64236|sъkonьčǢti|54|1|sъkonьčǢ
злато|Nb|67808|zolto|nt_o|2|zolt
украсити|V-|68348|ukrasiti|40|1|ukras
красьныи|A-|68072|krasьnъ|adj_hard|2|krasьn
въмѣстити|V-|67537|vъměstiti|40|1|vъměst
доброта|Nb|79310|dobrota|fem_a|2|dobrot
свѣтьлыи|A-|66382|světьlъ|adj_hard|2|světьl
кърма|Nb|66792|kr̥ma|fem_a|2|kr̥m
бѣжати|V-|59428|běžǢti|31|1|běž
болѣзнь|Nb|64247|bolěznь|fem_i|2|bolězn
съмьртьныи|A-|65966|sъmŕ̥tьnъ|adj_hard|2|sъmŕ̥tьn
обити|V-|69992|objьti|jьti|1|ob
вьдова|Nb|67721|vьdova|fem_a|2|vьdov
прѣзьрѣти|V-|83523|perzьrěti|31|1|perzьr
моление|Nb|84527|modĺenьje|nt_jo|2|modljenьj
въздвигнути|V-|65283|vъzdvignǫti|21|1|vъzdvig
буря|Nb|66787|buŕǢ|fem_ja|2|burj
съньмъ|Nb|65724|sъnьmъ|masc_o|2|sъnьm
ожити|V-|68821|ožiti|11|1|oživ
устрашати|V-|69471|ustrašǢti|54|1|ustrašǢ
отъступити|V-|67889|otъstǫpiti|40|1|otъstǫp
дияволъ|Nb|67795|dьjǢvolъ|masc_o|2|dьjǢvol
пьрстъ|Nb|67764|pŕ̥stъ|masc_o|2|pŕ̥st
напълнити|V-|68756|napĺ̥niti|40|1|napĺ̥n
испустити|V-|69662|jьspustiti|40|1|jьspust
запалити|V-|122378|zapaliti|40|1|zapal
порохъ|Nb|66319|porxъ|masc_o|2|porx
осѣнити|V-|67632|osěniti|40|1|osěn
больныи|A-|69617|bolьnъ|adj_hard|2|bolьn
поклонити|V-|58892|pokloniti|40|1|poklon
лаяти|V-|140613|lajǢti|53|1|laj
земьныи|A-|66254|zemьnъ|adj_hard|2|zemьn
прѣдъстати|V-|79311|perdъstati|stati|1|perdъ
сльза|Nb|65278|slьza|fem_a|2|slьz
жителинъ|Nb|68778|žitelinъ|masc_o|2|žitelin
отроча|Nb|65277|otročę|nt_NT|2|otroč
народъ|Nb|59137|narodъ|masc_o|2|narod
съкрушати|V-|59204|sъkrušǢti|54|1|sъkrušǢ
далече|Df|66858|daleče||0|daleče
обычьныи|A-|73243|obyčьnъ|adj_hard|2|obyčьn
прочисти|V-|149727|pročisti|ьt|1|proč
домашьнии|A-|68404|domašьńь|adj_soft|2|domašьnj
крьстити|V-|58873|krьstiti|40|1|krьst
каженикъ|Nb|67539|kaženikъ|masc_o|2|kaženik
филипъ|Ne|66089|filipъ|masc_o|2|filip
древле|Df|68552|drevĺe||0|drevje
извѣстити|V-|73294|jьzvěstiti|40|1|jьzvěst
стѣна|Nb|82924|stěna|fem_a|2|stěn
разорити|V-|64124|orzoriti|40|1|orzor
храмина|Nb|67990|xormina|fem_a|2|xormin
грѣшьникъ|Nb|65555|grěšьnikъ|masc_o|2|grěšьnik
рьвьновати|V-|79299|rьvьnovati|61|1|rьvьn
изгънати|V-|60252|jьzgъnati|51_abl|1|jьzgъn
бранити|V-|65357|borniti|40|1|born
велѣти|V-|65281|velěti|31|1|vel
любодѣиныи|A-|66267|ĺubodějьnъ|adj_hard|2|ljubodějьn
ругати|V-|65879|rǫgati|54|1|rǫga
судьба|Nb|150757|sǫdьba|fem_a|2|sǫdьb
гонити|V-|68256|goniti|40|1|gon
кричати|V-|65824|kričǢti|31|1|krič
чаяти|V-|65910|čǢjǢti|53|1|čǢj
ужаснути|V-|60138|užǢsnǫti|21|1|užǢs
извести|V-|120908|jьzvesti|11|1|jьzvez
чрѣво|Nb|66866|červo|nt_o|2|červ
небытие|Nb|138441|nebytьje|nt_jo|2|nebytьj
бытие|Nb|130553|bytьje|nt_jo|2|bytьj
причисти|V-|65857|pričisti|ьt|1|prič
захария|Ne|67605|zaxarijǢ|masc_ja|2|zaxarij
пророкъ|Nb|59475|prorokъ|masc_o|2|prorok
посадити|V-|66634|posaditi|40|1|posad
свободити|V-|69371|svoboditi|40|1|svobod
острыи|A-|67749|ostrъ|adj_hard|2|ostr
въвести|V-|66369|vъvesti|11|1|vъved
горьница|Nb|65073|gorьnika|fem_a_PV3|2|gorьnik
въпити|V-|58988|vъpiti|17|1|vъp
простити|V-|79323|prostiti|40|1|prost
съгрѣшити|V-|67443|sъgrěšiti|40|1|sъgrěš
ли|Du|59119|li||0|li
еи|I-|67094|????||0|????
помазати|V-|65934|pomazati|52|1|pomaz
съдравыи|A-|65557|sъdorvъ|adj_hard|2|sъdorv
гърдыи|A-|67657|gr̥dъ|adj_hard|2|gr̥d
противити|V-|66276|protiviti|40|1|protiv
съмѣреныи|A-|67660|sъměŕenъ|adj_hard|2|sъměŕen
съволочи|V-|65757|sъvelћi|15|1|sъvelk
пожити|V-|76374|požiti|11|1|poživ
угълъ|Nb|59756|ǫgъlъ|masc_o|2|ǫgъl
воевода|Nb|64251|vojevoda|masc_a|2|vojevod
приступати|V-|69100|pristǫpati|54|1|pristǫpa
мълва|Nb|64859|ml̥va|fem_a|2|ml̥v
данилъ|Ne|64407|daniilъ|masc_o|2|daniil
житие|Nb|64116|žitьje|nt_jo|2|žitьj
показати|V-|64255|pokazati|52|1|pokaz
печальныи|A-|69310|pečǢlьnъ|adj_hard|2|pečǢlьn
живыи|A-|60155|živъ|adj_hard|2|živ
прибити|V-|138589|pribiti|17|1|prib
другъ|Nb|66288|drugъ|masc_o|2|drug
постити|V-|66061|postiti|40|1|post
пастырь|Nb|65129|pastyŕь|masc_jo|2|pastyrj
подати|V-|66669|podati|dati|1|po
цѣсарица|Nb|68630|kěsarika|fem_a_PV3|2|kěsarik
въсхотѣти|V-|66545|vъsxotěti|will|1|vъs
послушати|V-|64029|poslušǢti|54|1|poslušǢ
радовати|V-|65752|radovati|61|1|rad
лисъ|Nb|68548|lisъ|masc_o|2|lis
пружати|V-|65282|prǫžǢti|54|1|prǫžǢ
възити|V-|65811|vъzjьti|jьti|1|vъz
клятва|Nb|66271|klętva|fem_a|2|klętv
лукавыи|A-|66386|lǫkavъ|adj_hard|2|lǫkav
приходити|V-|64261|prixoditi|40|1|prixod
любыи|A-|82684|ĺubъ|adj_hard|2|ljub
вьрхъ|Nb|67832|vŕ̥xъ|masc_u|2|vŕ̥x
сънимати|V-|67899|sъnьmati|52_abl|1|sъnьm
проповѣдати|V-|58868|propovědati|54|1|propověda
число|Nb|69024|čislo|nt_o|2|čisl
прѣдание|Nb|59033|perdanьje|nt_jo|2|perdanьj
колѣно|Nb|64136|kolěno|nt_o|2|kolěn
поясъ|Nb|58879|pojǢsъ|masc_o|2|pojǢs
гласъ|Nb|58926|golsъ|masc_o|2|gols
приспѣти|V-|66116|prispěti|32|1|prisp
съложение|Nb|69221|sъloženьje|nt_jo|2|sъloženьj
мьнѣти|V-|65681|mьněti|31|1|mьn
отъдати|V-|67450|otъdati|dati|1|otъ
въскорѣ|Df|65358|vъskorě||0|vъskorě
отъвести|V-|79114|otъvesti|11|1|otъved
мучити|V-|59242|mǫčiti|40|1|mǫč
тьрновыи|A-|65749|tŕ̥novъ|adj_hard|2|tŕ̥nov
съняти|V-|65927|sъnęti|12|1|sъnьm
острогъ|Nb|68965|ostrogъ|masc_o|2|ostrog
тьмьныи|A-|66384|tьmьnъ|adj_hard|2|tьmьn
исходъ|Nb|68532|jьsxodъ|masc_o|2|jьsxod
привести|V-|750020|privesti|11|1|prived
довьлѣти|V-|66528|dovьlěti|dovleti|1|
чьрньць|Nb|73248|čŕ̥nьkь|masc_o_PV3|2|čŕ̥nьk
пльвати|V-|65753|pĺьvati|52_abl|1|pĺьv
пияньство|Nb|69017|pьjǢnьstvo|nt_o|2|pьjǢnьstv
прѣдати|V-|58768|perdati|dati|1|per
бѣсъ|Nb|59256|běsъ|masc_o|2|běs
бѣсити|V-|73301|běsiti|40|1|běs
вълкъ|Nb|68610|vĺ̥kъ|masc_o|2|vĺ̥k
чаша|Nb|65115|čǢšǢ|fem_ja|2|čǢš
вънѣ|R-|80923|vъně||0|vъně
сътязати|V-|60139|sъtęgati|54|1|sъtęga
крьстъ|Nb|65083|krьstъ|masc_o|2|krьst
приступити|V-|60215|pristǫpiti|40|1|pristǫp
старьць|Nb|59340|starьkь|masc_o_PV3|2|starьk
колико|Du|64453|koliko||0|koliko
нужда|Nb|68751|nǫђǢ|fem_ja|2|nǫdj
нѣкъто|Px|67064|někъto|kъto|2|ně
потрясти|V-|67228|potręsti|11|1|potręs
научение|Nb|79165|naučenьje|nt_jo|2|naučenьj
бѣсовьскыи|A-|73291|běsovьskъ|adj_hard|2|běsovьsk
напасти|V-|65662|napasti|11|1|napad
затворити|V-|66345|zatvoriti|40|1|zatvor
пустити|V-|58846|pustiti|40|1|pust
мятежь|Nb|64244|mętežь|masc_jo|2|mętež
ремень|Nb|58894|remy|masc_N|2|rem
нарочитыи|A-|69643|naročitъ|adj_hard|2|naročit
покаяние|Nb|58870|pokajǢnьje|nt_jo|2|pokajǢnьj
възмутити|V-|69264|vъzmǫtiti|40|1|vъzmǫt
съвести|V-|79628|sъvesti|11|1|sъved
въспять|Df|64410|vъspętь||0|vъspętь
искати|V-|59132|jьskati|iskati|1|jьsk
бояти|V-|59140|bojǢti|31|1|boj
мало|Df|66567|malo||0|malo
льгъкыи|A-|139363|lьgъkъ|adj_hard|2|lьgъk
нѣкыи|Px|68397|někъjь|kъjь|2|něk
вина|Nb|65853|vina|fem_a|2|vin
издъхнути|V-|65890|jьzdъxnǫti|21|1|jьzdъx
гражданинъ|Nb|68947|gorђǢninъ|masc_anin|2|gorђǢ
съгрѣшение|Nb|59338|sъgrěšenьje|nt_jo|2|sъgrěšenьj
погрети|V-|68551|pogreti|11|1|pogreb
вести|V-|120206|vesti|11|1|vez
кыи|Pr|69249|kъjь|kъjь|2|k
раздѣление|Nb|68703|orzděĺenьje|nt_jo|2|orzděljenьj
събыти|V-|65855|sъbyti|pref_byti|1|sъ
милыи|A-|64446|milъ|adj_hard|2|mil
възможьныи|A-|64738|vъzmožьnъ|adj_hard|2|vъzmožьn
прѣльстити|V-|64237|perlьstiti|40|1|perlьst
правьда|Nb|66526|pravьda|fem_a|2|pravьd
дряхлыи|A-|65641|dręxlъ|adj_hard|2|dręxl
вънимати|V-|66453|vъnьmati|52_abl|1|vъnьm
полагати|V-|65931|polagati|54|1|polaga
съблазнъ|Nb|67327|sъblaznъ|masc_o|2|sъblazn
съходити|V-|58921|sъxoditi|40|1|sъxod
съблажняти|V-|58815|sъblažńǢti|54|1|sъblaznjǢ
блазнити|V-|69308|blazniti|40|1|blazn
врѣменьныи|A-|66761|vermenьnъ|adj_hard|2|vermenьn
повелѣние|Nb|67680|povelěnьje|nt_jo|2|povelěnьj
радити|V-|59922|raditi|40|1|rad
прѣтъкнути|V-|67797|pertъknǫti|21|1|pertъk
съкрушити|V-|64900|sъkrušiti|40|1|sъkruš
слушати|V-|68536|slušǢti|54|1|slušǢ
хълмъ|Nb|67752|xl̥mъ|masc_o|2|xl̥m
перестати|V-|67890|perstati|stati|1|per
помощи|V-|65205|pomoћi|11|1|pomog
худыи|A-|73326|xudъ|adj_hard|2|xud
обрѣтати|V-|66161|obrětati|54|1|obrěta
витати|V-|66832|vitati|54|1|vita
воронъ|Nb|68684|vornъ|masc_o|2|vorn
орьлъ|Nb|68276|orьlъ|masc_o|2|orьl
убояти|V-|59760|ubojǢti|31|1|uboj
бездъна|Nb|68258|bezdъna|fem_a|2|bezdъn
трепетати|V-|65809|trepetati|52|1|trepet
дивии|A-|58886|divьjь|adj_soft|2|divьj
ударити|V-|66152|udariti|40|1|udar
събити|V-|81566|sъbiti|18|1|sъb
дъждь|Nb|69482|dъžђь|masc_jo|2|dъzdj
между|R-|65433|meђu||0|medju
погыбѣльныи|A-|69538|pogybělьnъ|adj_hard|2|pogybělьn
правьдьникъ|Nb|65559|pravьdьnikъ|masc_o|2|pravьdьnik
авраамль|A-|60151|avraamĺь|adj_soft|2|avraamj
сквьрнавыи|A-|81185|skvŕ̥navъ|adj_hard|2|skvŕ̥nav
правьдьныи|A-|66286|pravьdьnъ|adj_hard|2|pravьdьn
блудьникъ|Nb|78973|blǫdьnikъ|masc_o|2|blǫdьnik
язва|Nb|68588|jǢzva|fem_a|2|jǢzv
изнести|V-|68816|jьznesti|11|1|jьznes
глаголъ|Nb|65288|golgolъ|masc_o|2|golgol
вьдовица|Nb|64040|vьdovika|fem_a_PV3|2|vьdovik
овьца|Nb|65130|ovьka|fem_a_PV3|2|ovьk
нищии|A-|64915|nišћь|adj_soft|2|nistj
сънити|V-|65861|sъnjьti|jьti|1|sъn
дьрзнути|V-|65911|dŕ̥znǫti|21|1|dŕ̥z
кыи|Pi|60111|kъjь|kъjь|2|k
ветъхыи|A-|67457|vetъxъ|adj_hard|2|vetъx
оградити|V-|59495|ogorditi|40|1|ogord
вождь|Nb|66862|voђь|masc_jo|2|vodj
помышляти|V-|64288|pomyšĺǢti|54|1|pomysljǢ
слѣпыи|A-|64747|slěpъ|adj_hard|2|slěp
погрязнути|V-|66791|pogręznǫti|21|1|pogręz
кость|Nb|68074|kostь|fem_i|2|kost
жила|Nb|64272|žila|fem_a|2|žil
покаяти|V-|66322|pokajǢti|53|1|pokaj
болѣти|V-|65558|bolěti|31|1|bol
утро|Nb|69022|utro|nt_o|2|utr
снѣгъ|Nb|65098|sněgъ|masc_o|2|sněg
съпаситель|Nb|83831|sъpasiteĺь|masc_tel|2|sъpasi
утѣшати|V-|67776|utěšǢti|54|1|utěšǢ
наказание|Nb|83918|nakazanьje|nt_jo|2|nakazanьj
ослабити|V-|64271|oslabiti|40|1|oslab
обличати|V-|67781|obličǢti|54|1|obličǢ
тьрпѣти|V-|65198|tŕ̥pěti|31|1|tŕ̥p
студеныи|A-|68499|studenъ|adj_hard|2|studen
коли|Df|71485|koli||0|koli
неволя|Nb|67407|nevoĺǢ|fem_ja|2|nevolj
иногда|Df|69378|jьnъgъda||0|jьnъgъda
умывати|V-|69455|umyvati|54|1|umyva
гнои|Nb|68719|gnojь|masc_jo|2|gnoj
врата|Nb|66681|vorto|nt_o|2|vort
облизати|V-|69326|oblizati|52|1|obliz
окрьстъ|R-|69492|okrьstъ||0|okrьstъ
съмѣти|V-|64021|sъměti|32|1|sъm
възбранити|V-|67976|vъzborniti|40|1|vъzborn
пустыи|A-|60262|pustъ|adj_hard|2|pust
приволочи|V-|68708|privelћi|15|1|privelk
одежа|Nb|65940|odeђǢ|fem_ja|2|odedj
поясти|V-|68541|pojǢsti|eat|1|po
тягота|Nb|67052|tęgota|fem_a|2|tęgot
людьскыи|A-|67352|ĺudьskъ|adj_hard|2|ljudьsk
пълзати|V-|73334|pĺ̥zati|52_abl|1|pĺ̥z
владычица|Nb|79116|voldyčika|fem_a_PV3|2|voldyčik
упъвание|Nb|85863|upъvanьje|nt_jo|2|upъvanьj
тужити|V-|65075|tǫžiti|40|1|tǫž
озеро|Nb|67874|jezero|nt_o|2|jezer
съдѣлати|V-|64968|sъdělati|54|1|sъděla
възвалити|V-|69664|vъzvaliti|40|1|vъzval
изнемощи|V-|67635|jьznemoћi|11|1|jьznemog
како|Df|68745|kako||0|kako
перебити|V-|69588|perbiti|17|1|perb
авраамъ|Ne|67664|avraamъ|masc_o|2|avraam
дубъ|Nb|79094|dǫbъ|masc_o|2|dǫb
огородити|V-|59495|ogorditi|40|1|ogord
гънати|V-|64049|gъnati|51_abl|1|gъn
водьныи|A-|68252|vodьnъ|adj_hard|2|vodьn
дыхати|V-|69341|dyxati|54|1|dyxa
работати|V-|66467|orbotati|54|1|orbota
копати|V-|68843|kopati|54|1|kopa
поразити|V-|65128|poraziti|40|1|poraz
причастьныи|A-|150505|pričęstьnъ|adj_hard|2|pričęstьn
передати|V-|58768|perdati|dati|1|per
одьржати|V-|67894|odŕ̥žǢti|31|1|odŕ̥ž
нечистыи|A-|59199|nečistъ|adj_hard|2|nečist
паче|Df|60327|pače||0|pače
призъвати|V-|64103|prizъvati|51_abl|1|prizъv
попечи|V-|82632|popeћi|11|1|popek
мѣра|Nb|66602|měra|fem_a|2|měr
прошение|Nb|66349|prošenьje|nt_jo|2|prošenьj
исходити|V-|59270|jьsxoditi|40|1|jьsxod
осьлъ|Nb|68725|osьlъ|masc_o|2|osьl
мьртвыи|A-|60118|mŕ̥tvъ|adj_hard|2|mŕ̥tv
въскрѣсити|V-|60021|vъskrěsiti|40|1|vъskrěs
таина|Nb|66337|tajьna|fem_a|2|tajьn
дома|Df|69403|doma||0|doma
умыти|V-|60186|umyti|18|1|um
напоити|V-|65360|napojiti|40|1|napoj
прибѣгати|V-|84532|priběgati|54|1|priběga
съвьршеныи|A-|66325|sъvŕ̥šenъ|adj_hard|2|sъvŕ̥šen
отъгонити|V-|80858|otъgoniti|40|1|otъgon
оружие|Nb|66117|orǫžьje|nt_jo|2|orǫžьj
капля|Nb|69058|kapĺǢ|fem_ja|2|kapj
исцѣление|Nb|68464|jьskěĺenьje|nt_jo|2|jьskěljenьj
бѣсьныи|A-|60231|běsьnъ|adj_hard|2|běsьn
гнѣвати|V-|66342|gněvati|54|1|gněva
трудъ|Nb|68741|trǫdъ|masc_o|2|trǫd
съподобити|V-|68983|sъpodobiti|40|1|sъpodob
надѣяти|V-|68904|nadějǢti|53|1|naděj
ледъ|Nb|83942|ledъ|masc_o|2|led
убивати|V-|68666|ubivati|54|1|ubiva
дългыи|A-|68899|dĺ̥gъ|adj_hard|2|dĺ̥g
мучение|Nb|80844|mǫčenьje|nt_jo|2|mǫčenьj
противу|R-|69428|protivǫ||0|protivǫ
пища|Nb|66473|piћǢ|fem_ja|2|pitj
достати|V-|750002|dostati|stati|1|do
святити|V-|66350|svętiti|40|1|svęt
исцѣлити|V-|60254|jьskěliti|40|1|jьskěl
племя|Nb|81714|plemę|nt_N|2|plem
пьря|Nb|69035|pьŕǢ|fem_ja|2|pьrj
угнѣтати|V-|60300|ugnětati|54|1|ugněta
нива|Nb|68677|ńiva|fem_a|2|njiv
пещь|Nb|68685|peћь|fem_i|2|pekt
печь|Nb|68685|peћь|fem_i|2|pekt
капати|V-|69059|kapati|52|1|kap
съмиряти|V-|140615|sъmiŕǢti|54|1|sъmirjǢ
принести|V-|60002|prinesti|11|1|prines
наити|V-|67631|najьti|jьti|1|na
покадити|V-|67598|pokaditi|40|1|pokad
иеремия|Ne|122221|ijeremijǢ|masc_ja|2|ijeremij
вълхвъ|Nb|81205|vl̥xvъ|masc_o|2|vl̥xv
вечеръ|Nb|65074|večerъ|masc_o|2|večer
плясати|V-|66504|plęsati|52|1|plęs
пѣна|Nb|65190|pěna|fem_a|2|pěn
давити|V-|67452|daviti|40|1|dav
побѣда|Nb|68693|poběda|fem_a|2|poběd
богатьство|Nb|65643|bogatьstvo|nt_o|2|bogatьstv
потрѣбити|V-|68367|poterbiti|40|1|poterb
якоже|Dq|59040|akože||0|akože
илия|Ne|64763|ilijǢ|masc_ja|2|ilij
обратити|V-|66034|obvortiti|40|1|obvort
вьсь|Nb|59287|vьsь|fem_i|2|vьs
въпль|Nb|68346|vъpĺь|masc_jo|2|vъpj
пророчьство|Nb|69117|proročьstvo|nt_o|2|proročьstv
жаль|Nb|73470|žǢlь|fem_i|2|žǢl
ужасъ|Nb|65944|užǢsъ|masc_o|2|užǢs
таиныи|A-|66752|tajьnъ|adj_hard|2|tajьn
врѣдъ|Nb|81207|verdъ|masc_o|2|verd
възвести|V-|65101|vъzvesti|11|1|vъzved
безумьныи|A-|68644|bezumьnъ|adj_hard|2|bezumьn
избити|V-|67511|jьzbiti|17|1|jьzb
лъгати|V-|65628|lъgati|52|1|lъg
приложити|V-|66492|priložiti|40|1|prilož
неповиньныи|A-|68545|nepovinьnъ|adj_hard|2|nepovinьn
скорыи|A-|68902|skorъ|adj_hard|2|skor
воротити|V-|66649|vortiti|40|1|vort
блудити|V-|60106|blǫditi|40|1|blǫd
сънъ|Nb|68534|sъnъ|masc_o|2|sъn
обрадовати|V-|138478|obradovati|61|1|obrad
мълчати|V-|64981|mĺ̥čǢti|31|1|mĺ̥č
вънѣ|Df|58942|vъně||0|vъně
боязнь|Nb|136482|bojǢznь|fem_i|2|bojǢzn
въселити|V-|68728|vъsedliti|40|1|vъsedl
адъ|Nb|67495|adъ|masc_o|2|ad
давыдъ|Ne|58995|davydъ|masc_o_u|2|davyd
плѣвелъ|Nb|69066|pelvelъ|masc_o|2|pelvel
посрѣдѣ|R-|79093|poserdě||0|poserdě
радыи|A-|69078|radъ|adj_hard|2|rad
широкыи|A-|66685|širokъ|adj_hard|2|širok
пристати|V-|66844|pristati|stati|1|pri
вълна|Nb|66789|vĺ̥na|fem_a|2|vĺ̥n
въсходити|V-|58925|vъsxoditi|40|1|vъsxod
стълпъ|Nb|59489|stl̥pъ|masc_o|2|stl̥p
расти|V-|66260|orsti|11|1|orst
уподобити|V-|66810|upodobiti|40|1|upodob
сѣнь|Nb|139925|sěnь|fem_i|2|sěn
чужии|A-|67390|ћuђь|adj_soft|2|tjudj
жрѣбя|Nb|67161|žerbę|nt_NT|2|žerb
старость|Nb|67634|starostь|fem_i|2|starost
судьныи|A-|66317|sǫdьnъ|adj_hard|2|sǫdьn
привалити|V-|65925|privaliti|40|1|prival
жилище|Nb|59408|žilišče|nt_jo|2|žilišč
милостивыи|A-|67983|milostivъ|adj_hard|2|milostiv
благословляти|V-|65622|bolgoslovĺǢti|54|1|bolgoslovjǢ
съдоровие|Nb|85871|sъdorvьje|nt_jo|2|sъdorvьj
часто|Df|68379|čęsto||0|čęsto
мимо|Df|137262|mimo||0|mimo
възвѣстити|V-|64057|vъzvěstiti|40|1|vъzvěst
напасть|Nb|66107|napastь|fem_i|2|napast
пѣние|Nb|68823|pěnьje|nt_jo|2|pěnьj
морозъ|Nb|83964|morzъ|masc_o|2|morz
пустыни|Nb|58875|pustyńi|fem_ji|2|pustynj
дьньсь|Df|65136|dьnьsь||0|dьnьsь
громъ|Nb|69446|gromъ|masc_o|2|grom
строение|Nb|68842|strojenьje|nt_jo|2|strojenьj
сытыи|A-|73313|sytъ|adj_hard|2|syt
клѣть|Nb|66346|klětь|fem_i|2|klět
възискати|V-|67467|vъziskati|iskati|1|vъzisk
тоже|Df|67359|toђe||0|todje
брань|Nb|64239|bornь|fem_i|2|born
явѣ|Df|64264|avě||0|avě
прѣтьрпѣти|V-|64397|pertŕ̥pěti|31|1|pertŕ̥p
дожьдати|V-|84440|dožьdati|51_abl|1|dožьd
повести|V-|69091|povesti|11|1|poved
пѣсъкъ|Nb|69483|pěsъkъ|masc_o|2|pěsъk
никодимъ|Ne|69213|nikodimъ|masc_o|2|nikodim
падати|V-|64133|padati|54|1|pada
законоучитель|Nb|67671|zakonoučiteĺь|masc_tel|2|zakonouči
блаженыи|A-|66920|bolženъ|adj_hard|2|bolžen
уза|Nb|64440|ǫza|fem_a|2|ǫz
повѣдѣти|V-|60271|pověděti|wote|1|po
трапеза|Nb|64427|trapeza|fem_a|2|trapez
краи|Nb|69305|krajь|masc_jo|2|kraj
прославити|V-|66331|proslaviti|40|1|proslav
али|C-|66142|ali||0|ali
въздѣти|V-|81175|vъzděti|dedj|1|vъz
нудити|V-|67118|nǫditi|40|1|nǫd
вьсяко|Df|67822|vьxako||0|vьxako
вънъ|Df|59271|vъnъ||0|vъnъ
дъвои|Ma|65892|dъvojь|pron_soft|2|dъvoj
утаити|V-|67502|utajiti|40|1|utaj
воинъ|Nb|65747|vojьnъ|masc_o|2|vojьn
покои|Nb|67547|pokojь|masc_jo|2|pokoj
черево|Nb|66866|červo|nt_o|2|červ
мразъ|Nb|83964|morzъ|masc_o|2|morz
обѣщати|V-|65059|obvěћǢti|54|1|obvětjǢ
сълъгати|V-|79137|sъlъgati|52|1|sъlъg
висѣти|V-|67713|visěti|31|1|vis
обѣщание|Nb|85928|obvěћǢnьje|nt_jo|2|obvětjǢnьj
дѣвьство|Nb|68363|děvьstvo|nt_o|2|děvьstv
съхранити|V-|65633|sъxorniti|40|1|sъxorn
добро|Df|67093|dobro||0|dobro
глубина|Nb|66253|glǫbina|fem_a|2|glǫbin
грети|V-|69342|greti|11|1|greb
дружина|Nb|67732|družina|fem_a|2|družin
бъдрыи|A-|66108|bъdrъ|adj_hard|2|bъdr
проходити|V-|67898|proxoditi|40|1|proxod
лука|Ne|69179|luka|masc_a|2|luk
въпросити|V-|59343|vъsprositi|40|1|vъspros
пилатъ|Ne|65726|pilatъ|masc_o_u|2|pilat
посрамити|V-|80840|posormiti|40|1|posorm
римлянинъ|Nb|69412|rimĺǢninъ|masc_anin|2|rimjǢ
учитель|Nb|59921|učiteĺь|masc_tel|2|uči
насилие|Nb|82820|nasilьje|nt_jo|2|nasilьj
немощьныи|A-|66109|nemoћьnъ|adj_hard|2|nemogtьn
сълагати|V-|67700|sъlagati|54|1|sъlaga
съмыслити|V-|68260|sъmysliti|40|1|sъmysl
умѣти|V-|66112|uměti|32|1|um
прахъ|Nb|66319|porxъ|masc_o|2|porx
архиереи|Nb|59136|arъx́ijerejь|masc_jo_foreign|2|arъx́ijerej
прѣподобьныи|A-|82768|perpodobьnъ|adj_hard|2|perpodobьn
уродъ|Nb|79247|ǫrodъ|masc_o|2|ǫrod
славьныи|A-|67588|slavьnъ|adj_hard|2|slavьn
сътьникъ|Nb|65898|sъtьnikъ|masc_o|2|sъtьnik
рассуждати|V-|67125|orssǫђǢti|54|1|orssǫdjǢ
ближьнии|A-|64068|bližьńь|adj_soft|2|bližьnj
умерети|V-|60024|umerti|13|1|um
озълобити|V-|122836|ozъlobiti|40|1|ozъlob
искусити|V-|64768|jьskusiti|40|1|jьskus
искушение|Nb|67798|jьskušenьje|nt_jo|2|jьskušenьj
отъвѣтъ|Nb|67733|otъvětъ|masc_o|2|otъvět
крѣпъкыи|A-|66465|krěpъkъ|adj_hard|2|krěpъk
стороньныи|A-|69614|stornьnъ|adj_hard|2|stornьn
огньныи|A-|67568|ogńьnъ|adj_hard|2|ognjьn
отъсѣчи|V-|65420|otъsěћi|11|1|otъsěk
гладъкыи|A-|67750|gladъkъ|adj_hard|2|gladъk
вражии|A-|138060|voržьjь|adj_soft|2|voržьj
отъсѣщи|V-|65420|otъsěћi|11|1|otъsěk
чисто|Df|64439|čisto||0|čisto
послужити|V-|65686|poslužiti|40|1|posluž
трепетъ|Nb|65943|trepetъ|masc_o|2|trepet
разумьныи|A-|137506|orzumьnъ|adj_hard|2|orzumьn
невѣрьныи|A-|65200|nevěrьnъ|adj_hard|2|nevěrьn
медъ|Nb|55232|medъ|masc_u|2|med
осыпати|V-|68718|osypati|52|1|osyp
стражь|Nb|66820|storžь|masc_jo|2|storž
стрѣщи|V-|67693|sterћi|11|1|sterg
соломонъ|Ne|66513|solomonъ|masc_o|2|solomon
въспѣти|V-|65125|vъspěti|19|1|vъsp
зракъ|Nb|69670|zorkъ|masc_o|2|zork
сияти|V-|66284|sьjǢti|54|1|sьjǢ
хыщьникъ|Nb|68906|xyћьnikъ|masc_o|2|xytjьnik
убиица|Nb|67517|ubьjika|masc_a_PV3|2|ubьjik
мытарь|Nb|65554|mytaŕь|masc_ar|2|mytarj
несъмысльныи|A-|69159|nesъmyslьnъ|adj_hard|2|nesъmyslьn
мокрыи|A-|83955|mokrъ|adj_hard|2|mokr
прогнѣвати|V-|67478|progněvati|54|1|progněva
съмутити|V-|69171|sъmǫtiti|40|1|sъmǫt
госпожа|Nb|79133|gospoђǢ|fem_ja|2|gospodj
каяти|V-|59038|kajǢti|53|1|kaj
межу|R-|65433|meђu||0|medju
другъ|Pc|64805|drugъ|adj_hard|2|drug
веселити|V-|68682|veseliti|40|1|vesel
кадило|Nb|150902|kadidlo|nt_o|2|kadidl
бѣсьновати|V-|59434|běsьnovati|61|1|běsьn
нѣмыи|A-|64445|němъ|adj_hard|2|něm
глухыи|A-|64437|gluxъ|adj_hard|2|glux
съвязати|V-|750006|sъvęzati|54|1|sъvęza
отътолѣ|Df|67325|otъtolě||0|otъtolě
проглаголати|V-|67614|progolgolati|52|1|progolgol
мучитель|Nb|67477|mǫčiteĺь|masc_tel|2|mǫči
умолити|V-|67464|umodliti|40|1|umodl
лицемѣрие|Nb|60000|likeměrьje|nt_jo|2|likeměrьj
лъжа|Nb|66164|lъžǢ|fem_ja|2|lъž
одѣяти|V-|66515|odějǢti|53|1|oděj
осужение|Nb|64039|osǫђenьje|nt_jo|2|osǫdjenьj
нѣчьто|Px|68034|něčьto|čьto|2|ně
поврѣщи|V-|64419|poverћi|14|1|povŕ̥g
съсати|V-|67233|sъsati|51|1|sъs
очищати|V-|67220|očišћǢti|54|1|očistjǢ
квасъ|Nb|64586|kvasъ|masc_o|2|kvas
досаждати|V-|68649|dosaђǢti|54|1|dosadjǢ
украсти|V-|65627|ukrasti|11|1|ukrad
обѣдъ|Nb|67494|obědъ|masc_o|2|oběd
брашьно|Nb|67757|boršьno|nt_o|2|boršьn
гробъ|Nb|59197|grobъ|masc_o|2|grob
лещи|V-|149648|leћi|infix_11|1|leg
заутра|Df|65935|zautra||0|zautra
приставити|V-|69627|pristaviti|40|1|pristav
печаль|Nb|66757|pečǢlь|fem_i|2|pečǢl
такоже|Df|124645|takože||0|takože
часть|Nb|68340|čęstь|fem_i|2|čęst
жрѣбии|Nb|69099|žerbьjь|masc_jo|2|žerbьj
досадити|V-|67510|dosaditi|40|1|dosad
притворъ|Nb|69258|pritvorъ|masc_o|2|pritvor
пакость|Nb|69629|pakostь|fem_i|2|pakost
възрадовати|V-|149629|vъzradovati|61|1|vъzrad
величие|Nb|67654|veličьje|nt_jo|2|veličьj
възвеселити|V-|68828|vъzveseliti|40|1|vъzvesel
неприязнь|Nb|66275|neprijǢznь|fem_i|2|neprijǢzn
повѣсть|Nb|67585|pověstь|fem_i|2|pověst
начинати|V-|67044|načinati|54|1|načina
свободьныи|A-|67393|svobodьnъ|adj_hard|2|svobodьn
страньныи|A-|69614|stornьnъ|adj_hard|2|stornьn
съблюсти|V-|64170|sъbĺusti|11|1|sъbĺud
позавидѣти|V-|133827|pozaviděti|viděti|1|pozavid
навести|V-|79525|navesti|11|1|naved
противьныи|A-|66818|protivьnъ|adj_hard|2|protivьn
лѣность|Nb|122843|lěnostь|fem_i|2|lěnost
плачь|Nb|67525|plačь|masc_i|2|plač
постьлати|V-|65070|postьlati|52_abl|1|postьl
блюдо|Nb|66544|bĺudo|nt_o|2|bjud
дрѣво|Nb|58958|dervo|nt_S|2|derv
испросити|V-|67675|jьsprositi|40|1|jьspros
исправити|V-|69181|jьspraviti|40|1|jьsprav
услышати|V-|64238|uslyšǢti|31|1|uslyš
запрѣщати|V-|67873|zaperћǢti|54|1|zapertjǢ
скърбѣти|V-|65076|skr̥běti|31|1|skr̥b
исцѣляти|V-|67966|jьskěĺǢti|54|1|jьskěljǢ
глубокыи|A-|69239|glǫbokъ|adj_hard|2|glǫbok
мьртвьць|Nb|69501|mŕ̥tvьkь|masc_o_PV3|2|mŕ̥tvьk
дъска|Nb|59098|dъska|fem_a|2|dъsk
служьба|Nb|67618|služьba|fem_a|2|služьb
служити|V-|59020|služiti|40|1|služ
възлещи|V-|67102|vъzleћi|infix_11|1|vъzleg
сѣмо|Df|58933|sěmo||0|sěmo
прѣдъстояти|V-|68957|perdъstojǢti|31|1|perdъstoj
бльщати|V-|69151|blьšћǢti|40|1|blьstj
радость|Nb|66759|radostь|fem_i|2|radost
стихъ|Nb|69180|stixъ|masc_o|2|stix
умучити|V-|59217|umǫčiti|40|1|umǫč
безумие|Nb|64204|bezumьje|nt_jo|2|bezumьj
агньць|Nb|68609|agnьkь|masc_o_PV3|2|agnьk
гонение|Nb|66758|gońenьje|nt_jo|2|gonjenьj
исповѣдѣти|V-|68673|jьspověděti|wote|1|jьspo
утрьнии|A-|59082|utrьńь|adj_soft|2|utrьnj
очистити|V-|67828|očistiti|40|1|očist
гладъ|Nb|64243|goldъ|masc_o|2|gold
сѣть|Nb|69019|sětь|fem_i|2|sět
дивьныи|A-|59759|divьnъ|adj_hard|2|divьn
испълнити|V-|59037|jьspĺ̥niti|40|1|jьspĺ̥n
зависть|Nb|65738|zavistь|fem_i|2|zavist
человѣколюбьць|Nb|133864|čьlověkoĺubьkь|masc_o_PV3|2|čьlověkoljubьk
польза|Nb|65086|polьga|fem_a_PV3|2|polьg
безводьныи|A-|68625|bezvodьnъ|adj_hard|2|bezvodьn
съвѣтъ|Nb|65210|sъvětъ|masc_o|2|sъvět
подвизати|V-|750012|podvigati|52|1|podvig
съвити|V-|69602|sъviti|17|1|sъv
чадо|Nb|60019|čędo|nt_o|2|čęd
раскопати|V-|68376|orskopati|54|1|orskopa
тьрпѣние|Nb|68182|tŕ̥pěnьje|nt_jo|2|tŕ̥pěnьj
убогыи|A-|64093|ubogъ|adj_hard|2|ubog
сухыи|A-|64976|suxъ|adj_hard|2|sux
угасати|V-|65423|ugasati|54|1|ugasa
неплодьныи|A-|122841|neplodьnъ|adj_hard|2|neplodьn
посѣкати|V-|67756|posěkati|54|1|posěka
чьрвь|Nb|65422|čŕ̥vь|fem_i|2|čŕ̥v
истещи|V-|69366|jьsteћi|11|1|jьstek
подавити|V-|66259|podaviti|40|1|podav
въспомянути|V-|59280|vъspomęnǫti|22|1|vъspomęn
величати|V-|67770|veličǢti|54|1|veličǢ
нарицати|V-|65736|narikati|54|1|narika
знаменати|V-|69347|znamenati|54|1|znamena
въкупѣ|Df|68896|vъkupě||0|vъkupě
падение|Nb|67718|padenьje|nt_jo|2|padenьj
въсклонити|V-|68723|vъskloniti|40|1|vъsklon
въстание|Nb|67719|vъstanьje|nt_jo|2|vъstanьj
пометати|V-|68771|pometati|iskati|1|pomet
гърдыни|Nb|64205|gr̥dyńi|fem_ji|2|gr̥dynj
субота|Nb|59071|sǫbota|fem_a|2|sǫbot
почити|V-|66566|počiti|17|1|poč
радостьныи|A-|124928|radostьnъ|adj_hard|2|radostьn
покоиныи|A-|123122|pokojьnъ|adj_hard|2|pokojьn
въздаяние|Nb|71483|vъzdajǢnьje|nt_jo|2|vъzdajǢnьj
змии|Nb|73332|zmьjь|masc_jo|2|zmьj
лъжьныи|A-|138435|lъžьnъ|adj_hard|2|lъžьn
поругати|V-|65656|porǫgati|54|1|porǫga
издыхати|V-|69014|jьzdyxati|54|1|jьzdyxa
обличити|V-|67444|obličiti|40|1|oblič
окрьстьнии|A-|66609|okrьstьńь|adj_soft|2|okrьstьnj
обльстити|V-|59920|oblьstiti|40|1|oblьst
възлюбити|V-|58930|vъžĺubiti|40|1|vъzljub
иереи|Nb|67474|ijerejь|masc_jo_foreign|2|ijerej
възлагати|V-|65621|vъzlagati|54|1|vъzlaga
развратити|V-|67347|orzvortiti|40|1|orzvort
удъ|Nb|66248|udъ|masc_u|2|ud
соромити|V-|67670|sormiti|40|1|sorm
зачало|Nb|66212|začęlo|nt_o|2|začęl
въдати|V-|59490|vъdati|dati|1|vъ
пояти|V-|60020|pojęti|12|1|pojьm
роба|Nb|67636|orba|fem_a|2|orb
яти|V-|59327|jęti|12|1|jьm
въсадити|V-|67456|vъsaditi|40|1|vъsad
аче|G-|58819|aћe||0|atje
отъвѣчати|V-|59092|otъvěћǢti|54|1|otъvětjǢ
доконьчати|V-|65636|dokonьčǢti|54|1|dokonьčǢ
стадо|Nb|59252|stado|nt_o|2|stad
ли|C-|64176|li||0|li
половыи|A-|69247|polvъ|adj_hard|2|polv
въложити|V-|65923|vъložiti|40|1|vъlož
испытати|V-|68269|jьspytati|54|1|jьspyta
сълати|V-|66305|sъlati|52|1|sъl
сьребро|Nb|68294|sьrebro|nt_o|2|sьrebr
розгнѣвати|V-|67520|orzgněvati|54|1|orzgněva
отрокъ|Nb|67230|otrokъ|masc_o|2|otrok
рыбица|Nb|64455|rybika|fem_a_PV3|2|rybik
заходити|V-|60227|zaxoditi|40|1|zaxod
задѣти|V-|65838|zaděti|dedj|1|za
притещи|V-|66598|priteћi|11|1|pritek
любо|C-|120659|ĺubo||0|ljubo
заяти|V-|66282|zajęti|12|1|zajьm
рути|V-|140998|ruti|uti|1|r
въходити|V-|59290|vъxoditi|40|1|vъxod
волость|Nb|59477|volstь|fem_i|2|volst
толико|Df|72623|toliko||0|toliko
въспросити|V-|67351|vъsprositi|40|1|vъspros
чути|V-|64723|čuti|čuti|1|ču
съмѣрьныи|A-|150763|sъměrьnъ|adj_hard|2|sъměrьn
дань|Nb|67389|danь|fem_i|2|dan
състати|V-|68968|sъstati|stati|1|sъ
обида|Nb|64212|obida|fem_a|2|obid
ва|Pp|59289|ty|ty|2|
зади|Df|60335|zadi||0|zadi
прѣмудрость|Nb|66290|permǫdrostь|fem_i|2|permǫdrost
велии|A-|59229|velьjь|adj_ij|2|velьj
даръ|Nb|66841|darъ|masc_o_u|2|dar
учение|Nb|59139|učenьje|nt_jo|2|učenьj
разумѣние|Nb|68657|orzuměnьje|nt_jo|2|orzuměnьj
прѣмудрыи|A-|67499|permǫdrъ|adj_hard|2|permǫdr
потрѣба|Nb|68602|poterba|fem_a|2|poterb
рядъ|Nb|67586|rędъ|masc_o_u|2|ręd
елинъ|Nb|69365|jelinъ|masc_o|2|jelin
прѣбывати|V-|66311|perbyvati|54|1|perbyva
обаче|Df|67247|obače||0|obače
параклитъ|Nb|69469|paraklitъ|masc_o|2|paraklit
нарещи|V-|59127|nareћi|11|1|narek
младыи|A-|64755|moldъ|adj_hard|2|mold
матерьнии|A-|67540|materьńь|adj_soft|2|materьnj
съсьць|Nb|68628|sъsьkь|masc_o_PV3|2|sъsьk
прикасати|V-|67968|prikasati|54|1|prikasa
выше|Df|65893|vyše||0|vyše
речи|V-|58793|reћi|11|1|rek
выя|Nb|65419|vъjǢ|fem_ja|2|vъj
мудрыи|A-|68293|mǫdrъ|adj_hard|2|mǫdr
вящии|A-|65684|vęћь|adj_soft_comp|2|vętj
дѣтьскыи|A-|64608|dětьskъ|adj_hard|2|dětьsk
отъложити|V-|137411|otъložiti|40|1|otъlož
чьсть|Nb|66296|čьstь|fem_i|2|čьst
хвалити|V-|67696|xvaliti|40|1|xval
прѣдьнии|A-|67070|perdьńь|adj_soft|2|perdьnj
испьрва|Df|69507|jьspŕ̥va||0|jьspŕ̥va
узьрѣти|V-|59056|uzьrěti|31|1|uzьr
букы|Nb|68845|buky|fem_uu|2|buk
мыслити|V-|59469|mysliti|40|1|mysl
жизнь|Nb|81619|žiznь|fem_i|2|žizn
подъножие|Nb|64026|podъnožьje|nt_jo|2|podъnožьj
пропяти|V-|65741|propęti|12|1|propьn
оцьтъ|Nb|66144|okьtъ|masc_o|2|okьt
раздѣлити|V-|66196|orzděliti|40|1|orzděl
възъпити|V-|59237|vъzъpiti|17|1|vъzъp
распяти|V-|69652|orspęti|12|1|orspьn
неправьдьныи|A-|66287|nepravьdьnъ|adj_hard|2|nepravьdьn
безаконьникъ|Nb|65856|bezakonьnikъ|masc_o|2|bezakonьnik
ароматъ|Nb|65933|aromatъ|masc_o|2|aromat
самодьржьць|Nb|80794|samodŕ̥žьkь|masc_o_PV3|2|samodŕ̥žьk
сѣмя|Nb|60022|sěmę|nt_N|2|sěm
тъщание|Nb|69883|tъščǢnьje|nt_jo|2|tъščǢnьj
укрѣпляти|V-|69055|ukrěpĺǢti|54|1|ukrěpjǢ
страсть|Nb|77102|strastь|fem_i|2|strast
осужати|V-|66600|osǫђǢti|54|1|osǫdjǢ
никътоже|Px|59094|nikъtože|kъtože|2|ni
покупати|V-|66911|pokǫpati|52|1|pokǫp
различьныи|A-|60257|orzličьnъ|adj_hard|2|orzličьn
похвалити|V-|68849|poxvaliti|40|1|poxval
мысль|Nb|60301|myslь|fem_i|2|mysl
абие|Df|58962|abьje||0|abьje
възбудити|V-|66794|vъzbuditi|40|1|vъzbud
дѣлатель|Nb|67038|dělateĺь|masc_tel|2|děla
кесарь|Nb|59998|ḱesaŕь|masc_jo_foreign|2|ḱesarj
дъщи|Nb|60290|dъћi|fem_R|2|dъkt
морьскыи|A-|67400|moŕьskъ|adj_hard|2|morjьsk
уготовати|V-|65072|ugotovati|54|1|ugotova
вънезаапу|Df|64846|vъnezaapǫ||0|vъnezaapǫ
съвыше|Df|69214|sъvyše||0|sъvyše
съпасти#2|V-|150789|sъpasti|11|1|sъpad
полетѣти|V-|150231|poletěti|31|1|polet
съзъвати|V-|68283|sъzъvati|51_abl|1|sъzъv
кънижьникъ|Nb|59135|kъńižьnikъ|masc_o|2|kъnjižьnik
възвеличити|V-|67665|vъzveličiti|40|1|vъzvelič
въцѣсарити|V-|67627|vъkěsariti|40|1|vъkěsar
отьчьство|Nb|66298|otьčьstvo|nt_o|2|otьčьstv
основание|Nb|67989|osnovanьje|nt_jo|2|osnovanьj
кошь|Nb|64730|košь|masc_jo|2|koš
утвьржение|Nb|67591|utvŕ̥ђenьje|nt_jo|2|utvŕ̥djenьj
ключь|Nb|67288|kĺučь|masc_jo|2|ključ
достояние|Nb|59559|dostojǢnьje|nt_jo|2|dostojǢnьj
стратигъ|Nb|69061|stratigъ|masc_o|2|stratig
храмъ|Nb|59125|xormъ|masc_o|2|xorm
испълнение|Nb|69695|jьspĺ̥ńenьje|nt_jo|2|jьspĺ̥njenьj
достоиныи|A-|58891|dostojьnъ|adj_hard|2|dostojьn
нерукотвореныи|A-|66165|nerǫkotvoŕenъ|adj_hard|2|nerǫkotvorjen
якоже|Df|66347|akože||0|akože
удивити|V-|150731|udiviti|40|1|udiv
сь|Pd|150501|sь|sь|2|
съпасати|V-|68734|sъpasati|54|1|sъpasa
неистовыи|A-|65995|nejьstovъ|adj_hard|2|nejьstov
разгнѣвати|V-|67520|orzgněvati|54|1|orzgněva
безаконие|Nb|68076|bezakonьje|nt_jo|2|bezakonьj
прѣвратити|V-|78991|pervortiti|40|1|pervort
расточити|V-|67656|orstočiti|40|1|orstoč
низъложити|V-|67663|nizъložiti|40|1|nizъlož
отъпасти|V-|73288|otъpasti|11|1|otъpad
оскудѣти|V-|68851|oskǫděti|32|1|oskǫd
съмирити|V-|67032|sъmiriti|40|1|sъmir
движение|Nb|69262|dviženьje|nt_jo|2|dviženьj
суша|Nb|67805|sušǢ|fem_ja|2|suš
възмощи|V-|65196|vъzmoћi|11|1|vъzmog
хранити|V-|66343|xorniti|40|1|xorn
ужасати|V-|64240|užǢsati|54|1|užǢsa
прѣдаяти|V-|64393|perdajǢti|53|1|perdaj
угодити|V-|66506|ugoditi|40|1|ugod
ослабѣти|V-|64450|oslaběti|32|1|oslab
помощьникъ|Nb|80420|pomoћьnikъ|masc_o|2|pomogtьnik
избавление|Nb|65687|jьzbavĺenьje|nt_jo|2|jьzbavjenьj
трубьныи|A-|68280|trǫbьnъ|adj_hard|2|trǫbьn
колѣбати|V-|66936|kolěbati|52|1|kolěb
нощьныи|A-|66821|noћьnъ|adj_hard|2|noktьn
потокъ|Nb|69544|potokъ|masc_o|2|potok
брѣгъ|Nb|59426|bergъ|masc_o|2|berg
съсудъ|Nb|59123|sъsǫdъ|masc_o|2|sъsǫd
въздаяти|V-|68905|vъzdajǢti|53|1|vъzdaj
трупъ|Nb|66561|trupъ|masc_o|2|trup
успѣти|V-|69645|uspěti|32|1|usp
распьря|Nb|69367|orspьŕǢ|fem_ja|2|orspьŕ
объходити|V-|66301|obъxoditi|40|1|obъxod
брати|V-|137785|borti|16|1|bor
ядро|Nb|151693|jǢdro|nt_o|2|jǢdr
навадити|V-|73664|navaditi|40|1|navad
противляти|V-|68727|protivĺǢti|54|1|protivjǢ
крѣпити|V-|67678|krěpiti|40|1|krěp
прѣди|Df|68939|perdi||0|perdi
снопъ|Nb|69074|snopъ|masc_o|2|snop
прѣкратити|V-|64696|perkortiti|40|1|perkort
настати|V-|66352|nastati|stati|1|na
устати|V-|66795|ustati|stati|1|u
такожде|Df|60062|takoђe||0|takodje
коснути|V-|64139|kosnǫti|22|1|kosn
подобьныи|A-|60306|podobьnъ|adj_hard|2|podobьn
умълчати|V-|60136|umĺ̥čǢti|31|1|umĺ̥č
вълазити|V-|69261|vъlaziti|40|1|vъlaz
ровьныи|A-|66163|orvьnъ|adj_hard|2|orvьn
приклонити|V-|69163|prikloniti|40|1|priklon
зажечи|V-|67519|zažeћi|11|1|zažeg
облакъ|Nb|64749|obvolkъ|masc_o|2|obvolk
пущати|V-|58853|pušћǢti|54|1|pustjǢ
зълонравьныи|A-|73096|zъlonorvьnъ|adj_hard|2|zъlonorvьn
вои|Nb|67521|vojь|masc_jo|2|voj
убѣжати|V-|68081|uběžǢti|31|1|uběž
порадовати|V-|82050|poradovati|61|1|porad
ибо|Df|67067|ibo||0|ibo
владычьствие|Nb|71280|voldyčьstvьje|nt_jo|2|voldyčьstvьj
пажить|Nb|69389|pažitь|fem_i|2|pažit
наставьникъ|Nb|67773|nastavьnikъ|masc_o|2|nastavьnik
удьржати|V-|65108|udŕ̥žǢti|31|1|udŕ̥ž
уготовити|V-|65064|ugotoviti|40|1|ugotov
зълѣ|Df|66871|zъlě||0|zъlě
крѣпость|Nb|60302|krěpostь|fem_i|2|krěpost
лютѣ|Df|68659|ĺutě||0|ljutě
расѣщи|V-|151689|orssěћi|11|1|orssěk
разити|V-|69511|orzjьti|jьti|1|orz
разбѣгнути|V-|65131|orzběgnǫti|21|1|orzběg
въсточьныи|A-|80866|vъstočьnъ|adj_hard|2|vъstočьn
съвъкупити|V-|69165|sъvъkupiti|40|1|sъvъkup
устрьмление|Nb|83936|ustrьmĺenьje|nt_jo|2|ustrьmjenьj
непрѣмѣньно|Df|122912|neperměnьno||0|neperměnьno
уклонити|V-|69266|ukloniti|40|1|uklon
потрѣбьныи|A-|66508|poterbьnъ|adj_hard|2|poterbьn
въсѣсти|V-|58953|vъsěsti|infix_11|1|vъsěd
погънати|V-|68885|pogъnati|51_abl|1|pogъn
сърѣсти|V-|59220|sъrěsti|rěsti|1|sъ
възвращати|V-|67235|vъzvorћǢti|54|1|vъzvortjǢ
нападати|V-|82860|napadati|54|1|napada
уязвити|V-|68970|ujǢzviti|40|1|ujǢzv
съвѣтьникъ|Nb|65909|sъvětьnikъ|masc_o|2|sъvětьnik
съдѣиствовати|V-|73293|sъdějьstvovati|61|1|sъdějьstv
свѣтильникъ|Nb|66381|světilьnikъ|masc_o|2|světilьnik
едъва|Df|70995|jedъva||0|jedъva
дьрзати|V-|65695|dŕ̥zati|54|1|dŕ̥za
пролияти|V-|67470|prolьjǢti|53_abl|1|prolьj
възьрѣти|V-|58798|vъzьrěti|31|1|vъzьr
благодѣть|Nb|73292|bolgodětь|fem_i|2|bolgodět
прѣступати|V-|64179|perstǫpati|54|1|perstǫpa
лишити|V-|68777|lišiti|40|1|liš
ненавидѣти|V-|64396|nenaviděti|viděti|1|nenavid
поношение|Nb|67621|ponošenьje|nt_jo|2|ponošenьj
възглашати|V-|67130|vъzgolšǢti|54|1|vъzgolšǢ
утѣшити|V-|69402|utěšiti|40|1|utěš
прѣстаяти|V-|68660|perstajǢti|53|1|perstaj
рамо|Nb|68767|ormo|nt_o|2|orm
ребро|Nb|69590|rebro|nt_o|2|rebr
пробити|V-|59514|probiti|17|1|prob
помрачити|V-|64744|pomorčiti|40|1|pomorč
пучина|Nb|67399|pǫčina|fem_a|2|pǫčin
година|Nb|65851|godina|fem_a|2|godin
тружати|V-|64967|truђǢti|54|1|trudjǢ
въкусити|V-|67293|vъkusiti|40|1|vъkus
съзидати|V-|83694|sъzidati|54|1|sъzida
спѣти|V-|67736|spěti|32|1|sp
въсплакати|V-|67974|vъsplakati|52|1|vъsplak
наступати|V-|68585|nastǫpati|54|1|nastǫpa
туга|Nb|69011|tǫga|fem_a|2|tǫg
повѣдати|V-|67677|povědati|54|1|pověda
размѣсити|V-|119613|orzměsiti|40|1|orzměs
пригласити|V-|67963|prigolsiti|40|1|prigols
въсуе|Df|60233|vъsuje||0|vъsuje
бъдѣти|V-|64810|bъděti|31|1|bъd
изнемагати|V-|151661|jьznemagati|54|1|jьznemaga
убииство|Nb|64209|ubьjьstvo|nt_o|2|ubьjьstv
улучити|V-|68984|ulučiti|40|1|uluč
обѣтъ|Nb|82700|obvětъ|masc_o|2|obvět
цѣлование|Nb|64037|kělovanьje|nt_jo|2|kělovanьj
проречи|V-|60193|proreћi|11|1|prorek
грѣховьныи|A-|134396|grěxovьnъ|adj_hard|2|grěxovьn
обладати|V-|65680|obvoldati|54|1|obvolda
въсияти|V-|65936|vъsьjǢti|54|1|vъsьjǢ
поучати|V-|64391|poučǢti|54|1|poučǢ
житиискыи|A-|68178|žitьjьskъ|adj_hard|2|žitьjьsk
отъкрыти|V-|67505|otъkryti|18|1|otъkr
полонити|V-|69009|pelniti|40|1|peln
чьстити|V-|82827|čьstiti|40|1|čьst
пользьныи|A-|73239|polьgьnъ|adj_hard|2|polьgьn
рабыни|Nb|66197|orbyńi|fem_ji|2|orbynj
утвьржати|V-|65969|utvŕ̥ђǢti|54|1|utvŕ̥djǢ
законьныи|A-|68359|zakonьnъ|adj_hard|2|zakonьn
рана|Nb|60341|rana|fem_a|2|ran
одѣти|V-|65939|oděti|dedj|1|o
въдаяти|V-|82866|vъdajǢti|53|1|vъdaj
прѣдълагати|V-|68579|perdъlagati|54|1|perdъlaga
очищение|Nb|64256|očišћenьje|nt_jo|2|očistjenьj
волога|Nb|68065|volga|fem_a|2|volg
съвьршати|V-|67231|sъvŕ̥šǢti|54|1|sъvŕ̥šǢ
никакоже|Df|67871|nikakože||0|nikakože
коль|Du|68740|kolь||0|kolь
подвигнути|V-|67698|podvignǫti|21|1|podvig
искрьнии|A-|64013|jьskrьńь|adj_soft|2|jьskrьń
достояти|V-|59997|dostojǢti|31|1|dostoj
чистота|Nb|81616|čistota|fem_a|2|čistot
трѣбовати|V-|59293|terbovati|61|1|terb
повиновати|V-|67734|povinovati|61|1|povin
посѣщати|V-|150749|posěћǢti|54|1|posětjǢ
елико|Pr|60107|jeliko||0|jeliko
свобода|Nb|122767|svoboda|fem_a|2|svobod
родитель|Nb|64395|roditeĺь|masc_tel|2|rodi
приношение|Nb|84471|prinošenьje|nt_jo|2|prinošenьj
отънудь|Df|66272|otъnǫdь||0|otъnǫdь
властель|Nb|68000|volsteĺь|masc_tel|2|vols
помыслити|V-|73287|pomysliti|40|1|pomysl
владычьство|Nb|67746|voldyčьstvo|nt_o|2|voldyčьstv
лукавьство|Nb|64211|lǫkavьstvo|nt_o|2|lǫkavьstv
юныи|A-|68775|junъ|adj_hard|2|jun
желати|V-|118024|želati|54|1|žela
обидѣти|V-|65630|obviděti|31|1|obvid
мьстити|V-|68898|mьstiti|40|1|mьst
хулити|V-|65859|xuliti|40|1|xul
съгрѣшати|V-|69267|sъgrěšǢti|54|1|sъgrěšǢ
дѣлание|Nb|68707|dělanьje|nt_jo|2|dělanьj
поставляти|V-|78607|postavĺǢti|54|1|postavjǢ
отъпущение|Nb|58871|otъpušћenьje|nt_jo|2|otъpustjenьj
съдравие|Nb|85871|sъdorvьje|nt_jo|2|sъdorvьj
имѣние|Nb|67543|jьměnьje|nt_jo|2|jьměnьj
неже|Df|67438|neže||0|neže
приятьныи|A-|67824|prijętьnъ|adj_hard|2|prijętьn
сътяжание|Nb|65642|sъtęžǢnьje|nt_jo|2|sъtęžǢnьj
плѣнити|V-|69009|pelniti|40|1|peln
износити|V-|67987|jьznositi|40|1|jьznos
высылати|V-|119680|vysylati|54|1|vysyla
бракъ|Nb|67366|bьrakъ|masc_o|2|bьrak
студъ|Nb|68746|studъ|masc_o|2|stud
посѣсти|V-|69927|posěsti|infix_11|1|posěd
възносити|V-|68687|vъznositi|40|1|vъznos
ядь|Nb|58883|jǢdь|fem_i|2|jǢd
бесѣда|Nb|66206|besěda|fem_a|2|besěd
бъчела|Nb|69174|bъčela|fem_a|2|bъčel
поругание|Nb|67059|porǫganьje|nt_jo|2|porǫganьj
проливати|V-|65119|prolivati|54|1|proliva
упивати|V-|71271|upivati|54|1|upiva
похулити|V-|73317|poxuliti|40|1|poxul
солоныи|A-|65582|solnъ|adj_hard|2|soln
сырыи|A-|69094|syrъ|adj_hard|2|syr
хула|Nb|68783|xula|fem_a|2|xul
непраздьныи|A-|67686|neporzdьnъ|adj_hard|2|neporzdьn
мьзда|Nb|65359|mьzda|fem_a|2|mьzd
бесѣдовати|V-|68207|besědovati|61|1|besěd
съгънути|V-|67818|sъgъnǫti|22|1|sъgъn
татьба|Nb|64210|tatьba|fem_a|2|tatьb
ядение|Nb|150587|jǢdenьje|nt_jo|2|jǢdenьj
неправьдьникъ|Nb|69615|nepravьdьnikъ|masc_o|2|nepravьdьnik
наслѣдити|V-|67546|naslěditi|40|1|naslěd
пияница|Nb|68324|pьjǢnika|masc_a_PV3|2|pьjǢnik
прѣлюбодѣи|Nb|68908|perĺubodějь|masc_jo|2|perljuboděj
изискати|V-|71278|jьziskati|iskati|1|jьzisk
въстязати|V-|135778|vъstęgati|54|1|vъstęga
поносити|V-|65880|ponositi|40|1|ponos
юность|Nb|65634|junostь|fem_i|2|junost
покоити|V-|67121|pokojiti|40|1|pokoj
тѣлесьныи|A-|67782|tělesьnъ|adj_hard|2|tělesьn
небрѣщи|V-|73245|neberћi|15|1|neberg
убрусъ|Nb|68952|ubrusъ|masc_o|2|ubrus
рано|Df|69150|rano||0|rano
жьзлъ|Nb|68295|žьzlъ|masc_o|2|žьzl
сусѣдъ|Nb|68766|sǫsědъ|masc_o|2|sǫsěd
зълословити|V-|64175|zъlosloviti|40|1|zъloslov
кляти|V-|66270|klęti|12|1|klьn
искоренити|V-|66859|jьskoreniti|40|1|jьskoren
досажати|V-|68649|dosaђǢti|54|1|dosadjǢ
обьщьникъ|Nb|68080|obьћьnikъ|masc_o|2|obьtjьnik
исаия|Ne|64182|isajijǢ|masc_ja|2|isajij
вранъ|Nb|68684|vornъ|masc_o|2|vorn
сънѣсти|V-|59096|sъněsti|pref_eat|1|sъn
почисти|V-|67092|počisti|ьt|1|poč
одѣяние|Nb|64036|odějǢnьje|nt_jo|2|odějǢnьj
домовитыи|A-|67037|domovitъ|adj_hard|2|domovit
полъ#2|Nb|70087|polъ|masc_u|2|pol
печи|V-|64394|peћi|11|1|pek
достоино|Df|150499|dostojьno||0|dostojьno
поспѣшьствовати|V-|65973|pospěšьstvovati|61|1|pospěšьstv
праздьныи|A-|67040|porzdьnъ|adj_hard|2|porzdьn
вълагати|V-|69497|vъlagati|54|1|vъlaga
зълоба|Nb|66529|zъloba|fem_a|2|zъlob
вражьда|Nb|69081|voržьda|fem_a|2|voržьd
истязати|V-|69988|jьstęgati|52|1|jьstęg
даровати|V-|68007|darovati|61|1|dar
мъногоцѣньныи|A-|69867|mъnogokěnьnъ|adj_hard|2|mъnogokěnьn
користь|Nb|68620|koristь|fem_i|2|korist
събирати|V-|66483|sъbirati|54|1|sъbira
въстаяти|V-|66780|vъstajǢti|53|1|vъstaj
плодъ|Nb|59095|plodъ|masc_o|2|plod
насадити|V-|59494|nasaditi|40|1|nasad
прѣпоясати|V-|750011|perpojǢsati|54|1|perpojǢsa
чрѣсла|Nb|58882|čerslo|nt_o|2|čersl
мышьца|Nb|67658|myšьka|fem_a_PV3|2|myšьk
подаяти|V-|80331|podajǢti|53|1|podaj
съньмище|Nb|59069|sъnьmišče|nt_jo|2|sъnьmišč
сугубыи|A-|67803|sugubъ|adj_hard|2|sugub
мълчаливыи|A-|73336|mĺ̥čǢlivъ|adj_hard|2|mĺ̥čǢliv
испълняти|V-|67729|jьspĺ̥ńǢti|54|1|jьspĺ̥njǢ
красти|V-|66380|krasti|11|1|krad
блясти|V-|79465|blęsti|11|1|blęd
оклеветати|V-|750009|oklevetati|52|1|oklevet
завидѣти|V-|119675|zaviděti|viděti|1|zavid
клепати|V-|69447|klepati|52|1|klep
пьрѣти|V-|69352|pьrěti|31|1|pьr
домовьныи|A-|68839|domovьnъ|adj_hard|2|domovьn
чародѣи|Nb|148693|čǢrodějь|masc_jo|2|čǢroděj
съмѣрение|Nb|67650|sъměŕenьje|nt_jo|2|sъměrjenьj
розбити|V-|68964|orzbiti|17|1|orzb
сапогъ|Nb|67775|sapogъ|masc_o|2|sapog
ведро|Nb|67564|vedro|nt_o|2|vedr
особь|Df|69601|osobь||0|osobь
проносити|V-|64263|pronositi|40|1|pronos
въмѣщати|V-|69849|vъměšћǢti|54|1|vъměstjǢ
милосьрдие|Nb|68357|milosŕ̥dьje|nt_jo|2|milosŕ̥dьj
свящати|V-|69673|svęћǢti|54|1|svętjǢ
недугъ|Nb|65818|nedǫgъ|masc_o|2|nedǫg
удаляти|V-|151684|udaĺǢti|54|1|udaljǢ
душевьныи|A-|122906|duševьnъ|adj_hard|2|duševьn
цѣлити|V-|65817|kěliti|40|1|kěl
избыти|V-|68467|jьzbyti|pref_byti|1|jьz
наслѣдьникъ|Nb|59548|naslědьnikъ|masc_o|2|naslědьnik
содомьскыи|A-|67498|sodomьskъ|adj_hard|2|sodomьsk
вълхвование|Nb|81202|vl̥xvovanьje|nt_jo|2|vl̥xvovanьj
вълшьбьныи|A-|78943|vl̥šьbьnъ|adj_hard|2|vl̥šьbьn
гърдость|Nb|150759|gr̥dostь|fem_i|2|gr̥dost
нечистота|Nb|68061|nečistota|fem_a|2|nečistot
грѣшьничь|A-|150230|grěšьničь|adj_soft|2|grěšьnič
потопъ|Nb|68284|potopъ|masc_o|2|potop
посѣчение|Nb|68966|posěћenьje|nt_jo|2|posětjenьj
животьныи|A-|69349|životьnъ|adj_hard|2|životьn
скотъ|Nb|68594|skotъ|masc_o|2|skot
лишение|Nb|64118|lišenьje|nt_jo|2|lišenьj
съконьчание|Nb|69226|sъkonьčǢnьje|nt_jo|2|sъkonьčǢnьj
искушати|V-|59016|jьskušǢti|54|1|jьskušǢ
утроба|Nb|67642|ǫtroba|fem_a|2|ǫtrob
узъкыи|A-|66680|ǫzъkъ|adj_hard|2|ǫzъk
прискърбьныи|A-|65161|priskr̥bьnъ|adj_hard|2|priskr̥bьn
въводити|V-|66687|vъvoditi|40|1|vъvod
нужьникъ|Nb|67223|nǫђьnikъ|masc_o|2|nǫdjьnik
въсхыщати|V-|68257|vъsxyћǢti|54|1|vъsxytjǢ
посѣщи|V-|74825|posěћi|11|1|posěk
виноградъ|Nb|59493|vinogordъ|masc_o|2|vinogord
лихва|Nb|68956|lixva|fem_a|2|lixv
възбраняти|V-|69076|vъzborńǢti|54|1|vъzbornjǢ
низъходити|V-|69188|nizъxoditi|40|1|nizъxod
умъножити|V-|122529|umъnožiti|40|1|umъnož
заимъ|Nb|67981|zajьmъ|masc_o|2|zajьm
дългъ|Nb|66354|dl̥gъ|masc_o|2|dl̥g
строи|Nb|79680|strojь|masc_jo|2|stroj
въпрашати|V-|59244|vъprašǢti|54|1|vъprašǢ
ложе|Nb|68612|lože|nt_jo|2|lož
валяти|V-|65201|vaĺǢti|54|1|valjǢ
мыти|V-|136554|myti|18|1|m
пьшеничьныи|A-|69445|pьšeničьnъ|adj_hard|2|pьšeničьn
виньныи|A-|83004|vinьnъ|adj_hard|2|vinьn
хлѣбьныи|A-|67252|xlěbьnъ|adj_hard|2|xlěbьn
бьрати|V-|82343|bьrati|51_abl|1|bьr
тъкати|V-|82894|tъkati|51|1|tъk
прясти|V-|66510|pręsti|11|1|pręd
николиже|Df|64509|nikoliže||0|nikoliže
пъртъ|Nb|68694|pr̥tъ|masc_o|2|pr̥t
притъча|Nb|59485|pritъčǢ|fem_ja|2|pritъč
цѣна|Nb|69634|kěna|fem_a|2|kěn
съмѣряти|V-|68747|sъměŕǢti|54|1|sъměrjǢ
съвѣсити|V-|64280|sъvěsiti|40|1|sъvěs
домови|Df|64430|domovi||0|domovi
переложити|V-|73331|perložiti|40|1|perlož
двигнути|V-|59324|dvignǫti|21|1|dvig
пиво|Nb|69353|pivo|nt_o|2|piv
измыти|V-|69456|jьzmyti|18|1|jьzm
хоромъ|Nb|59125|xormъ|masc_o|2|xorm
ростворити|V-|139338|orstvoriti|40|1|orstvor
сѣно|Nb|66517|sěno|nt_o|2|sěn
отирати|V-|68031|otirati|54|1|otira
раи|Nb|69134|rajь|masc_jo|2|raj
колоти|V-|83699|kolti|16|1|kol
жито|Nb|68681|žito|nt_o|2|žit
соль|Nb|65430|solь|fem_i|2|sol
литра|Nb|69421|litra|fem_a|2|litr
исѣщи|V-|65924|jьssěћi|11|1|jьssěk
ячьныи|A-|69338|jęčьnъ|adj_hard|2|jęčьn
осолити|V-|65431|osoliti|40|1|osol
похотѣти|V-|79060|poxotěti|will|1|po
богатѣти|V-|68683|bogatěti|32|1|bogat
пасти#2|V-|70085|pasti|11|1|pas
сушити|V-|138609|sušiti|40|1|suš
тлѣщи|V-|59411|telћi|14|1|tĺ̥k
сласть|Nb|64030|solstь|fem_i|2|solst
садъ|Nb|66860|sadъ|masc_o_u|2|sad
полоти|V-|137229|pelti|11|1|pelv
розводити|V-|58919|orzvoditi|40|1|orzvod
пиръ|Nb|68748|pirъ|masc_o|2|pir
назирати|V-|65294|nazirati|54|1|nazira
котьлъ|Nb|66903|kotьlъ|masc_o|2|kotьl
житьница|Nb|66478|žitьnika|fem_a_PV3|2|žitьnik
корьць|Nb|68846|korьkь|masc_o_PV3|2|korьk
перетьрти|V-|123212|pertŕ̥ti|rti|1|pert
испити|V-|65678|jьspiti|17|1|jьsp
челядь|Nb|71265|čeĺǢdь|fem_i|2|čeljǢd
сажати|V-|68889|saђǢti|54|1|sadjǢ
съзирати|V-|69462|sъzirati|54|1|sъzira
възвѣсити|V-|69632|vъzvěsiti|40|1|vъzvěs
мѣхъ|Nb|67465|měxъ|masc_o|2|měx
одръ|Nb|64281|odrъ|masc_o|2|odr
укрыти|V-|68963|ukryti|18|1|ukr
брьвьно|Nb|66608|brьvьno|nt_o|2|brьvьn
переходити|V-|67804|perxoditi|40|1|perxod
лопата|Nb|68366|lopata|fem_a|2|lopat
дължьникъ|Nb|66353|dl̥žьnikъ|masc_o|2|dl̥žьnik
оброкъ|Nb|67759|obrokъ|masc_o|2|obrok
бързыи|A-|149737|br̥zъ|adj_hard|2|br̥z
изводити|V-|69562|jьzvoditi|40|1|jьzvod
оставляти|V-|60253|ostavĺǢti|54|1|ostavjǢ
потъщати|V-|68941|potъščǢti|31|1|potъšč
пришьльць|Nb|67806|prišьdlьkь|masc_o_PV3|2|prišьdlьk
възненавидѣти|V-|66283|vъznenaviděti|viděti|1|vъznenavid
ражати|V-|69510|raђǢti|54|1|radjǢ
прѣльщати|V-|79466|perlьšћǢti|54|1|perlьstjǢ
содомлянинъ|Nb|68582|sodomĺǢninъ|masc_anin|2|sodomjǢ
побѣдити|V-|68623|poběditi|40|1|poběd
тъщии|A-|59754|tъščь|adj_soft|2|tъšč
прѣгрѣшение|Nb|59336|pergrěšenьje|nt_jo|2|pergrěšenьj
оправьдати|V-|68854|opravьdati|54|1|opravьda
изгонити|V-|59103|jьzgoniti|40|1|jьzgon
ланита|Nb|66194|olnita|fem_a|2|olnit
възимати|V-|68954|vъzьmati|52_abl|1|vъzьm
срачица|Nb|66279|sorčika|fem_a_PV3|2|sorčik
вражьдовати|V-|136489|voržьdovati|61|1|voržьd
никъгдаже|Df|69138|nikъgъdaže||0|nikъgъdaže
укорити|V-|69080|ukoriti|40|1|ukor
утолити|V-|69671|utoliti|40|1|utol
полоньникъ|Nb|67815|pelnьnikъ|masc_o|2|pelnьnik
мѣрити|V-|66603|měriti|40|1|měr
възмѣрити|V-|66604|vъzměriti|40|1|vъzměr
якоже|G-|59001|akože||0|akože
навыкнути|V-|64751|navyknǫti|21|1|navyk
источьникъ|Nb|60344|jьstočьnikъ|masc_o|2|jьstočьnik
прѣбыти|V-|67496|perbyti|pref_byti|1|per
въразумити|V-|150782|vъorzumiti|40|1|vъorzum
округъ|R-|80924|okrǫgъ||0|okrǫgъ
ни|I-|69853|ni||0|ni
купьць|Nb|69302|kupьkь|masc_o_PV3|2|kupьk
прѣлюбы|Nb|58796|perĺuby|fem_uu|2|perljub
издьрати|V-|139503|jьzdьrati|51_abl|1|jьzdьr
обѣдовати|V-|68641|obědovati|61|1|oběd
иже|Pd|65290|jьže|jьže|2|
право|Df|68979|pravo||0|pravo
увѣдѣти|V-|65287|uvěděti|wote|1|u
крамола|Nb|69083|kormola|fem_a|2|kormol
ловити|V-|67895|loviti|40|1|lov
отътъргнути|V-|79166|otъtr̥gnǫti|21|1|otъtr̥g
оубивати|V-|68666|ubivati|54|1|ubiva
симоновъ|A-|60141|simonovъ|adj_hard|2|simonov
зеленыи|A-|66633|zelenъ|adj_hard|2|zelen
иона|Ne|67249|ijona|masc_a|2|ijon
слухъ|Nb|60140|sluxъ|masc_o|2|slux
желѣти|V-|68780|želěti|32|1|žel
пьрвыи|A-|60284|pŕ̥vъ|adj_hard|2|pŕ̥v
къгда|Df|67090|kъgъda||0|kъgъda
палица|Nb|79173|palika|fem_a_PV3|2|palik
трусъ|Nb|64246|trǫsъ|masc_o|2|trǫs
знание|Nb|67731|znanьje|nt_jo|2|znanьj
дѣти|Nb|65620|dětь|fem_i|2|dět
настояти|V-|66785|nastojǢti|31|1|nastoj
утягнути|V-|150471|utęgnǫti|21|1|utęg
отътудѣ|Df|66939|otъtǫdě||0|otъtǫdě
купьно|Df|67033|kupьno||0|kupьno
невѣста|Nb|68455|nevěsta|fem_a|2|nevěst
отъкуду|Du|73830|otъkǫdu||0|otъkǫdu
ноевъ|A-|68282|nojevъ|adj_hard|2|nojev
дългота|Nb|122566|dĺ̥gota|fem_a|2|dĺ̥got
прѣсѣдѣти|V-|150761|persěděti|31|1|persěd
присѣдѣти|V-|64449|prisěděti|31|1|prisěd
зьдати|V-|59758|zьdati|52_abl|1|zьd
съмѣсити|V-|68710|sъměsiti|40|1|sъměs
слути|V-|81007|sluti|uti|1|sl
приключаи|Nb|68590|prikĺučǢjь|masc_jo|2|priključǢj
послѣже|Df|79516|poslěђe||0|poslědje
съвлѣщи|V-|65757|sъvelћi|15|1|sъvelk
уснияныи|A-|58880|usnьjǢnъ|adj_hard|2|usnьjǢn
съвѣдѣти|V-|66200|sъvěděti|wote|1|sъ
сѣверъ|Nb|68738|sěverъ|masc_o|2|sěver
кротъкыи|A-|67174|krotъkъ|adj_hard|2|krotъk
свекры|Nb|68456|svekry|fem_uu|2|svekr
отьчьствие|Nb|66265|otьčьstvьje|nt_jo|2|otьčьstvьj
етеръ|Px|66157|jeterъ|adj_hard|2|jeter
любо|G-|74363|ĺubo||0|ljubo
фараонъ|Nb|83953|faraonъ|masc_o|2|faraon
старѣишина|Nb|66502|starějьšina|masc_a|2|starějьšin
область|Nb|59341|obvolstь|fem_i|2|obvolst
отъселѣ|Df|67651|otъselě||0|otъselě
соломонь|A-|68632|solomońь|adj_soft|2|solomonj
поискати|V-|69363|pojьskati|iskati|1|pojьsk
раздаяти|V-|68621|orzdajǢti|53|1|orzdaj
вратити|V-|66649|vortiti|40|1|vort
оступити|V-|69053|ostǫpiti|40|1|ostǫp
омочити|V-|65077|omočiti|40|1|omoč
тишина|Nb|66797|tišina|fem_a|2|tišin
съмясти|V-|67604|sъmęsti|11|1|sъmęt
приврѣщи|V-|67097|priverћi|14|1|privŕ̥g
папежь|Nb|149726|papežь|masc_jo|2|papež
ръпътати|V-|67051|rъpъtati|52|1|rъpъt
ꙗкоже|Dq|59040|akože||0|akože
доньде|G-|58782|dońьdeže||0|donjьdeže
оконьчати|V-|149740|okonьčǢti|54|1|okonьčǢ
въметати|V-|750007|vъmetati|51|1|vъmet
мълнии|Nb|68271|mĺ̥dnьji|fem_ji|2|mĺ̥dnьj
наяти|V-|67035|najęti|12|1|najьm
мьсть|Nb|68901|mьstь|fem_i|2|mьst
запрѣтити|V-|60135|zapertiti|40|1|zapert
мѣсячьныи|A-|77171|měsęčьnъ|adj_hard|2|měsęčьn
ключити|V-|65141|kĺučiti|40|1|ključ
възворотити|V-|64406|vъzvortiti|40|1|vъzvort
дѣтищь|Nb|67226|dětiščь|masc_jo|2|dětišč
плѣньникъ|Nb|67815|pelnьnikъ|masc_o|2|pelnьnik
въврѣщи|V-|58778|vъverћi|14|1|vъvŕ̥g
проказа|Nb|64171|prokaza|fem_a|2|prokaz
заколоти|V-|68820|zakolti|16|1|zakol
примышляти|V-|79467|primyšĺǢti|54|1|primysljǢ
възъвати|V-|59054|vъzъvati|51_abl|1|vъzъv
утро|Df|59274|utro||0|utro
ископати|V-|59487|jьskopati|54|1|jьskopa
приникнути|V-|69153|priniknǫti|21|1|prinik
упити|V-|69197|upiti|17|1|up
голубь|Nb|58924|golǫbь|masc_i|2|golǫb
воробии|Nb|150766|vorbьjь|masc_jo|2|vorbьj
гнѣздо|Nb|68550|gnězdo|nt_o|2|gnězd
възгарати|V-|150760|vъzgarati|54|1|vъzgara
гасити|V-|76357|gasiti|40|1|gas
възгорѣти|V-|68701|vъzgorěti|31|1|vъzgor
доселѣ|Df|67299|doselě||0|doselě
напаяти|V-|66146|napajǢti|54|1|napajǢ
ковьчегъ|Nb|68286|kovьčegъ|masc_o|2|kovьčeg
лотъ|Ne|68890|lotъ|masc_o|2|lot
мудрость|Nb|67609|mǫdrostь|fem_i|2|mǫdrost
тяжько|Df|69121|tęžьko||0|tęžьko
отъмѣтати|V-|68584|otъmětati|54|1|otъměta
подражати|V-|68853|podražǢti|54|1|podražǢ
поганьскыи|A-|85933|poganьskъ|adj_hard|2|poganьsk
постилати|V-|58959|postilati|54|1|postila
рало|Nb|68555|ordlo|nt_o|2|ordl
приближити|V-|58903|približiti|40|1|približ
съврѣщи|V-|83965|sъverћi|14|1|sъvŕ̥g
въструбити|V-|66328|vъstrǫbiti|40|1|vъstrǫb
малы|Df|71277|maly||0|maly
аще|Df|58847|aћe||0|atje
середа|Nb|140441|serda|fem_a|2|serd
свѣтити|V-|78609|světiti|40|1|svět
омыти|V-|134800|omyti|18|1|om
купѣль|Nb|69255|kǫpělь|fem_i|2|kǫpěl
начатъкъ|Nb|69199|načętъkъ|masc_o|2|načętъk
десница|Nb|66339|desnika|fem_a_PV3|2|desnik
защитити|V-|150485|zaščititi|40|1|zaščit
льстити|V-|69359|lьstiti|40|1|lьst
разбивати|V-|65189|orzbivati|54|1|orzbiva
глядати|V-|68698|ględati|54|1|ględa
съхоронити|V-|65633|sъxorniti|40|1|sъxorn
ꙗко|G-|58792|ako||0|ako
переяти|V-|66195|per+jęti|12|1|per+jьm
вьчера|Df|69251|vьčera||0|vьčera
вънести|V-|67900|vъnesti|11|1|vъnes
льстивыи|A-|83267|lьstivъ|adj_hard|2|lьstiv
гории|A-|67405|goŕь|adj_soft_comp|2|gorj
осѣсти|V-|68967|osěsti|infix_11|1|osěd
вѣ|Pp|65657|azъ|azъ|2|
перебороти|V-|137906|perborti|16|1|perbor
пожьдати|V-|65162|požьdati|51_abl|1|požьd
тереба|Nb|68761|terba|fem_a|2|terb
осквьрнити|V-|64200|oskvŕ̥niti|40|1|oskvŕ̥n
похоть|Nb|58802|poxotь|fem_i|2|poxot
любодѣица|Nb|67357|ĺubodějьka|fem_a_PV3|2|ljubodějьk
зълчь|Nb|69650|zĺ̥čь|fem_i|2|zĺ̥č
куповати|V-|59105|kupovati|61|1|kup
одѣние|Nb|68530|oděnьje|nt_jo|2|oděnьj
опона|Nb|65895|opona|fem_a|2|opon
съмысльно|Df|64020|sъmyslьno||0|sъmyslьno
наустити|V-|69644|naustiti|40|1|naust
дерево|Nb|58958|dervo|nt_S|2|derv
гласити|V-|65351|golsiti|40|1|gols
попирати|V-|68663|popirati|54|1|popira
попьрати|V-|66648|popьrati|51_abl|1|popьr
съглядати|V-|59080|sъględati|54|1|sъględa
обрѣзати|V-|69993|obrězati|54|1|obrěza
обрѣзание|Nb|69362|obrězanьje|nt_jo|2|obrězanьj
свиныи|A-|59250|svinъ|adj_hard|2|svin
веселие|Nb|67606|veselьje|nt_jo|2|veselьj
росточити|V-|67656|orstočiti|40|1|orstoč
содомъ|Ne|70456|sodomъ|masc_o|2|sodom
потопити|V-|67398|potopiti|40|1|potop
въливати|V-|66790|vъlivati|54|1|vъliva
брада|Nb|143039|borda|fem_a|2|bord
завѣтъ|Nb|65118|zavětъ|masc_o|2|zavět
твьрдь|Nb|138548|tvŕ̥dь|fem_i|2|tvŕ̥d
прѣобразити|V-|65094|per+obraziti|40|1|per+obraz
листвие|Nb|59086|listvьje|nt_jo|2|listvьj
пастухъ|Nb|119822|pastuxъ|masc_o|2|pastux
пьрвѣньць|Nb|67689|pŕ̥věnьkь|masc_o_PV3|2|pŕ̥věnьk
пътеньць|Nb|67704|pъtenьkь|masc_o_PV3|2|pъtenьk
прѣльщение|Nb|69457|perlьšћenьje|nt_jo|2|perlьstjenьj
аронь|A-|70636|arońь|adj_soft|2|aronj
неплоды|Nb|67595|neplody|fem_uu|2|neplod
раба|Nb|67636|orba|fem_a|2|orb
июда|Ne|65983|ijuda|masc_a|2|ijud
иосифъ|Ne|65906|ijosifъ|masc_o_u|2|ijosif
ияковъ|Ne|59057|ijǢkovъ|masc_o|2|ijǢkov
съмѣшение|Nb|69596|sъměšenьje|nt_jo|2|sъměšenьj
купина|Nb|60147|kǫpina|fem_a|2|kǫpin
градъ#2|Nb|150574|gradъ|masc_o|2|grad
прѣдъити|V-|67610|perdъjьti|jьti|1|perdъ
пророчьствовати|V-|66855|proročьstvovati|61|1|proročьstv
самария|Ne|68878|samarijǢ|fem_ja|2|samarij
пришьствие|Nb|68274|prišьstvьje|nt_jo|2|prišьstvьj
приближати|V-|66856|približǢti|54|1|približǢ
мимоити|V-|69477|mimojьti|jьti|1|mimo
възвѣщение|Nb|122768|vъzvěšћenьje|nt_jo|2|vъzvěstjenьj
вѣстьникъ|Nb|68008|věstьnikъ|masc_o|2|věstьnik
июдовъ|A-|67638|ijudovъ|adj_hard|2|ijudov
въскую|Du|65887|vъskǫjǫ||0|vъskǫjǫ
шатати|V-|150727|šętati|54|1|šęta
иродъ|Ne|66324|irodъ|masc_o_u|2|irod
иродовъ|A-|64588|irodovъ|adj_hard|2|irodov
въскрѣшати|V-|69330|vъskrěšǢti|54|1|vъskrěšǢ
прокаженыи|A-|64134|prokaženъ|adj_hard|2|prokažen
хромыи|A-|66919|xromъ|adj_hard|2|xrom
прозьрѣние|Nb|67816|prozьrěnьje|nt_jo|2|prozьrěnьj
иоанъ|Ne|58874|ijoanъ|masc_o|2|ijoan
благоизволити|V-|67329|bolgojьzvoliti|40|1|bolgojьzvol
игемонъ|Nb|69631|iǵemonъ|masc_o|2|iǵemon
раздьрати|V-|65897|orzdьrati|51_abl|1|orzdьr
запечатьлѣти|V-|69855|zapečǢtьlěti|32|1|zapečǢtьl
елеоньскыи|A-|58900|jeleonьskъ|adj_hard|2|jeleonьsk
обѣтование|Nb|69178|obvětovanьje|nt_jo|2|obvětovanьj
вьрху|R-|67227|vŕ̥xu||0|vŕ̥xu
гумьно|Nb|68368|gumьno|nt_o|2|gumьn
шуии|A-|65679|šujь|adj_soft|2|šuj
въжещи|V-|68188|vъžeћi|11|1|vъžeg
ликъ|Nb|68822|likъ|masc_o|2|lik
объстояти|V-|69001|obъstojǢti|31|1|obъstoj
подъкопати|V-|68700|podъkopati|54|1|podъkopa
прѣяти|V-|66195|per+jęti|12|1|per+jьm
ужика|Nb|67633|ǫžika|fem_a|2|ǫžik
прозьрѣти|V-|64757|prozьrěti|31|1|prozьr
рожение|Nb|66299|roђenьje|nt_jo|2|rodjenьj
измѣнение|Nb|78989|jьzměńenьje|nt_jo|2|jьzměnjenьj
възалъкати|V-|59081|vъzolkati|52|1|vъzolk
трудити|V-|67892|truditi|40|1|trud
естьствьныи|A-|122852|jestьstvьnъ|adj_hard|2|jestьstvьn
истьлѣние|Nb|122729|jьstьlěnьje|nt_jo|2|jьstьlěnьj
евангелистъ|Nb|84633|jevanǵelistъ|masc_o|2|jevanǵelist
искони|Df|67534|jьskoni||0|jьskoni
иерусалимьскыи|A-|69092|ijerusalimьskъ|adj_hard|2|ijerusalimьsk
оженити|V-|65618|oženiti|40|1|ožen
климентъ|Ne|149616|klimentъ|masc_o|2|kliment
невѣдѣти|V-|130601|nevěděti|wote|1|ne
испроврѣщи|V-|59104|jьsproverћi|14|1|jьsprovŕ̥g
влѣщи|V-|69611|velћi|15|1|velk
тети|V-|69559|teti|11|1|tep
привлѣщи|V-|68708|privelћi|15|1|privelk
изврѣщи|V-|59560|jьzverћi|14|1|jьzvŕ̥g
дьржава|Nb|67659|dŕ̥žǢva|fem_a|2|dŕ̥žǢv
въздание|Nb|150238|vъzdanьje|nt_jo|2|vъzdanьj
благовѣстити|V-|67611|bolgověstiti|40|1|bolgověst
ловитва|Nb|67891|lovitva|fem_a|2|lovitv
шумъ|Nb|67872|šumъ|masc_o|2|šum
бороти|V-|137785|borti|16|1|bor
посѣтити|V-|68006|posětiti|40|1|posět
посудити|V-|69089|posǫditi|40|1|posǫd
десятина|Nb|68645|desętina|fem_a|2|desętin
съкрывати|V-|66373|sъkryvati|54|1|sъkryva
съкровище|Nb|66374|sъkrovišče|nt_jo|2|sъkrovišč
тьлити|V-|66377|tьliti|40|1|tьl
помочи|V-|65205|pomoћi|11|1|pomog
помочь|Nb|79522|pomoћь|fem_i|2|pomogt
живити|V-|68895|živiti|40|1|živ
умьртвити|V-|69000|umŕ̥tviti|40|1|umŕ̥tv
передаяти|V-|64393|perdajǢti|53|1|perdaj
аче|Df|58847|aћe||0|atje
налияти|V-|122747|nalьjǢti|53_abl|1|nalьj
горожанинъ|Nb|68947|gorђǢninъ|masc_anin|2|gorђǢ
прѣстояти|V-|67613|perstojǢti|31|1|perstoj
почрѣти|V-|69195|počerti|14|1|počŕ̥p
лияти|V-|67469|lьjǢti|53_abl|1|lьj
потаити|V-|66811|potajiti|40|1|potaj
уже|Nb|59200|ǫže|nt_jo|2|ǫž
прѣставление|Nb|137894|perstavĺenьje|nt_jo|2|perstavjenьj
псалъмъ|Nb|69176|pъsalъmъ|masc_o|2|pъsalъm
убиение|Nb|68670|ubьjenьje|nt_jo|2|ubьjenьj
оправьдити|V-|67219|opravьditi|40|1|opravьd
пробости|V-|69591|probosti|11|1|probod
усѣкнути|V-|66335|usěknǫti|21|1|usěk
извлѣщи|V-|66151|jьzvelћi|15|1|jьzvelk
въдваряти|V-|69021|vъdvaŕǢti|54|1|vъdvarjǢ
лоно|Nb|68392|lono|nt_o|2|lon
стыдѣти|V-|68726|styděti|31|1|styd
потъкнути|V-|69398|potъknǫti|21|1|potъk
агня|Nb|138096|agnę|nt_NT|2|agn
утѣха|Nb|67710|utěxa|fem_a|2|utěx
свѣтило|Nb|69548|světidlo|nt_o|2|světidl
съвьршение|Nb|67646|sъvŕ̥šenьje|nt_jo|2|sъvŕ̥šenьj
просвѣщати|V-|68640|prosvěћǢti|54|1|prosvětjǢ
наслѣдовати|V-|69613|naslědovati|61|1|naslěd
правьдивыи|A-|79672|pravьdivъ|adj_hard|2|pravьdiv
избытъкъ|Nb|64117|jьzbytъkъ|masc_o|2|jьzbytъk
стенание|Nb|79678|stenanьje|nt_jo|2|stenanьj
слѣдъ|Nb|58889|slědъ|masc_o|2|slěd
мьщение|Nb|69002|mьšћenьje|nt_jo|2|mьstjenьj
прѣлюбодѣяние|Nb|64207|perĺubodějǢnьje|nt_jo|2|perljubodějǢnьj
потъ|Nb|69057|potъ|masc_o|2|pot
истъкати|V-|69581|jьstъkati|51|1|jьstъk
отъстояти|V-|64181|otъstojǢti|31|1|otъstoj
благовѣщение|Nb|122785|bolgověšћenьje|nt_jo|2|bolgověstjenьj
плодити|V-|66764|ploditi|40|1|plod
раширяти|V-|69874|orsšiŕǢti|54|1|orsširjǢ
чьрноризьць|Nb|73246|čŕ̥norizьkь|masc_o_PV3|2|čŕ̥norizьk
излиха|Df|64441|jьzlixa||0|jьzlixa
съписати|V-|135274|sъpisati|54|1|sъpisa
симонъ|Ne|64050|simonъ|masc_o|2|simon
пророчьскыи|A-|68077|proročьskъ|adj_hard|2|proročьsk
въсприимати|V-|66344|vъsprijьmati|52_abl|1|vъsprijьm
сѣтовати|V-|138023|sětovati|61|1|sět
печера|Nb|81623|peћera|fem_a|2|pekter
пещера|Nb|81623|peћera|fem_a|2|pekter
рака|Nb|68079|orka|fem_a|2|ork
неводъ|Nb|69304|nevodъ|masc_o|2|nevod
сънѣдати|V-|67800|sъnědati|54|1|sъněda
двизати|V-|67998|dvigati|52|1|dvig
възлияти|V-|64901|vъzlьjǢti|53_abl|1|vъzlьj
попьрище|Nb|66280|popьrišče|nt_jo|2|popьrišč
растворение|Nb|150579|orstvoŕenьje|nt_jo|2|orstvorjenьj
одъждити|V-|68891|odъžђiti|40|1|odъzdj
знои|Nb|73325|znojь|masc_jo|2|znoj
насытити|V-|64417|nasytiti|40|1|nasyt
съблазнити|V-|65127|sъblazniti|40|1|sъblazn
съвѣдѣтель|Nb|66190|sъvěděteĺь|masc_tel|2|sъvědě
наимьникъ|Nb|69390|najьmьnikъ|masc_o|2|najьmьnik
отяжати|V-|69016|otęžǢti|54|1|otęžǢ
точило|Nb|59486|točidlo|nt_o|2|točidl
позоръ|Nb|69137|pozorъ|masc_o|2|pozor
камо|Df|69368|kamo||0|kamo
приключити|V-|66505|prikĺučiti|40|1|priključ
оборотити|V-|66034|obvortiti|40|1|obvort
врѣщи|V-|66233|verћi|14|1|vŕ̥g
крилатыи|A-|79001|kridlatъ|adj_hard|2|kridlat
переити|V-|59053|per+jьti|jьti|1|per+
проповѣдѣти|V-|65972|propověděti|wote|1|propo
пронести|V-|67971|pronesti|11|1|prones
свѣтьло|Df|64759|světьlo||0|světьlo
братръ|Nb|59059|bratrъ|masc_o|2|bratr
основати|V-|67992|osnovati|61|1|osn
вечеръ|Df|64844|večerъ||0|večerъ
еда|G-|66802|jeda||0|jeda
пасха|Nb|65065|pasxa|fem_a|2|pasx
одьрати|V-|86020|odьrati|51_abl|1|odьr
самовидьць|Nb|67590|samovidьkь|masc_o_PV3|2|samovidьk
пересѣдѣти|V-|150761|persěděti|31|1|persěd
уловити|V-|68662|uloviti|40|1|ulov
отътуду|Df|66569|otъtǫdu||0|otъtǫdu
дьржавьныи|A-|150781|dŕ̥žǢvьnъ|adj_hard|2|dŕ̥žǢvьn
зьдание|Nb|64120|zьdanьje|nt_jo|2|zьdanьj
прокопати|V-|64279|prokopati|54|1|prokopa
прѣнести|V-|125638|pernesti|11|1|pernes
заря|Nb|122874|zaŕǢ|fem_ja|2|zarj
власъ|Nb|58876|volsъ|masc_o|2|vols
тьмиянъ|Nb|67601|tьmьjǢnъ|masc_o|2|tьmьjǢn
послѣдовати|V-|68001|poslědovati|61|1|poslěd
подобити|V-|66207|podobiti|40|1|podob
послѣдьствовати|V-|65961|poslědьstvovati|61|1|poslědьstv
унии|A-|66249|uńь|adj_soft_comp|2|unj
послѣже|R-|73303|poslěђe||0|poslědje
негодовати|V-|64902|negodovati|61|1|negod
утапати|V-|60266|utapati|54|1|utapa
пожалити|V-|80872|požǢliti|40|1|požǢl
умъножение|Nb|68102|umъnoženьje|nt_jo|2|umъnoženьj
опустѣти|V-|122827|opustěti|32|1|opust
чудити|V-|60008|čuditi|40|1|čud
тьрние|Nb|66258|tŕ̥nьje|nt_jo|2|tŕ̥nьj
суботьныи|A-|67811|sǫbotьnъ|adj_hard|2|sǫbotьn
обути|V-|66307|obuti|čuti|1|obu
ворогъ|Nb|64025|vorgъ|masc_o|2|vorg
тьсть|Nb|69555|tьstь|masc_i|2|tьst
очутити|V-|64224|oћutiti|40|1|otjut
съвѣдѣтельствовати|V-|65629|sъvěděteĺьstvovati|61|1|sъvěděteĺьstv
лотовъ|A-|68888|lotovъ|adj_hard|2|lotov
тудѣ|Df|750000|tǫdě||0|tǫdě
помавати|V-|67617|pomavati|54|1|pomava
перенести|V-|125638|pernesti|11|1|pernes
переступити|V-|68827|perstǫpiti|40|1|perstǫp
разгънути|V-|67813|orzgъnǫti|22|1|orzgъn
съмущати|V-|69464|sъmǫћǢti|54|1|sъmǫtjǢ
передьнии|A-|67070|perdьńь|adj_soft|2|perdьnj
насладити|V-|83423|nasolditi|40|1|nasold
заклати|V-|68820|zakolti|16|1|zakol
състарѣти|V-|122380|sъstarěti|32|1|sъstar
въдворити|V-|67234|vъdvoriti|40|1|vъdvor
срамляти|V-|68897|sormĺǢti|54|1|sormjǢ
долу|Df|76750|dolu||0|dolu
буесть|Nb|78633|bujestь|fem_i|2|bujest
мочи|V-|59413|moћi|11|1|mog
ночьныи|A-|66821|noћьnъ|adj_hard|2|noktьn
избывати|V-|69859|jьzbyvati|54|1|jьzbyva
устояти|V-|65683|ustojǢti|31|1|ustoj
хоронити|V-|66343|xorniti|40|1|xorn
съпание|Nb|150588|sъpanьje|nt_jo|2|sъpanьj
мимоходити|V-|68937|mimoxoditi|40|1|mimoxod
лечи|V-|149648|leћi|infix_11|1|leg
ожещи|V-|196896|ožeћi|11|1|ožeg
череда|Nb|67602|čerda|fem_a|2|čerd
вередити|V-|65962|verditi|40|1|verd
зазьрѣти|V-|66907|zazьrěti|31|1|zazьr
врѣдити|V-|65962|verditi|40|1|verd
съмѣрити|V-|67397|sъměriti|40|1|sъměr
обуяти|V-|68759|obujǢti|54|1|obujǢ
грясти|V-|58887|gręsti|11|1|gręd
прѣкланяти|V-|68465|perklańǢti|54|1|perklanjǢ
погружати|V-|68374|pogrǫžǢti|54|1|pogrǫžǢ
роздаяти|V-|68621|orzdajǢti|53|1|orzdaj
еда|Du|64860|jeda||0|jeda
поущати|V-|58853|pušћǢti|54|1|pustjǢ
прѣклонити|V-|69587|perkloniti|40|1|perklon
даже|G-|65137|daže||0|daže
выти|V-|150906|vyti|18|1|v
мъножицею|Df|65204|mъnožikejǫ||0|mъnožikejǫ
явление|Nb|67679|avĺenьje|nt_jo|2|avjenьj
вожь|Nb|66862|voђь|masc_jo|2|vodj
недужьныи|A-|60256|nedǫžьnъ|adj_hard|2|nedǫžьn
прозирати|V-|67222|prozirati|54|1|prozira
ловьць|Nb|67326|lovьkь|masc_o_PV3|2|lovьk
жеребии|Nb|69099|žerbьjь|masc_jo|2|žerbьj
пустошь|Nb|150586|pustošь|fem_i|2|pustoš
розбоиникъ|Nb|59131|orzbojьnikъ|masc_o|2|orzbojьnik
веремя|Nb|59030|vermę|nt_N|2|verm
пожечи|V-|81186|požeћi|11|1|požeg
обложити|V-|65417|obložiti|40|1|oblož
вьсюду|Df|68297|vьxǫdu||0|vьxǫdu
възмясти|V-|66836|vъzmęsti|11|1|vъzmęt
тьща|Nb|69491|tьščǢ|fem_ja|2|tьšč
послѣдь|Df|59544|poslědь||0|poslědь
дъждевыи|A-|122898|dъžђevъ|adj_hard|2|dъzdjev
вьсюдѣ|Df|69851|vьxǫdě||0|vьxǫdě
растьрзати|V-|68255|orstŕ̥gati|54|1|orstŕ̥ga
переже|R-|65945|perђe||0|perdje
жатва|Nb|64753|žętva|fem_a|2|žętv
учути|V-|140049|učuti|čuti|1|uču
избѣжати|V-|78648|jьzběžǢti|31|1|jьzběž
извъну|Df|64199|jьzvъnu||0|jьzvъnu
вячии|A-|65684|vęћь|adj_soft_comp|2|vętj
тъгдаже|Df|69246|tъgъdaђe||0|tъgъdadje
издѣяти|V-|151658|jьzdějǢti|53|1|jьzděj
слъньце|Nb|60228|sl̥nьke|nt_o_PV3|2|sl̥nьk
оболость|Nb|59341|obvolstь|fem_i|2|obvolst
сьребрьникъ|Nb|65060|sьrebrьnikъ|masc_o|2|sьrebrьnik
роздѣлити|V-|66196|orzděliti|40|1|orzděl
стража|Nb|67692|storžǢ|fem_ja|2|storž
мѣнити|V-|78944|měniti|40|1|měn
кровъ|Nb|64411|krovъ|masc_o|2|krov
городьць|Nb|66302|gordьkь|masc_o_PV3|2|gordьk
немочьныи|A-|66109|nemoћьnъ|adj_hard|2|nemogtьn
свитати|V-|69140|svitati|54|1|svita
переже|Df|64254|perђe||0|perdje
промъкнути|V-|69672|promъknǫti|21|1|promъk
роздьрати|V-|65897|orzdьrati|51_abl|1|orzdьr
просльзити|V-|69407|proslьziti|40|1|proslьz
младьньць|Nb|67501|moldьnьkь|masc_o_PV3|2|moldьnьk
овъ|Pd|59541|ovъ|pron_hard|2|ov
поити|V-|138242|pojiti|40|1|poj
зачатие|Nb|122788|začętьje|nt_jo|2|začętьj
иереискыи|A-|67597|ijerejьskъ|adj_hard|2|ijerejьsk
роспутие|Nb|58934|orspǫtьje|nt_jo|2|orspǫtьj
порокъ|Nb|70638|porokъ|masc_o|2|vice, blemish, faul
мученица|Nb|150482|mǫčenika|fem_a_PV3|2|mǫčenik
възврѣщи|V-|68961|vъzverћi|14|1|vъzvŕ̥g
измѣна|Nb|65087|jьzměna|fem_a|2|jьzměn
погребение|Nb|64970|pogrebenьje|nt_jo|2|pogrebenьj
извѣстьныи|A-|68969|jьzvěstьnъ|adj_hard|2|jьzvěstьn
пѣнязь|Nb|60003|pěnęgь|masc_o_PV3|2|pěnęg
боронити|V-|65357|borniti|40|1|born
уръвати|V-|140041|urъvati|51|1|urъv
воротьникъ|Nb|64814|vortьnikъ|masc_o|2|vortьnik
вънъ|R-|80920|vъnъ||0|vъnъ
възборонити|V-|67976|vъzborniti|40|1|vъzborn
прѣждереченыи|A-|122376|perђerečenъ|adj_hard|2|perdjerečen
переступати|V-|64179|perstǫpati|54|1|perstǫpa
хламида|Nb|69647|xlamüda|fem_a|2|xlamüd
събывати|V-|69116|sъbyvati|54|1|sъbyva
скоръпии|Nb|68586|skorъpijь|masc_jo|2|skorъpij
тръсть|Nb|65756|trъstь|fem_i|2|trъst
дъщица|Nb|67676|dъščika|fem_a_PV3|2|dъščik
искрь|R-|69232|jьskrь||0|jьskrь
сотонинъ|A-|78939|sotoninъ|adj_hard|2|sotonin
каияфа|Ne|67738|kajijǢfa|masc_a|2|kajijǢf
съвѣдѣтельство|Nb|64250|sъvěděteĺьstvo|nt_o|2|sъvěděteljьstv
благословление|Nb|137285|bolgoslovĺenьje|nt_jo|2|bolgoslovjenьj
отъплатити|V-|150503|otъplatiti|40|1|otъplat
боле|Df|68993|boĺe||0|bolje
вьрвь|Nb|69205|vŕ̥vь|fem_i|2|vŕ̥v
усъхнути|V-|59275|usъxnǫti|21|1|usъx
заповѣдѣти|V-|58948|zapověděti|wote|1|zapo
жеребя|Nb|67161|žerbę|nt_NT|2|žerb
въняти|V-|81174|vъnęti|12|1|vъnьm
подъстьлати|V-|80758|podъstьlati|52_abl|1|podъstьl
възмущение|Nb|69013|vъzmǫћenьje|nt_jo|2|vъzmǫtjenьj
львовъ|A-|81177|lьvovъ|adj_hard|2|lьvov
жадати|V-|750018|žędati|54|1|žęda
въспитание|Nb|122826|vъspitanьje|nt_jo|2|vъspitanьj
приобрѣсти|V-|65084|priobrěsti|rěsti|1|priob
неудобь|Df|67906|neudobь||0|neudobь
удобь|Df|120162|udobь||0|udobь
жалость|Nb|69210|žǢlostь|fem_i|2|žǢlost
непъщевати|V-|66833|nepъћevati|62|1|nepъtj
талантъ|Nb|67449|talanъtъ|masc_o|2|talanъt
усумьнѣти|V-|59325|usǫmьněti|31|1|usǫmьn
прикоснути|V-|60337|prikosnǫti|22|1|prikosn
милосьрдыи|A-|67291|milosŕ̥dъ|adj_hard|2|milosŕ̥d
неключимыи|A-|68431|nekĺučimъ|adj_hard|2|neključim
слышание|Nb|69846|slyšǢnьje|nt_jo|2|slyšǢnьj
даяние|Nb|66670|dajǢnьje|nt_jo|2|dajǢnьj
супругъ|Nb|68753|sǫprǫgъ|masc_o|2|sǫprǫg
въторицею|Df|65133|vъtorikejǫ||0|vъtorikejǫ
недомыслити|V-|69152|nedomysliti|40|1|nedomysl
възгласити|V-|65135|vъzgolsiti|40|1|vъzgols
повити|V-|67690|poviti|17|1|pov
пророчица|Nb|68360|proročika|fem_a_PV3|2|proročik
кратъ|Nb|59219|kortъ|masc_o|2|kort
благовѣстовати|V-|67221|bolgověstovati|61|1|bolgověst
доилица|Nb|150799|dojilika|fem_a_PV3|2|dojilik
рачити|V-|73281|račiti|40|1|rač
отъдоити|V-|150800|otъdojiti|40|1|otъdoj
възливати|V-|68593|vъzlivati|54|1|vъzliva
тожде|Df|67359|toђe||0|todje
дунути|V-|69606|dunǫti|22|1|dun
отрочищь|Nb|68025|otročiščь|masc_jo|2|otročišč
истовыи|A-|69248|jьstovъ|adj_hard|2|jьstov
отъкръвение|Nb|750008|otъkrъvenьje|nt_jo|2|otъkrъvenьj
ложесно|Nb|67707|ložesno|nt_o|2|ložesn
възиграти|V-|67640|vъzigrati|54|1|vъzigra
крьститель|Nb|67254|krьstiteĺь|masc_tel|2|krьsti
доити#2|V-|750004|dojьti|jьti|1|do
вѣтвие|Nb|64754|větvьje|nt_jo|2|větvьj
разврѣсти|V-|64438|orzversti|14|1|orzvŕ̥z
сърѣтение|Nb|68347|sъrětenьje|nt_jo|2|sъrětenьj
сумьнѣние|Nb|68883|sǫmьněnьje|nt_jo|2|sǫmьněnьj
труждати|V-|64967|truђǢti|54|1|trudjǢ
обѣсити|V-|67402|obvěsiti|40|1|obvěs
юноша|Nb|65938|junošǢ|masc_ja|2|junoš
удалити|V-|117882|udaliti|40|1|udal
хызина|Nb|73295|xyzina|fem_a|2|xyzin
изглаголати|V-|79085|jьzgolgolati|52|1|jьzgolgol
приносъ|Nb|135178|prinosъ|masc_o|2|prinos
аможе|Dq|66899|amože||0|amože
колижьдо|Df|64974|koližьdo||0|koližьdo
отъпущати|V-|59334|otъpušћǢti|54|1|otъpustjǢ
начальныи|A-|73302|načęlьnъ|adj_hard|2|načęlьn
страхование|Nb|68997|straxovanьje|nt_jo|2|straxovanьj
сверѣпыи|A-|73319|sverěpъ|adj_hard|2|sverěp
растъргнути|V-|66650|orstr̥gnǫti|21|1|orstr̥g
прѣмълчати|V-|67870|permĺ̥čǢti|31|1|permĺ̥č
таяти|V-|67622|tajǢti|53|1|taj
егда|G-|150729|jegъda||0|jegъda
озирати|V-|65808|ozirati|54|1|ozira
укрухъ|Nb|64576|ukruxъ|masc_o|2|ukrux
прѣдъложити|V-|64574|perdъložiti|40|1|perdъlož
алъкати|V-|67661|olkati|52|1|olk
раждещи|V-|80192|oržǯeћi|11|1|oržǯeg
приплодити|V-|66261|priploditi|40|1|priplod
обльгъчити|V-|83956|oblьgъčiti|40|1|oblьgъč
исходище|Nb|67522|jьsxodišče|nt_jo|2|jьsxodišč
иго|Nb|67548|jьgo|nt_o|2|jьg
осѣняти|V-|65107|osěńǢti|54|1|osěnjǢ
млѣти|V-|68287|melti|16|1|mel
водоносъ|Nb|69193|vodonosъ|adj_hard|2|vodonos
почьрпати|V-|69241|počŕ̥pati|54|1|počŕ̥pa
исконьчати|V-|68315|jьskonьčǢti|54|1|jьskonьčǢ
прѣтити|V-|64585|pertiti|40|1|pert
отътрясти|V-|66318|otъtręsti|11|1|otъtręs
осьлии|A-|69430|osьĺь|adj_soft|2|osьlj
кольми|Du|66516|kolьmi||0|kolьmi
вѣщати|V-|73312|věšћǢti|54|1|věstjǢ
приристати|V-|65187|priristati|52|1|pririst
възмагати|V-|68865|vъzmagati|54|1|vъzmaga
прѣтваряти|V-|78998|pertvaŕǢti|54|1|pertvarjǢ
прѣтьрзати|V-|69873|pertŕ̥gati|54|1|pertŕ̥ga
облачити|V-|66309|obvolčiti|40|1|obvolč
подълагати|V-|68190|podъlagati|54|1|podъlaga
прѣдъложение|Nb|68877|perdъloženьje|nt_jo|2|perdъloženьj
посѣщение|Nb|68966|posěћenьje|nt_jo|2|posětjenьj
стьза|Nb|67166|stьga|fem_a_PV3|2|stьg
исказити|V-|67538|jьskaziti|40|1|jьskaz
дрѣводѣля|Nb|122809|dervoděĺǢ|masc_ja|2|dervodělj
поздѣ|Df|59076|pozdě||0|pozdě
влага|Nb|68065|volga|fem_a|2|volg
вечеря|Nb|64034|večeŕǢ|fem_ja|2|večerj
постыдѣти|V-|65088|postyděti|31|1|postyd
благоволение|Nb|67697|bolgovoĺenьje|nt_jo|2|bolgovoljenьj
жати|V-|66482|žęti|16|1|žьn
маловѣрыи|A-|66519|malověrъ|adj_hard|2|malověr
врѣтище|Nb|67244|vertišče|nt_jo|2|vertišč
прѣломити|V-|64732|perlomiti|40|1|perlom
растворити|V-|139338|orstvoriti|40|1|orstvor
зане|Df|66768|zańe||0|zanje
утворити|V-|64758|utvoriti|40|1|utvor
отъверечи|V-|65080|otъverћi|14|1|otъvŕ̥g
мирьныи|A-|68356|mirьnъ|adj_hard|2|mirьn
отъворотити|V-|66281|otъvortiti|40|1|otъvort
прикрыти|V-|68538|prikryti|18|1|prikr
приломити|V-|138682|prilomiti|40|1|prilom
убудити|V-|68535|ubuditi|40|1|ubud
мьркнути|V-|68279|mŕ̥knǫti|21|1|mŕ̥k
туча|Nb|68704|tǫčǢ|fem_ja|2|tǫč
прикрывати|V-|66193|prikryvati|54|1|prikryva
ярыи|A-|68953|jǢrъ|adj_hard|2|jǢr
боронь|Nb|64239|bornь|fem_i|2|born
хоть|Nb|73244|xotь|fem_i|2|xot
разлучити|V-|67970|orzlǫčiti|40|1|orzlǫč
разлияти|V-|83937|orzlьjǢti|53_abl|1|orzlьj
расхытити|V-|66464|orsxytiti|40|1|orsxyt
голосъ|Nb|58926|golsъ|masc_o|2|gols
токъ|Nb|68265|tokъ|masc_o|2|tok
лозие|Nb|150572|lozьje|nt_jo|2|lozьj
благодатьныи|A-|67625|bolgodatьnъ|adj_hard|2|bolgodatьn
отягъчити|V-|68533|otęgъčiti|40|1|otęgъč
струпъ|Nb|68592|strupъ|masc_o|2|strup
убѣдити|V-|66717|uběditi|40|1|uběd
съвѣдѣние|Nb|64257|sъvěděnьje|nt_jo|2|sъvěděnьj
елиньскыи|A-|69104|jelinьskъ|adj_hard|2|jelinьsk
удобыи|A-|71744|udobъ|adj_hard|2|udob
овьча|Nb|68606|ovьčę|nt_NT|2|ovьč
къгда|Du|64234|kъgъda||0|kъgъda
крьщати|V-|68986|krьšћǢti|54|1|krьstjǢ
подругъ|Nb|78294|podrugъ|masc_o|2|podrug
раздрѣшити|V-|58893|orzrěšiti|40|1|orzrěš
страньнолюбие|Nb|122872|stornьnoĺubьje|nt_jo|2|stornьnoĺubьj
цѣнити|V-|69637|kěniti|40|1|kěn
обручити|V-|67624|obrǫčiti|40|1|obrǫč
засъвѣдѣтельствовати|V-|68868|zasъvěděteĺьstvovati|61|1|zasъvěděteljьstv
невѣрьствие|Nb|65279|nevěrьstvьje|nt_jo|2|nevěrьstvьj
въстъргати|V-|66245|vъstr̥gati|54|1|vъstr̥ga
извѣстовати|V-|67587|jьzvěstovati|61|1|jьzvěst
прѣподобие|Nb|68351|perpodobьje|nt_jo|2|perpodobьj
сълежати|V-|64275|sъležǢti|31|1|sъlež
завѣщати|V-|74826|zavěћǢti|54|1|zavětjǢ
еликоже|Dq|69468|jelikože||0|jelikože
въздрѣмати|V-|68345|vъzdrěmati|52|1|vъzdrěm
прѣполовление|Nb|69361|perpolovĺenьje|nt_jo|2|perpolovjenьj
сътворение|Nb|122523|sъtvoŕenьje|nt_jo|2|sъtvorjenьj
сирыи|A-|69470|sirъ|adj_hard|2|sir
осязати|V-|750015|osęgati|54|1|osęga
горе|I-|64676|goŕe||0|gorje
законодавьць|Nb|150758|zakonodavьkь|masc_o_PV3|2|zakonodavьk
чиститель|Nb|122464|čistiteĺь|masc_tel|2|čisti
сьрпъ|Nb|66784|sŕ̥pъ|masc_o|2|sŕ̥p
проповѣдь|Nb|68634|propovědь|fem_i|2|propověd
блажити|V-|67652|bolžiti|40|1|bolž
класъ|Nb|66246|kolsъ|masc_o|2|kols
почути|V-|82617|počuti|čuti|1|poču
женихъ|Nb|66062|ženixъ|masc_o|2|ženix
хранилище|Nb|67769|xornilišče|nt_jo|2|xornilišč
распудити|V-|69391|orspǫditi|40|1|orspǫd
въсхытити|V-|69340|vъsxytiti|40|1|vъsxyt
запустѣние|Nb|64409|zapustěnьje|nt_jo|2|zapustěnьj
сионовъ|A-|69429|sijonovъ|adj_hard|2|sijonov
увѣщати|V-|66224|uvěšћǢti|54|1|uvěstjǢ
удолѣти|V-|67286|udolěti|32|1|udol
перельстити|V-|64237|perlьstiti|40|1|perlьst
перебыти|V-|67496|perbyti|pref_byti|1|per
волочи|V-|69611|velћi|15|1|velk
тълкнути|V-|68697|tĺ̥knǫti|21|1|tĺ̥k
розбѣгнути|V-|65131|orzběgnǫti|21|1|orzběg
купльныи|A-|69207|kupĺьnъ|adj_hard|2|kupjьn
льстьць|Nb|69665|lьstьkь|masc_o_PV3|2|lьstьk
лъжии|A-|64736|lъžь|adj_soft|2|lъž
урѣзати|V-|750019|urězati|54|1|urěza
богатити|V-|67662|bogatiti|40|1|bogat
соромляти|V-|68897|sormĺǢti|54|1|sormjǢ
доколѣ|Du|65197|dokolě||0|dokolě
туне|Df|68220|tune||0|tune
осияти|V-|67328|osьjǢti|54|1|osьjǢ
обьчии|A-|73274|obьћь|adj_soft|2|obьtj
перестояти|V-|67613|perstojǢti|31|1|perstoj
пороздьныи|A-|67040|porzdьnъ|adj_hard|2|porzdьn
опроврѣщи|V-|69203|oproverћi|14|1|oprovŕ̥g
въсхытати|V-|67224|vъsxytati|54|1|vъsxyta
назьрѣти|V-|67959|nazьrěti|31|1|nazьr
таи|Df|69357|taji||0|taji
съсѣсти|V-|131149|sъsěsti|infix_11|1|sъsěd
простерети|V-|64138|prosterti|13|1|prost
биение|Nb|67157|bьjenьje|nt_jo|2|bьjenьj
обимати|V-|67984|obьmati|52_abl|1|obьm
прѣщедрыи|A-|122382|perščedrъ|adj_hard|2|perščedr
плути|V-|137280|pluti|uti|1|pl
лоза|Nb|69473|loza|fem_a|2|loz
разлучати|V-|65443|orzlǫčǢti|54|1|orzlǫčǢ
спудъ|Nb|66765|spǫdъ|masc_o|2|spǫd
прѣизлиха|Df|64444|per+jьzlixa||0|per+jьzlixa
цѣсарьскы|Df|138532|kěsaŕьsky||0|kěsarjьsky
тържьникъ|Nb|59099|tr̥žьnikъ|masc_o|2|tr̥žьnik
отъдание|Nb|69619|otъdanьje|nt_jo|2|otъdanьj
отрѣшити|V-|59291|otrěšiti|40|1|otrěš
отъвѣщавати|V-|65730|otъvěћǢvati|54|1|otъvětjǢva
възлежати|V-|64871|vъzležǢti|31|1|vъzlež
бъдрость|Nb|150795|bъdrostь|fem_i|2|bъdrost
истъргнути|V-|68743|jьstr̥gnǫti|21|1|jьstr̥g
посъпати|V-|151428|posъpati|sleep|1|po
пещьница|Nb|73328|peћьnika|fem_a_PV3|2|pektьnik
сѣчиво|Nb|151690|sěčivo|nt_o|2|sěčiv
икономъ|Nb|68847|ikonomъ|masc_o|2|ikonom
сънятие|Nb|64249|sъnętьje|nt_jo|2|sъnętьj
възгнѣтити|V-|69062|vъzgnětiti|40|1|vъzgnět
приставьникъ|Nb|67043|pristavьnikъ|masc_o|2|pristavьnik
сънѣдьныи|A-|69173|sъnědьnъ|adj_hard|2|sъnědьn
проречение|Nb|122379|prorečenьje|nt_jo|2|prorečenьj
невѣрьство|Nb|66300|nevěrьstvo|nt_o|2|nevěrьstv
правѣ|Df|68037|pravě||0|pravě
трѣба|Nb|68761|terba|fem_a|2|terb
затваряти|V-|67802|zatvaŕǢti|54|1|zatvaŕǢ
помести|V-|68626|pomesti|11|1|pomet
покывати|V-|65860|pokyvati|54|1|pokyva
сътъ|Nb|69175|sъtъ|masc_o|2|sъt
приразити|V-|67994|priraziti|40|1|priraz
заклинати|V-|59241|zaklinati|54|1|zaklina
окушати|V-|60001|okušǢti|54|1|okušǢ
въскрѣшение|Nb|60011|vъskrěšenьje|nt_jo|2|vъskrěšenьj
слѣпьць|Nb|65694|slěpьkь|masc_o_PV3|2|slěpьk
величити|V-|67648|veličiti|40|1|velič
възвѣяти|V-|69481|vъzvějǢti|53|1|vъzvěj
